
[1;34m▶ 检查前置条件[0m

[1;34m▶ 本次发布版本：v1.1.0（内部构建号 34）[0m

[1;34m▶ 生成 Xcode 工程并做 Release 构建[0m
Command line invocation:
    /Applications/Xcode.app/Contents/Developer/usr/bin/xcodebuild -project MacResourceMonitor.xcodeproj -scheme MacResourceMonitor -configuration Release -destination platform=macOS -derivedDataPath build/DerivedData -allowProvisioningUpdates build

Resolve Package Graph

Fetching from https://github.com/sparkle-project/Sparkle (cached)

Fetching from https://github.com/x0c/mac-kit-swift (cached)

Creating working copy of package ‘Sparkle’

Creating working copy of package ‘mac-kit-swift’

Checking out 0.1.4 of package ‘mac-kit-swift’

Checking out 2.9.6 of package ‘Sparkle’


Resolved source packages:
  Sparkle: https://github.com/sparkle-project/Sparkle @ 2.9.6
  MacKit: https://github.com/x0c/mac-kit-swift @ 0.1.4

--- xcodebuild: WARNING: Using the first of multiple matching destinations:
{ platform:macOS, arch:arm64, id:00006000-001868123AFA401E, name:My Mac }
{ platform:macOS, arch:x86_64, id:00006000-001868123AFA401E, name:My Mac }
ComputePackagePrebuildTargetDependencyGraph

Prepare packages

CreateBuildRequest

SendProjectDescription

CreateBuildOperation

ComputeTargetDependencyGraph
note: Building targets in dependency order
note: Target dependency graph (12 targets)
    Target 'MacResourceMonitor' in project 'MacResourceMonitor'
        ➜ Explicit dependency on target 'Sparkle' in project 'Sparkle'
        ➜ Explicit dependency on target 'MacKitCore' in project 'MacKit'
        ➜ Explicit dependency on target 'MacKitLaunchAtLogin' in project 'MacKit'
        ➜ Explicit dependency on target 'MacKitLifecycle' in project 'MacKit'
        ➜ Explicit dependency on target 'MacKitOverlay' in project 'MacKit'
        ➜ Explicit dependency on target 'MacKitUpdater' in project 'MacKit'
    Target 'MacKitUpdater' in project 'MacKit'
        ➜ Explicit dependency on target 'MacKitUpdater' in project 'MacKit'
        ➜ Explicit dependency on target 'MacKitCore' in project 'MacKit'
        ➜ Explicit dependency on target 'Sparkle' in project 'Sparkle'
    Target 'MacKitUpdater' in project 'MacKit'
        ➜ Explicit dependency on target 'MacKitCore' in project 'MacKit'
        ➜ Explicit dependency on target 'Sparkle' in project 'Sparkle'
    Target 'MacKitOverlay' in project 'MacKit'
        ➜ Explicit dependency on target 'MacKitOverlay' in project 'MacKit'
        ➜ Explicit dependency on target 'MacKitCore' in project 'MacKit'
    Target 'MacKitOverlay' in project 'MacKit'
        ➜ Explicit dependency on target 'MacKitCore' in project 'MacKit'
    Target 'MacKitLifecycle' in project 'MacKit'
        ➜ Explicit dependency on target 'MacKitLifecycle' in project 'MacKit'
    Target 'MacKitLifecycle' in project 'MacKit' (no dependencies)
    Target 'MacKitLaunchAtLogin' in project 'MacKit'
        ➜ Explicit dependency on target 'MacKitLaunchAtLogin' in project 'MacKit'
        ➜ Explicit dependency on target 'MacKitCore' in project 'MacKit'
    Target 'MacKitLaunchAtLogin' in project 'MacKit'
        ➜ Explicit dependency on target 'MacKitCore' in project 'MacKit'
    Target 'MacKitCore' in project 'MacKit'
        ➜ Explicit dependency on target 'MacKitCore' in project 'MacKit'
    Target 'MacKitCore' in project 'MacKit' (no dependencies)
    Target 'Sparkle' in project 'Sparkle' (no dependencies)

GatherProvisioningInputs

CreateBuildDescription

ExecuteExternalTool /Applications/Xcode.app/Contents/Developer/Toolchains/XcodeDefault.xctoolchain/usr/bin/swiftc --version

ExecuteExternalTool /Applications/Xcode.app/Contents/Developer/Toolchains/XcodeDefault.xctoolchain/usr/bin/clang -v -E -dM -isysroot /Applications/Xcode.app/Contents/Developer/Platforms/MacOSX.platform/Developer/SDKs/MacOSX26.2.sdk -x c -c /dev/null

ExecuteExternalTool /Applications/Xcode.app/Contents/Developer/usr/bin/actool --version --output-format xml1

ExecuteExternalTool /Applications/Xcode.app/Contents/Developer/Toolchains/XcodeDefault.xctoolchain/usr/bin/ld -version_details

ExecuteExternalTool /Applications/Xcode.app/Contents/Developer/usr/bin/xcstringstool compile --dry-run --output-directory /Users/geraltgraham/Codes/CPUKiller/app-macos/build/DerivedData/Build/Intermediates.noindex/MacResourceMonitor.build/Release/MacResourceMonitor.build /Users/geraltgraham/Codes/CPUKiller/app-macos/MacResourceMonitor/Localizable.xcstrings

Build description signature: 4aaf42304f68b66a47c2334429e6413f
Build description path: /Users/geraltgraham/Codes/CPUKiller/app-macos/build/DerivedData/Build/Intermediates.noindex/XCBuildData/4aaf42304f68b66a47c2334429e6413f.xcbuilddata
ClangStatCache /Applications/Xcode.app/Contents/Developer/Toolchains/XcodeDefault.xctoolchain/usr/bin/clang-stat-cache /Applications/Xcode.app/Contents/Developer/Platforms/MacOSX.platform/Developer/SDKs/MacOSX26.2.sdk /Users/geraltgraham/Codes/CPUKiller/app-macos/build/DerivedData/SDKStatCaches.noindex/macosx26.2-25C58-e8867d0c40613ffc63e0238af232dc5000fa09913b459cbbc988d1f6730289ae.sdkstatcache
    cd /Users/geraltgraham/Codes/CPUKiller/app-macos/MacResourceMonitor.xcodeproj
    /Applications/Xcode.app/Contents/Developer/Toolchains/XcodeDefault.xctoolchain/usr/bin/clang-stat-cache /Applications/Xcode.app/Contents/Developer/Platforms/MacOSX.platform/Developer/SDKs/MacOSX26.2.sdk -o /Users/geraltgraham/Codes/CPUKiller/app-macos/build/DerivedData/SDKStatCaches.noindex/macosx26.2-25C58-e8867d0c40613ffc63e0238af232dc5000fa09913b459cbbc988d1f6730289ae.sdkstatcache

CreateBuildDirectory /Users/geraltgraham/Codes/CPUKiller/app-macos/build/DerivedData/Build/Products
    cd /Users/geraltgraham/Codes/CPUKiller/app-macos/MacResourceMonitor.xcodeproj
    builtin-create-build-directory /Users/geraltgraham/Codes/CPUKiller/app-macos/build/DerivedData/Build/Products

CreateBuildDirectory /Users/geraltgraham/Codes/CPUKiller/app-macos/build/DerivedData/Build/Intermediates.noindex
    cd /Users/geraltgraham/Codes/CPUKiller/app-macos/MacResourceMonitor.xcodeproj
    builtin-create-build-directory /Users/geraltgraham/Codes/CPUKiller/app-macos/build/DerivedData/Build/Intermediates.noindex

CreateBuildDirectory /Users/geraltgraham/Codes/CPUKiller/app-macos/build/DerivedData/Build/Products/Release
    cd /Users/geraltgraham/Codes/CPUKiller/app-macos/MacResourceMonitor.xcodeproj
    builtin-create-build-directory /Users/geraltgraham/Codes/CPUKiller/app-macos/build/DerivedData/Build/Products/Release

CreateBuildDirectory /Users/geraltgraham/Codes/CPUKiller/app-macos/build/DerivedData/Build/Intermediates.noindex/SwiftExplicitPrecompiledModules
    cd /Users/geraltgraham/Codes/CPUKiller/app-macos/MacResourceMonitor.xcodeproj
    builtin-create-build-directory /Users/geraltgraham/Codes/CPUKiller/app-macos/build/DerivedData/Build/Intermediates.noindex/SwiftExplicitPrecompiledModules

WriteAuxiliaryFile /Users/geraltgraham/Codes/CPUKiller/app-macos/build/DerivedData/Build/Intermediates.noindex/MacResourceMonitor.build/Release/MacResourceMonitor-a1684bb79aec471112787f9950c9c927-VFS/all-product-headers.yaml
    cd /Users/geraltgraham/Codes/CPUKiller/app-macos/MacResourceMonitor.xcodeproj
    write-file /Users/geraltgraham/Codes/CPUKiller/app-macos/build/DerivedData/Build/Intermediates.noindex/MacResourceMonitor.build/Release/MacResourceMonitor-a1684bb79aec471112787f9950c9c927-VFS/all-product-headers.yaml

CreateBuildDirectory /Users/geraltgraham/Codes/CPUKiller/app-macos/build/DerivedData/Build/Intermediates.noindex/ExplicitPrecompiledModules
    cd /Users/geraltgraham/Codes/CPUKiller/app-macos/MacResourceMonitor.xcodeproj
    builtin-create-build-directory /Users/geraltgraham/Codes/CPUKiller/app-macos/build/DerivedData/Build/Intermediates.noindex/ExplicitPrecompiledModules

CreateBuildDirectory /Users/geraltgraham/Codes/CPUKiller/app-macos/build/DerivedData/Build/Intermediates.noindex/EagerLinkingTBDs/Release
    cd /Users/geraltgraham/Codes/CPUKiller/app-macos/MacResourceMonitor.xcodeproj
    builtin-create-build-directory /Users/geraltgraham/Codes/CPUKiller/app-macos/build/DerivedData/Build/Intermediates.noindex/EagerLinkingTBDs/Release

CreateBuildDirectory /Users/geraltgraham/Codes/CPUKiller/app-macos/build/DerivedData/Build/Products/Release/PackageFrameworks
    cd /Users/geraltgraham/Codes/CPUKiller/app-macos/MacResourceMonitor.xcodeproj
    builtin-create-build-directory /Users/geraltgraham/Codes/CPUKiller/app-macos/build/DerivedData/Build/Products/Release/PackageFrameworks

WriteAuxiliaryFile /Users/geraltgraham/Codes/CPUKiller/app-macos/build/DerivedData/Build/Intermediates.noindex/MacKit.build/Release/MacKitOverlay.build/Objects-normal/x86_64/MacKitOverlay.LinkFileList (in target 'MacKitOverlay' from project 'MacKit')
    cd /Users/geraltgraham/Codes/CPUKiller/app-macos/build/DerivedData/SourcePackages/checkouts/mac-kit-swift
    write-file /Users/geraltgraham/Codes/CPUKiller/app-macos/build/DerivedData/Build/Intermediates.noindex/MacKit.build/Release/MacKitOverlay.build/Objects-normal/x86_64/MacKitOverlay.LinkFileList

WriteAuxiliaryFile /Users/geraltgraham/Codes/CPUKiller/app-macos/build/DerivedData/Build/Intermediates.noindex/MacKit.build/Release/MacKitOverlay.build/Objects-normal/x86_64/MacKitOverlay.SwiftFileList (in target 'MacKitOverlay' from project 'MacKit')
    cd /Users/geraltgraham/Codes/CPUKiller/app-macos/build/DerivedData/SourcePackages/checkouts/mac-kit-swift
    write-file /Users/geraltgraham/Codes/CPUKiller/app-macos/build/DerivedData/Build/Intermediates.noindex/MacKit.build/Release/MacKitOverlay.build/Objects-normal/x86_64/MacKitOverlay.SwiftFileList

WriteAuxiliaryFile /Users/geraltgraham/Codes/CPUKiller/app-macos/build/DerivedData/Build/Intermediates.noindex/MacKit.build/Release/MacKitOverlay.build/Objects-normal/x86_64/MacKitOverlay.SwiftConstValuesFileList (in target 'MacKitOverlay' from project 'MacKit')
    cd /Users/geraltgraham/Codes/CPUKiller/app-macos/build/DerivedData/SourcePackages/checkouts/mac-kit-swift
    write-file /Users/geraltgraham/Codes/CPUKiller/app-macos/build/DerivedData/Build/Intermediates.noindex/MacKit.build/Release/MacKitOverlay.build/Objects-normal/x86_64/MacKitOverlay.SwiftConstValuesFileList

WriteAuxiliaryFile /Users/geraltgraham/Codes/CPUKiller/app-macos/build/DerivedData/Build/Intermediates.noindex/MacKit.build/Release/MacKitOverlay.build/Objects-normal/x86_64/MacKitOverlay-OutputFileMap.json (in target 'MacKitOverlay' from project 'MacKit')
    cd /Users/geraltgraham/Codes/CPUKiller/app-macos/build/DerivedData/SourcePackages/checkouts/mac-kit-swift
    write-file /Users/geraltgraham/Codes/CPUKiller/app-macos/build/DerivedData/Build/Intermediates.noindex/MacKit.build/Release/MacKitOverlay.build/Objects-normal/x86_64/MacKitOverlay-OutputFileMap.json

WriteAuxiliaryFile /Users/geraltgraham/Codes/CPUKiller/app-macos/build/DerivedData/Build/Intermediates.noindex/MacKit.build/Release/MacKitOverlay.build/Objects-normal/arm64/MacKitOverlay_const_extract_protocols.json (in target 'MacKitOverlay' from project 'MacKit')
    cd /Users/geraltgraham/Codes/CPUKiller/app-macos/build/DerivedData/SourcePackages/checkouts/mac-kit-swift
    write-file /Users/geraltgraham/Codes/CPUKiller/app-macos/build/DerivedData/Build/Intermediates.noindex/MacKit.build/Release/MacKitOverlay.build/Objects-normal/arm64/MacKitOverlay_const_extract_protocols.json

WriteAuxiliaryFile /Users/geraltgraham/Codes/CPUKiller/app-macos/build/DerivedData/Build/Intermediates.noindex/MacKit.build/Release/MacKitOverlay.build/Objects-normal/x86_64/MacKitOverlay_const_extract_protocols.json (in target 'MacKitOverlay' from project 'MacKit')
    cd /Users/geraltgraham/Codes/CPUKiller/app-macos/build/DerivedData/SourcePackages/checkouts/mac-kit-swift
    write-file /Users/geraltgraham/Codes/CPUKiller/app-macos/build/DerivedData/Build/Intermediates.noindex/MacKit.build/Release/MacKitOverlay.build/Objects-normal/x86_64/MacKitOverlay_const_extract_protocols.json

WriteAuxiliaryFile /Users/geraltgraham/Codes/CPUKiller/app-macos/build/DerivedData/Build/Intermediates.noindex/MacKit.build/Release/MacKitOverlay.build/Objects-normal/arm64/MacKitOverlay.SwiftFileList (in target 'MacKitOverlay' from project 'MacKit')
    cd /Users/geraltgraham/Codes/CPUKiller/app-macos/build/DerivedData/SourcePackages/checkouts/mac-kit-swift
    write-file /Users/geraltgraham/Codes/CPUKiller/app-macos/build/DerivedData/Build/Intermediates.noindex/MacKit.build/Release/MacKitOverlay.build/Objects-normal/arm64/MacKitOverlay.SwiftFileList

WriteAuxiliaryFile /Users/geraltgraham/Codes/CPUKiller/app-macos/build/DerivedData/Build/Intermediates.noindex/MacKit.build/Release/MacKitOverlay.build/Objects-normal/arm64/MacKitOverlay.LinkFileList (in target 'MacKitOverlay' from project 'MacKit')
    cd /Users/geraltgraham/Codes/CPUKiller/app-macos/build/DerivedData/SourcePackages/checkouts/mac-kit-swift
    write-file /Users/geraltgraham/Codes/CPUKiller/app-macos/build/DerivedData/Build/Intermediates.noindex/MacKit.build/Release/MacKitOverlay.build/Objects-normal/arm64/MacKitOverlay.LinkFileList

WriteAuxiliaryFile /Users/geraltgraham/Codes/CPUKiller/app-macos/build/DerivedData/Build/Intermediates.noindex/MacKit.build/Release/MacKitOverlay.build/Objects-normal/arm64/MacKitOverlay.SwiftConstValuesFileList (in target 'MacKitOverlay' from project 'MacKit')
    cd /Users/geraltgraham/Codes/CPUKiller/app-macos/build/DerivedData/SourcePackages/checkouts/mac-kit-swift
    write-file /Users/geraltgraham/Codes/CPUKiller/app-macos/build/DerivedData/Build/Intermediates.noindex/MacKit.build/Release/MacKitOverlay.build/Objects-normal/arm64/MacKitOverlay.SwiftConstValuesFileList

WriteAuxiliaryFile /Users/geraltgraham/Codes/CPUKiller/app-macos/build/DerivedData/Build/Intermediates.noindex/MacKit.build/Release/MacKitOverlay.build/Objects-normal/arm64/MacKitOverlay-OutputFileMap.json (in target 'MacKitOverlay' from project 'MacKit')
    cd /Users/geraltgraham/Codes/CPUKiller/app-macos/build/DerivedData/SourcePackages/checkouts/mac-kit-swift
    write-file /Users/geraltgraham/Codes/CPUKiller/app-macos/build/DerivedData/Build/Intermediates.noindex/MacKit.build/Release/MacKitOverlay.build/Objects-normal/arm64/MacKitOverlay-OutputFileMap.json

WriteAuxiliaryFile /Users/geraltgraham/Codes/CPUKiller/app-macos/build/DerivedData/Build/Intermediates.noindex/MacKit.build/Release/MacKitOverlay.build/MacKitOverlay.modulemap (in target 'MacKitOverlay' from project 'MacKit')
    cd /Users/geraltgraham/Codes/CPUKiller/app-macos/build/DerivedData/SourcePackages/checkouts/mac-kit-swift
    write-file /Users/geraltgraham/Codes/CPUKiller/app-macos/build/DerivedData/Build/Intermediates.noindex/MacKit.build/Release/MacKitOverlay.build/MacKitOverlay.modulemap

WriteAuxiliaryFile /Users/geraltgraham/Codes/CPUKiller/app-macos/build/DerivedData/Build/Intermediates.noindex/MacKit.build/Release/MacKitOverlay.build/MacKitOverlay.DependencyStaticMetadataFileList (in target 'MacKitOverlay' from project 'MacKit')
    cd /Users/geraltgraham/Codes/CPUKiller/app-macos/build/DerivedData/SourcePackages/checkouts/mac-kit-swift
    write-file /Users/geraltgraham/Codes/CPUKiller/app-macos/build/DerivedData/Build/Intermediates.noindex/MacKit.build/Release/MacKitOverlay.build/MacKitOverlay.DependencyStaticMetadataFileList

WriteAuxiliaryFile /Users/geraltgraham/Codes/CPUKiller/app-macos/build/DerivedData/Build/Intermediates.noindex/MacKit.build/Release/MacKitOverlay.build/MacKitOverlay.DependencyMetadataFileList (in target 'MacKitOverlay' from project 'MacKit')
    cd /Users/geraltgraham/Codes/CPUKiller/app-macos/build/DerivedData/SourcePackages/checkouts/mac-kit-swift
    write-file /Users/geraltgraham/Codes/CPUKiller/app-macos/build/DerivedData/Build/Intermediates.noindex/MacKit.build/Release/MacKitOverlay.build/MacKitOverlay.DependencyMetadataFileList

WriteAuxiliaryFile /Users/geraltgraham/Codes/CPUKiller/app-macos/build/DerivedData/Build/Intermediates.noindex/MacKit.build/Release/MacKitLifecycle.build/Objects-normal/x86_64/MacKitLifecycle_const_extract_protocols.json (in target 'MacKitLifecycle' from project 'MacKit')
    cd /Users/geraltgraham/Codes/CPUKiller/app-macos/build/DerivedData/SourcePackages/checkouts/mac-kit-swift
    write-file /Users/geraltgraham/Codes/CPUKiller/app-macos/build/DerivedData/Build/Intermediates.noindex/MacKit.build/Release/MacKitLifecycle.build/Objects-normal/x86_64/MacKitLifecycle_const_extract_protocols.json

WriteAuxiliaryFile /Users/geraltgraham/Codes/CPUKiller/app-macos/build/DerivedData/Build/Intermediates.noindex/MacKit.build/Release/MacKitLifecycle.build/Objects-normal/x86_64/MacKitLifecycle.SwiftFileList (in target 'MacKitLifecycle' from project 'MacKit')
    cd /Users/geraltgraham/Codes/CPUKiller/app-macos/build/DerivedData/SourcePackages/checkouts/mac-kit-swift
    write-file /Users/geraltgraham/Codes/CPUKiller/app-macos/build/DerivedData/Build/Intermediates.noindex/MacKit.build/Release/MacKitLifecycle.build/Objects-normal/x86_64/MacKitLifecycle.SwiftFileList

WriteAuxiliaryFile /Users/geraltgraham/Codes/CPUKiller/app-macos/build/DerivedData/Build/Intermediates.noindex/MacKit.build/Release/MacKitLifecycle.build/Objects-normal/x86_64/MacKitLifecycle.SwiftConstValuesFileList (in target 'MacKitLifecycle' from project 'MacKit')
    cd /Users/geraltgraham/Codes/CPUKiller/app-macos/build/DerivedData/SourcePackages/checkouts/mac-kit-swift
    write-file /Users/geraltgraham/Codes/CPUKiller/app-macos/build/DerivedData/Build/Intermediates.noindex/MacKit.build/Release/MacKitLifecycle.build/Objects-normal/x86_64/MacKitLifecycle.SwiftConstValuesFileList

WriteAuxiliaryFile /Users/geraltgraham/Codes/CPUKiller/app-macos/build/DerivedData/Build/Intermediates.noindex/MacKit.build/Release/MacKitLifecycle.build/Objects-normal/x86_64/MacKitLifecycle.LinkFileList (in target 'MacKitLifecycle' from project 'MacKit')
    cd /Users/geraltgraham/Codes/CPUKiller/app-macos/build/DerivedData/SourcePackages/checkouts/mac-kit-swift
    write-file /Users/geraltgraham/Codes/CPUKiller/app-macos/build/DerivedData/Build/Intermediates.noindex/MacKit.build/Release/MacKitLifecycle.build/Objects-normal/x86_64/MacKitLifecycle.LinkFileList

WriteAuxiliaryFile /Users/geraltgraham/Codes/CPUKiller/app-macos/build/DerivedData/Build/Intermediates.noindex/MacKit.build/Release/MacKitLifecycle.build/Objects-normal/x86_64/MacKitLifecycle-OutputFileMap.json (in target 'MacKitLifecycle' from project 'MacKit')
    cd /Users/geraltgraham/Codes/CPUKiller/app-macos/build/DerivedData/SourcePackages/checkouts/mac-kit-swift
    write-file /Users/geraltgraham/Codes/CPUKiller/app-macos/build/DerivedData/Build/Intermediates.noindex/MacKit.build/Release/MacKitLifecycle.build/Objects-normal/x86_64/MacKitLifecycle-OutputFileMap.json

WriteAuxiliaryFile /Users/geraltgraham/Codes/CPUKiller/app-macos/build/DerivedData/Build/Intermediates.noindex/MacKit.build/Release/MacKitLifecycle.build/Objects-normal/arm64/MacKitLifecycle.SwiftFileList (in target 'MacKitLifecycle' from project 'MacKit')
    cd /Users/geraltgraham/Codes/CPUKiller/app-macos/build/DerivedData/SourcePackages/checkouts/mac-kit-swift
    write-file /Users/geraltgraham/Codes/CPUKiller/app-macos/build/DerivedData/Build/Intermediates.noindex/MacKit.build/Release/MacKitLifecycle.build/Objects-normal/arm64/MacKitLifecycle.SwiftFileList

WriteAuxiliaryFile /Users/geraltgraham/Codes/CPUKiller/app-macos/build/DerivedData/Build/Intermediates.noindex/MacKit.build/Release/MacKitLifecycle.build/Objects-normal/arm64/MacKitLifecycle_const_extract_protocols.json (in target 'MacKitLifecycle' from project 'MacKit')
    cd /Users/geraltgraham/Codes/CPUKiller/app-macos/build/DerivedData/SourcePackages/checkouts/mac-kit-swift
    write-file /Users/geraltgraham/Codes/CPUKiller/app-macos/build/DerivedData/Build/Intermediates.noindex/MacKit.build/Release/MacKitLifecycle.build/Objects-normal/arm64/MacKitLifecycle_const_extract_protocols.json

WriteAuxiliaryFile /Users/geraltgraham/Codes/CPUKiller/app-macos/build/DerivedData/Build/Intermediates.noindex/MacKit.build/Release/MacKitLifecycle.build/Objects-normal/arm64/MacKitLifecycle.SwiftConstValuesFileList (in target 'MacKitLifecycle' from project 'MacKit')
    cd /Users/geraltgraham/Codes/CPUKiller/app-macos/build/DerivedData/SourcePackages/checkouts/mac-kit-swift
    write-file /Users/geraltgraham/Codes/CPUKiller/app-macos/build/DerivedData/Build/Intermediates.noindex/MacKit.build/Release/MacKitLifecycle.build/Objects-normal/arm64/MacKitLifecycle.SwiftConstValuesFileList

WriteAuxiliaryFile /Users/geraltgraham/Codes/CPUKiller/app-macos/build/DerivedData/Build/Intermediates.noindex/MacKit.build/Release/MacKitLifecycle.build/Objects-normal/arm64/MacKitLifecycle.LinkFileList (in target 'MacKitLifecycle' from project 'MacKit')
    cd /Users/geraltgraham/Codes/CPUKiller/app-macos/build/DerivedData/SourcePackages/checkouts/mac-kit-swift
    write-file /Users/geraltgraham/Codes/CPUKiller/app-macos/build/DerivedData/Build/Intermediates.noindex/MacKit.build/Release/MacKitLifecycle.build/Objects-normal/arm64/MacKitLifecycle.LinkFileList

WriteAuxiliaryFile /Users/geraltgraham/Codes/CPUKiller/app-macos/build/DerivedData/Build/Intermediates.noindex/MacKit.build/Release/MacKitLifecycle.build/Objects-normal/arm64/MacKitLifecycle-OutputFileMap.json (in target 'MacKitLifecycle' from project 'MacKit')
    cd /Users/geraltgraham/Codes/CPUKiller/app-macos/build/DerivedData/SourcePackages/checkouts/mac-kit-swift
    write-file /Users/geraltgraham/Codes/CPUKiller/app-macos/build/DerivedData/Build/Intermediates.noindex/MacKit.build/Release/MacKitLifecycle.build/Objects-normal/arm64/MacKitLifecycle-OutputFileMap.json

WriteAuxiliaryFile /Users/geraltgraham/Codes/CPUKiller/app-macos/build/DerivedData/Build/Intermediates.noindex/MacKit.build/Release/MacKitLifecycle.build/MacKitLifecycle.modulemap (in target 'MacKitLifecycle' from project 'MacKit')
    cd /Users/geraltgraham/Codes/CPUKiller/app-macos/build/DerivedData/SourcePackages/checkouts/mac-kit-swift
    write-file /Users/geraltgraham/Codes/CPUKiller/app-macos/build/DerivedData/Build/Intermediates.noindex/MacKit.build/Release/MacKitLifecycle.build/MacKitLifecycle.modulemap

WriteAuxiliaryFile /Users/geraltgraham/Codes/CPUKiller/app-macos/build/DerivedData/Build/Intermediates.noindex/MacKit.build/Release/MacKitLifecycle.build/MacKitLifecycle.DependencyStaticMetadataFileList (in target 'MacKitLifecycle' from project 'MacKit')
    cd /Users/geraltgraham/Codes/CPUKiller/app-macos/build/DerivedData/SourcePackages/checkouts/mac-kit-swift
    write-file /Users/geraltgraham/Codes/CPUKiller/app-macos/build/DerivedData/Build/Intermediates.noindex/MacKit.build/Release/MacKitLifecycle.build/MacKitLifecycle.DependencyStaticMetadataFileList

WriteAuxiliaryFile /Users/geraltgraham/Codes/CPUKiller/app-macos/build/DerivedData/Build/Intermediates.noindex/MacKit.build/Release/MacKitLifecycle.build/MacKitLifecycle.DependencyMetadataFileList (in target 'MacKitLifecycle' from project 'MacKit')
    cd /Users/geraltgraham/Codes/CPUKiller/app-macos/build/DerivedData/SourcePackages/checkouts/mac-kit-swift
    write-file /Users/geraltgraham/Codes/CPUKiller/app-macos/build/DerivedData/Build/Intermediates.noindex/MacKit.build/Release/MacKitLifecycle.build/MacKitLifecycle.DependencyMetadataFileList

WriteAuxiliaryFile /Users/geraltgraham/Codes/CPUKiller/app-macos/build/DerivedData/Build/Intermediates.noindex/MacKit.build/Release/MacKitLaunchAtLogin.build/Objects-normal/x86_64/MacKitLaunchAtLogin_const_extract_protocols.json (in target 'MacKitLaunchAtLogin' from project 'MacKit')
    cd /Users/geraltgraham/Codes/CPUKiller/app-macos/build/DerivedData/SourcePackages/checkouts/mac-kit-swift
    write-file /Users/geraltgraham/Codes/CPUKiller/app-macos/build/DerivedData/Build/Intermediates.noindex/MacKit.build/Release/MacKitLaunchAtLogin.build/Objects-normal/x86_64/MacKitLaunchAtLogin_const_extract_protocols.json

WriteAuxiliaryFile /Users/geraltgraham/Codes/CPUKiller/app-macos/build/DerivedData/Build/Intermediates.noindex/MacKit.build/Release/MacKitLaunchAtLogin.build/Objects-normal/x86_64/MacKitLaunchAtLogin.SwiftFileList (in target 'MacKitLaunchAtLogin' from project 'MacKit')
    cd /Users/geraltgraham/Codes/CPUKiller/app-macos/build/DerivedData/SourcePackages/checkouts/mac-kit-swift
    write-file /Users/geraltgraham/Codes/CPUKiller/app-macos/build/DerivedData/Build/Intermediates.noindex/MacKit.build/Release/MacKitLaunchAtLogin.build/Objects-normal/x86_64/MacKitLaunchAtLogin.SwiftFileList

Copy /Users/geraltgraham/Codes/CPUKiller/app-macos/build/DerivedData/Build/Intermediates.noindex/GeneratedModuleMaps/MacKitOverlay.modulemap /Users/geraltgraham/Codes/CPUKiller/app-macos/build/DerivedData/Build/Intermediates.noindex/MacKit.build/Release/MacKitOverlay.build/MacKitOverlay.modulemap (in target 'MacKitOverlay' from project 'MacKit')
    cd /Users/geraltgraham/Codes/CPUKiller/app-macos/build/DerivedData/SourcePackages/checkouts/mac-kit-swift
    builtin-copy -exclude .DS_Store -exclude CVS -exclude .svn -exclude .git -exclude .hg -strip-unsigned-binaries -strip-deterministic -strip-tool /Applications/Xcode.app/Contents/Developer/Toolchains/XcodeDefault.xctoolchain/usr/bin/strip -resolve-src-symlinks /Users/geraltgraham/Codes/CPUKiller/app-macos/build/DerivedData/Build/Intermediates.noindex/MacKit.build/Release/MacKitOverlay.build/MacKitOverlay.modulemap /Users/geraltgraham/Codes/CPUKiller/app-macos/build/DerivedData/Build/Intermediates.noindex/GeneratedModuleMaps

WriteAuxiliaryFile /Users/geraltgraham/Codes/CPUKiller/app-macos/build/DerivedData/Build/Intermediates.noindex/MacKit.build/Release/MacKitLaunchAtLogin.build/Objects-normal/x86_64/MacKitLaunchAtLogin.SwiftConstValuesFileList (in target 'MacKitLaunchAtLogin' from project 'MacKit')
    cd /Users/geraltgraham/Codes/CPUKiller/app-macos/build/DerivedData/SourcePackages/checkouts/mac-kit-swift
    write-file /Users/geraltgraham/Codes/CPUKiller/app-macos/build/DerivedData/Build/Intermediates.noindex/MacKit.build/Release/MacKitLaunchAtLogin.build/Objects-normal/x86_64/MacKitLaunchAtLogin.SwiftConstValuesFileList

WriteAuxiliaryFile /Users/geraltgraham/Codes/CPUKiller/app-macos/build/DerivedData/Build/Intermediates.noindex/MacKit.build/Release/MacKitLaunchAtLogin.build/Objects-normal/x86_64/MacKitLaunchAtLogin-OutputFileMap.json (in target 'MacKitLaunchAtLogin' from project 'MacKit')
    cd /Users/geraltgraham/Codes/CPUKiller/app-macos/build/DerivedData/SourcePackages/checkouts/mac-kit-swift
    write-file /Users/geraltgraham/Codes/CPUKiller/app-macos/build/DerivedData/Build/Intermediates.noindex/MacKit.build/Release/MacKitLaunchAtLogin.build/Objects-normal/x86_64/MacKitLaunchAtLogin-OutputFileMap.json

WriteAuxiliaryFile /Users/geraltgraham/Codes/CPUKiller/app-macos/build/DerivedData/Build/Intermediates.noindex/MacKit.build/Release/MacKitLaunchAtLogin.build/Objects-normal/x86_64/MacKitLaunchAtLogin.LinkFileList (in target 'MacKitLaunchAtLogin' from project 'MacKit')
    cd /Users/geraltgraham/Codes/CPUKiller/app-macos/build/DerivedData/SourcePackages/checkouts/mac-kit-swift
    write-file /Users/geraltgraham/Codes/CPUKiller/app-macos/build/DerivedData/Build/Intermediates.noindex/MacKit.build/Release/MacKitLaunchAtLogin.build/Objects-normal/x86_64/MacKitLaunchAtLogin.LinkFileList

WriteAuxiliaryFile /Users/geraltgraham/Codes/CPUKiller/app-macos/build/DerivedData/Build/Intermediates.noindex/MacKit.build/Release/MacKitLaunchAtLogin.build/Objects-normal/arm64/MacKitLaunchAtLogin_const_extract_protocols.json (in target 'MacKitLaunchAtLogin' from project 'MacKit')
    cd /Users/geraltgraham/Codes/CPUKiller/app-macos/build/DerivedData/SourcePackages/checkouts/mac-kit-swift
    write-file /Users/geraltgraham/Codes/CPUKiller/app-macos/build/DerivedData/Build/Intermediates.noindex/MacKit.build/Release/MacKitLaunchAtLogin.build/Objects-normal/arm64/MacKitLaunchAtLogin_const_extract_protocols.json

WriteAuxiliaryFile /Users/geraltgraham/Codes/CPUKiller/app-macos/build/DerivedData/Build/Intermediates.noindex/MacKit.build/Release/MacKitLaunchAtLogin.build/Objects-normal/arm64/MacKitLaunchAtLogin.SwiftFileList (in target 'MacKitLaunchAtLogin' from project 'MacKit')
    cd /Users/geraltgraham/Codes/CPUKiller/app-macos/build/DerivedData/SourcePackages/checkouts/mac-kit-swift
    write-file /Users/geraltgraham/Codes/CPUKiller/app-macos/build/DerivedData/Build/Intermediates.noindex/MacKit.build/Release/MacKitLaunchAtLogin.build/Objects-normal/arm64/MacKitLaunchAtLogin.SwiftFileList

WriteAuxiliaryFile /Users/geraltgraham/Codes/CPUKiller/app-macos/build/DerivedData/Build/Intermediates.noindex/MacKit.build/Release/MacKitLaunchAtLogin.build/Objects-normal/arm64/MacKitLaunchAtLogin.SwiftConstValuesFileList (in target 'MacKitLaunchAtLogin' from project 'MacKit')
    cd /Users/geraltgraham/Codes/CPUKiller/app-macos/build/DerivedData/SourcePackages/checkouts/mac-kit-swift
    write-file /Users/geraltgraham/Codes/CPUKiller/app-macos/build/DerivedData/Build/Intermediates.noindex/MacKit.build/Release/MacKitLaunchAtLogin.build/Objects-normal/arm64/MacKitLaunchAtLogin.SwiftConstValuesFileList

Copy /Users/geraltgraham/Codes/CPUKiller/app-macos/build/DerivedData/Build/Intermediates.noindex/GeneratedModuleMaps/MacKitLifecycle.modulemap /Users/geraltgraham/Codes/CPUKiller/app-macos/build/DerivedData/Build/Intermediates.noindex/MacKit.build/Release/MacKitLifecycle.build/MacKitLifecycle.modulemap (in target 'MacKitLifecycle' from project 'MacKit')
    cd /Users/geraltgraham/Codes/CPUKiller/app-macos/build/DerivedData/SourcePackages/checkouts/mac-kit-swift
    builtin-copy -exclude .DS_Store -exclude CVS -exclude .svn -exclude .git -exclude .hg -strip-unsigned-binaries -strip-deterministic -strip-tool /Applications/Xcode.app/Contents/Developer/Toolchains/XcodeDefault.xctoolchain/usr/bin/strip -resolve-src-symlinks /Users/geraltgraham/Codes/CPUKiller/app-macos/build/DerivedData/Build/Intermediates.noindex/MacKit.build/Release/MacKitLifecycle.build/MacKitLifecycle.modulemap /Users/geraltgraham/Codes/CPUKiller/app-macos/build/DerivedData/Build/Intermediates.noindex/GeneratedModuleMaps

WriteAuxiliaryFile /Users/geraltgraham/Codes/CPUKiller/app-macos/build/DerivedData/Build/Intermediates.noindex/MacKit.build/Release/MacKitLaunchAtLogin.build/Objects-normal/arm64/MacKitLaunchAtLogin.LinkFileList (in target 'MacKitLaunchAtLogin' from project 'MacKit')
    cd /Users/geraltgraham/Codes/CPUKiller/app-macos/build/DerivedData/SourcePackages/checkouts/mac-kit-swift
    write-file /Users/geraltgraham/Codes/CPUKiller/app-macos/build/DerivedData/Build/Intermediates.noindex/MacKit.build/Release/MacKitLaunchAtLogin.build/Objects-normal/arm64/MacKitLaunchAtLogin.LinkFileList

WriteAuxiliaryFile /Users/geraltgraham/Codes/CPUKiller/app-macos/build/DerivedData/Build/Intermediates.noindex/MacKit.build/Release/MacKitLaunchAtLogin.build/Objects-normal/arm64/MacKitLaunchAtLogin-OutputFileMap.json (in target 'MacKitLaunchAtLogin' from project 'MacKit')
    cd /Users/geraltgraham/Codes/CPUKiller/app-macos/build/DerivedData/SourcePackages/checkouts/mac-kit-swift
    write-file /Users/geraltgraham/Codes/CPUKiller/app-macos/build/DerivedData/Build/Intermediates.noindex/MacKit.build/Release/MacKitLaunchAtLogin.build/Objects-normal/arm64/MacKitLaunchAtLogin-OutputFileMap.json

WriteAuxiliaryFile /Users/geraltgraham/Codes/CPUKiller/app-macos/build/DerivedData/Build/Intermediates.noindex/MacKit.build/Release/MacKitLaunchAtLogin.build/MacKitLaunchAtLogin.modulemap (in target 'MacKitLaunchAtLogin' from project 'MacKit')
    cd /Users/geraltgraham/Codes/CPUKiller/app-macos/build/DerivedData/SourcePackages/checkouts/mac-kit-swift
    write-file /Users/geraltgraham/Codes/CPUKiller/app-macos/build/DerivedData/Build/Intermediates.noindex/MacKit.build/Release/MacKitLaunchAtLogin.build/MacKitLaunchAtLogin.modulemap

WriteAuxiliaryFile /Users/geraltgraham/Codes/CPUKiller/app-macos/build/DerivedData/Build/Intermediates.noindex/MacKit.build/Release/MacKitLaunchAtLogin.build/MacKitLaunchAtLogin.DependencyStaticMetadataFileList (in target 'MacKitLaunchAtLogin' from project 'MacKit')
    cd /Users/geraltgraham/Codes/CPUKiller/app-macos/build/DerivedData/SourcePackages/checkouts/mac-kit-swift
    write-file /Users/geraltgraham/Codes/CPUKiller/app-macos/build/DerivedData/Build/Intermediates.noindex/MacKit.build/Release/MacKitLaunchAtLogin.build/MacKitLaunchAtLogin.DependencyStaticMetadataFileList

WriteAuxiliaryFile /Users/geraltgraham/Codes/CPUKiller/app-macos/build/DerivedData/Build/Intermediates.noindex/MacKit.build/Release/MacKitLaunchAtLogin.build/MacKitLaunchAtLogin.DependencyMetadataFileList (in target 'MacKitLaunchAtLogin' from project 'MacKit')
    cd /Users/geraltgraham/Codes/CPUKiller/app-macos/build/DerivedData/SourcePackages/checkouts/mac-kit-swift
    write-file /Users/geraltgraham/Codes/CPUKiller/app-macos/build/DerivedData/Build/Intermediates.noindex/MacKit.build/Release/MacKitLaunchAtLogin.build/MacKitLaunchAtLogin.DependencyMetadataFileList

WriteAuxiliaryFile /Users/geraltgraham/Codes/CPUKiller/app-macos/build/DerivedData/Build/Intermediates.noindex/MacKit.build/Release/MacKitCore.build/Objects-normal/x86_64/MacKitCore.SwiftFileList (in target 'MacKitCore' from project 'MacKit')
    cd /Users/geraltgraham/Codes/CPUKiller/app-macos/build/DerivedData/SourcePackages/checkouts/mac-kit-swift
    write-file /Users/geraltgraham/Codes/CPUKiller/app-macos/build/DerivedData/Build/Intermediates.noindex/MacKit.build/Release/MacKitCore.build/Objects-normal/x86_64/MacKitCore.SwiftFileList

WriteAuxiliaryFile /Users/geraltgraham/Codes/CPUKiller/app-macos/build/DerivedData/Build/Intermediates.noindex/MacKit.build/Release/MacKitCore.build/Objects-normal/x86_64/MacKitCore_const_extract_protocols.json (in target 'MacKitCore' from project 'MacKit')
    cd /Users/geraltgraham/Codes/CPUKiller/app-macos/build/DerivedData/SourcePackages/checkouts/mac-kit-swift
    write-file /Users/geraltgraham/Codes/CPUKiller/app-macos/build/DerivedData/Build/Intermediates.noindex/MacKit.build/Release/MacKitCore.build/Objects-normal/x86_64/MacKitCore_const_extract_protocols.json

Copy /Users/geraltgraham/Codes/CPUKiller/app-macos/build/DerivedData/Build/Intermediates.noindex/GeneratedModuleMaps/MacKitLaunchAtLogin.modulemap /Users/geraltgraham/Codes/CPUKiller/app-macos/build/DerivedData/Build/Intermediates.noindex/MacKit.build/Release/MacKitLaunchAtLogin.build/MacKitLaunchAtLogin.modulemap (in target 'MacKitLaunchAtLogin' from project 'MacKit')
    cd /Users/geraltgraham/Codes/CPUKiller/app-macos/build/DerivedData/SourcePackages/checkouts/mac-kit-swift
    builtin-copy -exclude .DS_Store -exclude CVS -exclude .svn -exclude .git -exclude .hg -strip-unsigned-binaries -strip-deterministic -strip-tool /Applications/Xcode.app/Contents/Developer/Toolchains/XcodeDefault.xctoolchain/usr/bin/strip -resolve-src-symlinks /Users/geraltgraham/Codes/CPUKiller/app-macos/build/DerivedData/Build/Intermediates.noindex/MacKit.build/Release/MacKitLaunchAtLogin.build/MacKitLaunchAtLogin.modulemap /Users/geraltgraham/Codes/CPUKiller/app-macos/build/DerivedData/Build/Intermediates.noindex/GeneratedModuleMaps

WriteAuxiliaryFile /Users/geraltgraham/Codes/CPUKiller/app-macos/build/DerivedData/Build/Intermediates.noindex/MacKit.build/Release/MacKitCore.build/Objects-normal/x86_64/MacKitCore.SwiftConstValuesFileList (in target 'MacKitCore' from project 'MacKit')
    cd /Users/geraltgraham/Codes/CPUKiller/app-macos/build/DerivedData/SourcePackages/checkouts/mac-kit-swift
    write-file /Users/geraltgraham/Codes/CPUKiller/app-macos/build/DerivedData/Build/Intermediates.noindex/MacKit.build/Release/MacKitCore.build/Objects-normal/x86_64/MacKitCore.SwiftConstValuesFileList

WriteAuxiliaryFile /Users/geraltgraham/Codes/CPUKiller/app-macos/build/DerivedData/Build/Intermediates.noindex/MacKit.build/Release/MacKitCore.build/Objects-normal/x86_64/MacKitCore.LinkFileList (in target 'MacKitCore' from project 'MacKit')
    cd /Users/geraltgraham/Codes/CPUKiller/app-macos/build/DerivedData/SourcePackages/checkouts/mac-kit-swift
    write-file /Users/geraltgraham/Codes/CPUKiller/app-macos/build/DerivedData/Build/Intermediates.noindex/MacKit.build/Release/MacKitCore.build/Objects-normal/x86_64/MacKitCore.LinkFileList

WriteAuxiliaryFile /Users/geraltgraham/Codes/CPUKiller/app-macos/build/DerivedData/Build/Intermediates.noindex/MacKit.build/Release/MacKitCore.build/Objects-normal/x86_64/MacKitCore-OutputFileMap.json (in target 'MacKitCore' from project 'MacKit')
    cd /Users/geraltgraham/Codes/CPUKiller/app-macos/build/DerivedData/SourcePackages/checkouts/mac-kit-swift
    write-file /Users/geraltgraham/Codes/CPUKiller/app-macos/build/DerivedData/Build/Intermediates.noindex/MacKit.build/Release/MacKitCore.build/Objects-normal/x86_64/MacKitCore-OutputFileMap.json

WriteAuxiliaryFile /Users/geraltgraham/Codes/CPUKiller/app-macos/build/DerivedData/Build/Intermediates.noindex/MacKit.build/Release/MacKitCore.build/Objects-normal/arm64/MacKitCore_const_extract_protocols.json (in target 'MacKitCore' from project 'MacKit')
    cd /Users/geraltgraham/Codes/CPUKiller/app-macos/build/DerivedData/SourcePackages/checkouts/mac-kit-swift
    write-file /Users/geraltgraham/Codes/CPUKiller/app-macos/build/DerivedData/Build/Intermediates.noindex/MacKit.build/Release/MacKitCore.build/Objects-normal/arm64/MacKitCore_const_extract_protocols.json

WriteAuxiliaryFile /Users/geraltgraham/Codes/CPUKiller/app-macos/build/DerivedData/Build/Intermediates.noindex/MacKit.build/Release/MacKitCore.build/Objects-normal/arm64/MacKitCore.SwiftFileList (in target 'MacKitCore' from project 'MacKit')
    cd /Users/geraltgraham/Codes/CPUKiller/app-macos/build/DerivedData/SourcePackages/checkouts/mac-kit-swift
    write-file /Users/geraltgraham/Codes/CPUKiller/app-macos/build/DerivedData/Build/Intermediates.noindex/MacKit.build/Release/MacKitCore.build/Objects-normal/arm64/MacKitCore.SwiftFileList

WriteAuxiliaryFile /Users/geraltgraham/Codes/CPUKiller/app-macos/build/DerivedData/Build/Intermediates.noindex/MacKit.build/Release/MacKitCore.build/Objects-normal/arm64/MacKitCore.SwiftConstValuesFileList (in target 'MacKitCore' from project 'MacKit')
    cd /Users/geraltgraham/Codes/CPUKiller/app-macos/build/DerivedData/SourcePackages/checkouts/mac-kit-swift
    write-file /Users/geraltgraham/Codes/CPUKiller/app-macos/build/DerivedData/Build/Intermediates.noindex/MacKit.build/Release/MacKitCore.build/Objects-normal/arm64/MacKitCore.SwiftConstValuesFileList

WriteAuxiliaryFile /Users/geraltgraham/Codes/CPUKiller/app-macos/build/DerivedData/Build/Intermediates.noindex/MacKit.build/Release/MacKitCore.build/Objects-normal/arm64/MacKitCore.LinkFileList (in target 'MacKitCore' from project 'MacKit')
    cd /Users/geraltgraham/Codes/CPUKiller/app-macos/build/DerivedData/SourcePackages/checkouts/mac-kit-swift
    write-file /Users/geraltgraham/Codes/CPUKiller/app-macos/build/DerivedData/Build/Intermediates.noindex/MacKit.build/Release/MacKitCore.build/Objects-normal/arm64/MacKitCore.LinkFileList

WriteAuxiliaryFile /Users/geraltgraham/Codes/CPUKiller/app-macos/build/DerivedData/Build/Intermediates.noindex/MacKit.build/Release/MacKitCore.build/Objects-normal/arm64/MacKitCore-OutputFileMap.json (in target 'MacKitCore' from project 'MacKit')
    cd /Users/geraltgraham/Codes/CPUKiller/app-macos/build/DerivedData/SourcePackages/checkouts/mac-kit-swift
    write-file /Users/geraltgraham/Codes/CPUKiller/app-macos/build/DerivedData/Build/Intermediates.noindex/MacKit.build/Release/MacKitCore.build/Objects-normal/arm64/MacKitCore-OutputFileMap.json

WriteAuxiliaryFile /Users/geraltgraham/Codes/CPUKiller/app-macos/build/DerivedData/Build/Intermediates.noindex/MacKit.build/Release/MacKitCore.build/MacKitCore.modulemap (in target 'MacKitCore' from project 'MacKit')
    cd /Users/geraltgraham/Codes/CPUKiller/app-macos/build/DerivedData/SourcePackages/checkouts/mac-kit-swift
    write-file /Users/geraltgraham/Codes/CPUKiller/app-macos/build/DerivedData/Build/Intermediates.noindex/MacKit.build/Release/MacKitCore.build/MacKitCore.modulemap

WriteAuxiliaryFile /Users/geraltgraham/Codes/CPUKiller/app-macos/build/DerivedData/Build/Intermediates.noindex/MacKit.build/Release/MacKitCore.build/MacKitCore.DependencyStaticMetadataFileList (in target 'MacKitCore' from project 'MacKit')
    cd /Users/geraltgraham/Codes/CPUKiller/app-macos/build/DerivedData/SourcePackages/checkouts/mac-kit-swift
    write-file /Users/geraltgraham/Codes/CPUKiller/app-macos/build/DerivedData/Build/Intermediates.noindex/MacKit.build/Release/MacKitCore.build/MacKitCore.DependencyStaticMetadataFileList

WriteAuxiliaryFile /Users/geraltgraham/Codes/CPUKiller/app-macos/build/DerivedData/Build/Intermediates.noindex/MacKit.build/Release/MacKitCore.build/MacKitCore.DependencyMetadataFileList (in target 'MacKitCore' from project 'MacKit')
    cd /Users/geraltgraham/Codes/CPUKiller/app-macos/build/DerivedData/SourcePackages/checkouts/mac-kit-swift
    write-file /Users/geraltgraham/Codes/CPUKiller/app-macos/build/DerivedData/Build/Intermediates.noindex/MacKit.build/Release/MacKitCore.build/MacKitCore.DependencyMetadataFileList

Copy /Users/geraltgraham/Codes/CPUKiller/app-macos/build/DerivedData/Build/Intermediates.noindex/GeneratedModuleMaps/MacKitCore.modulemap /Users/geraltgraham/Codes/CPUKiller/app-macos/build/DerivedData/Build/Intermediates.noindex/MacKit.build/Release/MacKitCore.build/MacKitCore.modulemap (in target 'MacKitCore' from project 'MacKit')
    cd /Users/geraltgraham/Codes/CPUKiller/app-macos/build/DerivedData/SourcePackages/checkouts/mac-kit-swift
    builtin-copy -exclude .DS_Store -exclude CVS -exclude .svn -exclude .git -exclude .hg -strip-unsigned-binaries -strip-deterministic -strip-tool /Applications/Xcode.app/Contents/Developer/Toolchains/XcodeDefault.xctoolchain/usr/bin/strip -resolve-src-symlinks /Users/geraltgraham/Codes/CPUKiller/app-macos/build/DerivedData/Build/Intermediates.noindex/MacKit.build/Release/MacKitCore.build/MacKitCore.modulemap /Users/geraltgraham/Codes/CPUKiller/app-macos/build/DerivedData/Build/Intermediates.noindex/GeneratedModuleMaps

ProcessXCFramework /Users/geraltgraham/Codes/CPUKiller/app-macos/build/DerivedData/SourcePackages/artifacts/sparkle/Sparkle/Sparkle.xcframework /Users/geraltgraham/Codes/CPUKiller/app-macos/build/DerivedData/Build/Products/Release/Sparkle.framework macos
    cd /Users/geraltgraham/Codes/CPUKiller/app-macos/MacResourceMonitor.xcodeproj
    builtin-process-xcframework --xcframework /Users/geraltgraham/Codes/CPUKiller/app-macos/build/DerivedData/SourcePackages/artifacts/sparkle/Sparkle/Sparkle.xcframework --platform macos --target-path /Users/geraltgraham/Codes/CPUKiller/app-macos/build/DerivedData/Build/Products/Release

WriteAuxiliaryFile /Users/geraltgraham/Codes/CPUKiller/app-macos/build/DerivedData/Build/Intermediates.noindex/MacResourceMonitor.build/Release/MacResourceMonitor.build/Objects-normal/x86_64/MacResourceMonitor_const_extract_protocols.json (in target 'MacResourceMonitor' from project 'MacResourceMonitor')
    cd /Users/geraltgraham/Codes/CPUKiller/app-macos
    write-file /Users/geraltgraham/Codes/CPUKiller/app-macos/build/DerivedData/Build/Intermediates.noindex/MacResourceMonitor.build/Release/MacResourceMonitor.build/Objects-normal/x86_64/MacResourceMonitor_const_extract_protocols.json

WriteAuxiliaryFile /Users/geraltgraham/Codes/CPUKiller/app-macos/build/DerivedData/Build/Intermediates.noindex/MacResourceMonitor.build/Release/MacResourceMonitor.build/Objects-normal/x86_64/MacResourceMonitor-OutputFileMap.json (in target 'MacResourceMonitor' from project 'MacResourceMonitor')
    cd /Users/geraltgraham/Codes/CPUKiller/app-macos
    write-file /Users/geraltgraham/Codes/CPUKiller/app-macos/build/DerivedData/Build/Intermediates.noindex/MacResourceMonitor.build/Release/MacResourceMonitor.build/Objects-normal/x86_64/MacResourceMonitor-OutputFileMap.json

WriteAuxiliaryFile /Users/geraltgraham/Codes/CPUKiller/app-macos/build/DerivedData/Build/Intermediates.noindex/MacResourceMonitor.build/Release/MacResourceMonitor.build/Objects-normal/x86_64/Mac\ Resource\ Monitor.SwiftFileList (in target 'MacResourceMonitor' from project 'MacResourceMonitor')
    cd /Users/geraltgraham/Codes/CPUKiller/app-macos
    write-file /Users/geraltgraham/Codes/CPUKiller/app-macos/build/DerivedData/Build/Intermediates.noindex/MacResourceMonitor.build/Release/MacResourceMonitor.build/Objects-normal/x86_64/Mac\ Resource\ Monitor.SwiftFileList

WriteAuxiliaryFile /Users/geraltgraham/Codes/CPUKiller/app-macos/build/DerivedData/Build/Intermediates.noindex/MacResourceMonitor.build/Release/MacResourceMonitor.build/Objects-normal/x86_64/Mac\ Resource\ Monitor.LinkFileList (in target 'MacResourceMonitor' from project 'MacResourceMonitor')
    cd /Users/geraltgraham/Codes/CPUKiller/app-macos
    write-file /Users/geraltgraham/Codes/CPUKiller/app-macos/build/DerivedData/Build/Intermediates.noindex/MacResourceMonitor.build/Release/MacResourceMonitor.build/Objects-normal/x86_64/Mac\ Resource\ Monitor.LinkFileList

WriteAuxiliaryFile /Users/geraltgraham/Codes/CPUKiller/app-macos/build/DerivedData/Build/Intermediates.noindex/MacResourceMonitor.build/Release/MacResourceMonitor.build/Objects-normal/x86_64/Mac\ Resource\ Monitor.SwiftConstValuesFileList (in target 'MacResourceMonitor' from project 'MacResourceMonitor')
    cd /Users/geraltgraham/Codes/CPUKiller/app-macos
    write-file /Users/geraltgraham/Codes/CPUKiller/app-macos/build/DerivedData/Build/Intermediates.noindex/MacResourceMonitor.build/Release/MacResourceMonitor.build/Objects-normal/x86_64/Mac\ Resource\ Monitor.SwiftConstValuesFileList

WriteAuxiliaryFile /Users/geraltgraham/Codes/CPUKiller/app-macos/build/DerivedData/Build/Intermediates.noindex/MacResourceMonitor.build/Release/MacResourceMonitor.build/Objects-normal/arm64/MacResourceMonitor-OutputFileMap.json (in target 'MacResourceMonitor' from project 'MacResourceMonitor')
    cd /Users/geraltgraham/Codes/CPUKiller/app-macos
    write-file /Users/geraltgraham/Codes/CPUKiller/app-macos/build/DerivedData/Build/Intermediates.noindex/MacResourceMonitor.build/Release/MacResourceMonitor.build/Objects-normal/arm64/MacResourceMonitor-OutputFileMap.json

WriteAuxiliaryFile /Users/geraltgraham/Codes/CPUKiller/app-macos/build/DerivedData/Build/Intermediates.noindex/MacResourceMonitor.build/Release/MacResourceMonitor.build/Objects-normal/arm64/MacResourceMonitor_const_extract_protocols.json (in target 'MacResourceMonitor' from project 'MacResourceMonitor')
    cd /Users/geraltgraham/Codes/CPUKiller/app-macos
    write-file /Users/geraltgraham/Codes/CPUKiller/app-macos/build/DerivedData/Build/Intermediates.noindex/MacResourceMonitor.build/Release/MacResourceMonitor.build/Objects-normal/arm64/MacResourceMonitor_const_extract_protocols.json

WriteAuxiliaryFile /Users/geraltgraham/Codes/CPUKiller/app-macos/build/DerivedData/Build/Intermediates.noindex/MacResourceMonitor.build/Release/MacResourceMonitor.build/Objects-normal/arm64/Mac\ Resource\ Monitor.SwiftFileList (in target 'MacResourceMonitor' from project 'MacResourceMonitor')
    cd /Users/geraltgraham/Codes/CPUKiller/app-macos
    write-file /Users/geraltgraham/Codes/CPUKiller/app-macos/build/DerivedData/Build/Intermediates.noindex/MacResourceMonitor.build/Release/MacResourceMonitor.build/Objects-normal/arm64/Mac\ Resource\ Monitor.SwiftFileList

WriteAuxiliaryFile /Users/geraltgraham/Codes/CPUKiller/app-macos/build/DerivedData/Build/Intermediates.noindex/MacResourceMonitor.build/Release/MacResourceMonitor.build/Objects-normal/arm64/Mac\ Resource\ Monitor.SwiftConstValuesFileList (in target 'MacResourceMonitor' from project 'MacResourceMonitor')
    cd /Users/geraltgraham/Codes/CPUKiller/app-macos
    write-file /Users/geraltgraham/Codes/CPUKiller/app-macos/build/DerivedData/Build/Intermediates.noindex/MacResourceMonitor.build/Release/MacResourceMonitor.build/Objects-normal/arm64/Mac\ Resource\ Monitor.SwiftConstValuesFileList

WriteAuxiliaryFile /Users/geraltgraham/Codes/CPUKiller/app-macos/build/DerivedData/Build/Intermediates.noindex/MacResourceMonitor.build/Release/MacResourceMonitor.build/Mac\ Resource\ Monitor.hmap (in target 'MacResourceMonitor' from project 'MacResourceMonitor')
    cd /Users/geraltgraham/Codes/CPUKiller/app-macos
    write-file /Users/geraltgraham/Codes/CPUKiller/app-macos/build/DerivedData/Build/Intermediates.noindex/MacResourceMonitor.build/Release/MacResourceMonitor.build/Mac\ Resource\ Monitor.hmap

WriteAuxiliaryFile /Users/geraltgraham/Codes/CPUKiller/app-macos/build/DerivedData/Build/Intermediates.noindex/MacResourceMonitor.build/Release/MacResourceMonitor.build/Objects-normal/arm64/Mac\ Resource\ Monitor.LinkFileList (in target 'MacResourceMonitor' from project 'MacResourceMonitor')
    cd /Users/geraltgraham/Codes/CPUKiller/app-macos
    write-file /Users/geraltgraham/Codes/CPUKiller/app-macos/build/DerivedData/Build/Intermediates.noindex/MacResourceMonitor.build/Release/MacResourceMonitor.build/Objects-normal/arm64/Mac\ Resource\ Monitor.LinkFileList

WriteAuxiliaryFile /Users/geraltgraham/Codes/CPUKiller/app-macos/build/DerivedData/Build/Intermediates.noindex/MacResourceMonitor.build/Release/MacResourceMonitor.build/Mac\ Resource\ Monitor.DependencyStaticMetadataFileList (in target 'MacResourceMonitor' from project 'MacResourceMonitor')
    cd /Users/geraltgraham/Codes/CPUKiller/app-macos
    write-file /Users/geraltgraham/Codes/CPUKiller/app-macos/build/DerivedData/Build/Intermediates.noindex/MacResourceMonitor.build/Release/MacResourceMonitor.build/Mac\ Resource\ Monitor.DependencyStaticMetadataFileList

WriteAuxiliaryFile /Users/geraltgraham/Codes/CPUKiller/app-macos/build/DerivedData/Build/Intermediates.noindex/MacResourceMonitor.build/Release/MacResourceMonitor.build/Mac\ Resource\ Monitor.DependencyMetadataFileList (in target 'MacResourceMonitor' from project 'MacResourceMonitor')
    cd /Users/geraltgraham/Codes/CPUKiller/app-macos
    write-file /Users/geraltgraham/Codes/CPUKiller/app-macos/build/DerivedData/Build/Intermediates.noindex/MacResourceMonitor.build/Release/MacResourceMonitor.build/Mac\ Resource\ Monitor.DependencyMetadataFileList

WriteAuxiliaryFile /Users/geraltgraham/Codes/CPUKiller/app-macos/build/DerivedData/Build/Intermediates.noindex/MacResourceMonitor.build/Release/MacResourceMonitor.build/Mac\ Resource\ Monitor-project-headers.hmap (in target 'MacResourceMonitor' from project 'MacResourceMonitor')
    cd /Users/geraltgraham/Codes/CPUKiller/app-macos
    write-file /Users/geraltgraham/Codes/CPUKiller/app-macos/build/DerivedData/Build/Intermediates.noindex/MacResourceMonitor.build/Release/MacResourceMonitor.build/Mac\ Resource\ Monitor-project-headers.hmap

WriteAuxiliaryFile /Users/geraltgraham/Codes/CPUKiller/app-macos/build/DerivedData/Build/Intermediates.noindex/MacResourceMonitor.build/Release/MacResourceMonitor.build/Mac\ Resource\ Monitor-own-target-headers.hmap (in target 'MacResourceMonitor' from project 'MacResourceMonitor')
    cd /Users/geraltgraham/Codes/CPUKiller/app-macos
    write-file /Users/geraltgraham/Codes/CPUKiller/app-macos/build/DerivedData/Build/Intermediates.noindex/MacResourceMonitor.build/Release/MacResourceMonitor.build/Mac\ Resource\ Monitor-own-target-headers.hmap

WriteAuxiliaryFile /Users/geraltgraham/Codes/CPUKiller/app-macos/build/DerivedData/Build/Intermediates.noindex/MacResourceMonitor.build/Release/MacResourceMonitor.build/Mac\ Resource\ Monitor-generated-files.hmap (in target 'MacResourceMonitor' from project 'MacResourceMonitor')
    cd /Users/geraltgraham/Codes/CPUKiller/app-macos
    write-file /Users/geraltgraham/Codes/CPUKiller/app-macos/build/DerivedData/Build/Intermediates.noindex/MacResourceMonitor.build/Release/MacResourceMonitor.build/Mac\ Resource\ Monitor-generated-files.hmap

WriteAuxiliaryFile /Users/geraltgraham/Codes/CPUKiller/app-macos/build/DerivedData/Build/Intermediates.noindex/MacResourceMonitor.build/Release/MacResourceMonitor.build/Mac\ Resource\ Monitor-all-target-headers.hmap (in target 'MacResourceMonitor' from project 'MacResourceMonitor')
    cd /Users/geraltgraham/Codes/CPUKiller/app-macos
    write-file /Users/geraltgraham/Codes/CPUKiller/app-macos/build/DerivedData/Build/Intermediates.noindex/MacResourceMonitor.build/Release/MacResourceMonitor.build/Mac\ Resource\ Monitor-all-target-headers.hmap

WriteAuxiliaryFile /Users/geraltgraham/Codes/CPUKiller/app-macos/build/DerivedData/Build/Intermediates.noindex/MacResourceMonitor.build/Release/MacResourceMonitor.build/Mac\ Resource\ Monitor-all-non-framework-target-headers.hmap (in target 'MacResourceMonitor' from project 'MacResourceMonitor')
    cd /Users/geraltgraham/Codes/CPUKiller/app-macos
    write-file /Users/geraltgraham/Codes/CPUKiller/app-macos/build/DerivedData/Build/Intermediates.noindex/MacResourceMonitor.build/Release/MacResourceMonitor.build/Mac\ Resource\ Monitor-all-non-framework-target-headers.hmap

WriteAuxiliaryFile /Users/geraltgraham/Codes/CPUKiller/app-macos/build/DerivedData/Build/Intermediates.noindex/MacKit.build/Release/MacKitUpdater.build/Objects-normal/x86_64/MacKitUpdater.SwiftFileList (in target 'MacKitUpdater' from project 'MacKit')
    cd /Users/geraltgraham/Codes/CPUKiller/app-macos/build/DerivedData/SourcePackages/checkouts/mac-kit-swift
    write-file /Users/geraltgraham/Codes/CPUKiller/app-macos/build/DerivedData/Build/Intermediates.noindex/MacKit.build/Release/MacKitUpdater.build/Objects-normal/x86_64/MacKitUpdater.SwiftFileList

WriteAuxiliaryFile /Users/geraltgraham/Codes/CPUKiller/app-macos/build/DerivedData/Build/Intermediates.noindex/MacKit.build/Release/MacKitUpdater.build/Objects-normal/x86_64/MacKitUpdater_const_extract_protocols.json (in target 'MacKitUpdater' from project 'MacKit')
    cd /Users/geraltgraham/Codes/CPUKiller/app-macos/build/DerivedData/SourcePackages/checkouts/mac-kit-swift
    write-file /Users/geraltgraham/Codes/CPUKiller/app-macos/build/DerivedData/Build/Intermediates.noindex/MacKit.build/Release/MacKitUpdater.build/Objects-normal/x86_64/MacKitUpdater_const_extract_protocols.json

WriteAuxiliaryFile /Users/geraltgraham/Codes/CPUKiller/app-macos/build/DerivedData/Build/Intermediates.noindex/MacKit.build/Release/MacKitUpdater.build/Objects-normal/x86_64/MacKitUpdater.SwiftConstValuesFileList (in target 'MacKitUpdater' from project 'MacKit')
    cd /Users/geraltgraham/Codes/CPUKiller/app-macos/build/DerivedData/SourcePackages/checkouts/mac-kit-swift
    write-file /Users/geraltgraham/Codes/CPUKiller/app-macos/build/DerivedData/Build/Intermediates.noindex/MacKit.build/Release/MacKitUpdater.build/Objects-normal/x86_64/MacKitUpdater.SwiftConstValuesFileList

WriteAuxiliaryFile /Users/geraltgraham/Codes/CPUKiller/app-macos/build/DerivedData/Build/Intermediates.noindex/MacKit.build/Release/MacKitUpdater.build/Objects-normal/x86_64/MacKitUpdater.LinkFileList (in target 'MacKitUpdater' from project 'MacKit')
    cd /Users/geraltgraham/Codes/CPUKiller/app-macos/build/DerivedData/SourcePackages/checkouts/mac-kit-swift
    write-file /Users/geraltgraham/Codes/CPUKiller/app-macos/build/DerivedData/Build/Intermediates.noindex/MacKit.build/Release/MacKitUpdater.build/Objects-normal/x86_64/MacKitUpdater.LinkFileList

WriteAuxiliaryFile /Users/geraltgraham/Codes/CPUKiller/app-macos/build/DerivedData/Build/Intermediates.noindex/MacKit.build/Release/MacKitUpdater.build/Objects-normal/x86_64/MacKitUpdater-OutputFileMap.json (in target 'MacKitUpdater' from project 'MacKit')
    cd /Users/geraltgraham/Codes/CPUKiller/app-macos/build/DerivedData/SourcePackages/checkouts/mac-kit-swift
    write-file /Users/geraltgraham/Codes/CPUKiller/app-macos/build/DerivedData/Build/Intermediates.noindex/MacKit.build/Release/MacKitUpdater.build/Objects-normal/x86_64/MacKitUpdater-OutputFileMap.json

WriteAuxiliaryFile /Users/geraltgraham/Codes/CPUKiller/app-macos/build/DerivedData/Build/Intermediates.noindex/MacKit.build/Release/MacKitUpdater.build/Objects-normal/arm64/MacKitUpdater_const_extract_protocols.json (in target 'MacKitUpdater' from project 'MacKit')
    cd /Users/geraltgraham/Codes/CPUKiller/app-macos/build/DerivedData/SourcePackages/checkouts/mac-kit-swift
    write-file /Users/geraltgraham/Codes/CPUKiller/app-macos/build/DerivedData/Build/Intermediates.noindex/MacKit.build/Release/MacKitUpdater.build/Objects-normal/arm64/MacKitUpdater_const_extract_protocols.json

WriteAuxiliaryFile /Users/geraltgraham/Codes/CPUKiller/app-macos/build/DerivedData/Build/Intermediates.noindex/MacKit.build/Release/MacKitUpdater.build/Objects-normal/arm64/MacKitUpdater.SwiftFileList (in target 'MacKitUpdater' from project 'MacKit')
    cd /Users/geraltgraham/Codes/CPUKiller/app-macos/build/DerivedData/SourcePackages/checkouts/mac-kit-swift
    write-file /Users/geraltgraham/Codes/CPUKiller/app-macos/build/DerivedData/Build/Intermediates.noindex/MacKit.build/Release/MacKitUpdater.build/Objects-normal/arm64/MacKitUpdater.SwiftFileList

WriteAuxiliaryFile /Users/geraltgraham/Codes/CPUKiller/app-macos/build/DerivedData/Build/Intermediates.noindex/MacKit.build/Release/MacKitUpdater.build/Objects-normal/arm64/MacKitUpdater.SwiftConstValuesFileList (in target 'MacKitUpdater' from project 'MacKit')
    cd /Users/geraltgraham/Codes/CPUKiller/app-macos/build/DerivedData/SourcePackages/checkouts/mac-kit-swift
    write-file /Users/geraltgraham/Codes/CPUKiller/app-macos/build/DerivedData/Build/Intermediates.noindex/MacKit.build/Release/MacKitUpdater.build/Objects-normal/arm64/MacKitUpdater.SwiftConstValuesFileList

WriteAuxiliaryFile /Users/geraltgraham/Codes/CPUKiller/app-macos/build/DerivedData/Build/Intermediates.noindex/MacKit.build/Release/MacKitUpdater.build/Objects-normal/arm64/MacKitUpdater.LinkFileList (in target 'MacKitUpdater' from project 'MacKit')
    cd /Users/geraltgraham/Codes/CPUKiller/app-macos/build/DerivedData/SourcePackages/checkouts/mac-kit-swift
    write-file /Users/geraltgraham/Codes/CPUKiller/app-macos/build/DerivedData/Build/Intermediates.noindex/MacKit.build/Release/MacKitUpdater.build/Objects-normal/arm64/MacKitUpdater.LinkFileList

WriteAuxiliaryFile /Users/geraltgraham/Codes/CPUKiller/app-macos/build/DerivedData/Build/Intermediates.noindex/MacKit.build/Release/MacKitUpdater.build/Objects-normal/arm64/MacKitUpdater-OutputFileMap.json (in target 'MacKitUpdater' from project 'MacKit')
    cd /Users/geraltgraham/Codes/CPUKiller/app-macos/build/DerivedData/SourcePackages/checkouts/mac-kit-swift
    write-file /Users/geraltgraham/Codes/CPUKiller/app-macos/build/DerivedData/Build/Intermediates.noindex/MacKit.build/Release/MacKitUpdater.build/Objects-normal/arm64/MacKitUpdater-OutputFileMap.json

WriteAuxiliaryFile /Users/geraltgraham/Codes/CPUKiller/app-macos/build/DerivedData/Build/Intermediates.noindex/MacKit.build/Release/MacKitUpdater.build/MacKitUpdater.modulemap (in target 'MacKitUpdater' from project 'MacKit')
    cd /Users/geraltgraham/Codes/CPUKiller/app-macos/build/DerivedData/SourcePackages/checkouts/mac-kit-swift
    write-file /Users/geraltgraham/Codes/CPUKiller/app-macos/build/DerivedData/Build/Intermediates.noindex/MacKit.build/Release/MacKitUpdater.build/MacKitUpdater.modulemap

WriteAuxiliaryFile /Users/geraltgraham/Codes/CPUKiller/app-macos/build/DerivedData/Build/Intermediates.noindex/MacKit.build/Release/MacKitUpdater.build/MacKitUpdater.DependencyStaticMetadataFileList (in target 'MacKitUpdater' from project 'MacKit')
    cd /Users/geraltgraham/Codes/CPUKiller/app-macos/build/DerivedData/SourcePackages/checkouts/mac-kit-swift
    write-file /Users/geraltgraham/Codes/CPUKiller/app-macos/build/DerivedData/Build/Intermediates.noindex/MacKit.build/Release/MacKitUpdater.build/MacKitUpdater.DependencyStaticMetadataFileList

WriteAuxiliaryFile /Users/geraltgraham/Codes/CPUKiller/app-macos/build/DerivedData/Build/Intermediates.noindex/MacKit.build/Release/MacKitUpdater.build/MacKitUpdater.DependencyMetadataFileList (in target 'MacKitUpdater' from project 'MacKit')
    cd /Users/geraltgraham/Codes/CPUKiller/app-macos/build/DerivedData/SourcePackages/checkouts/mac-kit-swift
    write-file /Users/geraltgraham/Codes/CPUKiller/app-macos/build/DerivedData/Build/Intermediates.noindex/MacKit.build/Release/MacKitUpdater.build/MacKitUpdater.DependencyMetadataFileList

MkDir /Users/geraltgraham/Codes/CPUKiller/app-macos/build/DerivedData/Build/Products/Release/Mac\ Resource\ Monitor.app/Contents/Resources (in target 'MacResourceMonitor' from project 'MacResourceMonitor')
    cd /Users/geraltgraham/Codes/CPUKiller/app-macos
    /bin/mkdir -p /Users/geraltgraham/Codes/CPUKiller/app-macos/build/DerivedData/Build/Products/Release/Mac\ Resource\ Monitor.app/Contents/Resources

MkDir /Users/geraltgraham/Codes/CPUKiller/app-macos/build/DerivedData/Build/Products/Release/Mac\ Resource\ Monitor.app/Contents/MacOS (in target 'MacResourceMonitor' from project 'MacResourceMonitor')
    cd /Users/geraltgraham/Codes/CPUKiller/app-macos
    /bin/mkdir -p /Users/geraltgraham/Codes/CPUKiller/app-macos/build/DerivedData/Build/Products/Release/Mac\ Resource\ Monitor.app/Contents/MacOS

MkDir /Users/geraltgraham/Codes/CPUKiller/app-macos/build/DerivedData/Build/Products/Release/Mac\ Resource\ Monitor.app/Contents/Frameworks (in target 'MacResourceMonitor' from project 'MacResourceMonitor')
    cd /Users/geraltgraham/Codes/CPUKiller/app-macos
    /bin/mkdir -p /Users/geraltgraham/Codes/CPUKiller/app-macos/build/DerivedData/Build/Products/Release/Mac\ Resource\ Monitor.app/Contents/Frameworks

MkDir /Users/geraltgraham/Codes/CPUKiller/app-macos/build/DerivedData/Build/Products/Release/Mac\ Resource\ Monitor.app/Contents (in target 'MacResourceMonitor' from project 'MacResourceMonitor')
    cd /Users/geraltgraham/Codes/CPUKiller/app-macos
    /bin/mkdir -p /Users/geraltgraham/Codes/CPUKiller/app-macos/build/DerivedData/Build/Products/Release/Mac\ Resource\ Monitor.app/Contents

MkDir /Users/geraltgraham/Codes/CPUKiller/app-macos/build/DerivedData/Build/Products/Release/Mac\ Resource\ Monitor.app (in target 'MacResourceMonitor' from project 'MacResourceMonitor')
    cd /Users/geraltgraham/Codes/CPUKiller/app-macos
    /bin/mkdir -p /Users/geraltgraham/Codes/CPUKiller/app-macos/build/DerivedData/Build/Products/Release/Mac\ Resource\ Monitor.app

Copy /Users/geraltgraham/Codes/CPUKiller/app-macos/build/DerivedData/Build/Intermediates.noindex/GeneratedModuleMaps/MacKitUpdater.modulemap /Users/geraltgraham/Codes/CPUKiller/app-macos/build/DerivedData/Build/Intermediates.noindex/MacKit.build/Release/MacKitUpdater.build/MacKitUpdater.modulemap (in target 'MacKitUpdater' from project 'MacKit')
    cd /Users/geraltgraham/Codes/CPUKiller/app-macos/build/DerivedData/SourcePackages/checkouts/mac-kit-swift
    builtin-copy -exclude .DS_Store -exclude CVS -exclude .svn -exclude .git -exclude .hg -strip-unsigned-binaries -strip-deterministic -strip-tool /Applications/Xcode.app/Contents/Developer/Toolchains/XcodeDefault.xctoolchain/usr/bin/strip -resolve-src-symlinks /Users/geraltgraham/Codes/CPUKiller/app-macos/build/DerivedData/Build/Intermediates.noindex/MacKit.build/Release/MacKitUpdater.build/MacKitUpdater.modulemap /Users/geraltgraham/Codes/CPUKiller/app-macos/build/DerivedData/Build/Intermediates.noindex/GeneratedModuleMaps

SwiftDriver MacKitLifecycle normal x86_64 com.apple.xcode.tools.swift.compiler (in target 'MacKitLifecycle' from project 'MacKit')
    cd /Users/geraltgraham/Codes/CPUKiller/app-macos/MacResourceMonitor.xcodeproj
    builtin-SwiftDriver -- /Applications/Xcode.app/Contents/Developer/Toolchains/XcodeDefault.xctoolchain/usr/bin/swiftc -module-name MacKitLifecycle -O -whole-module-optimization -enforce-exclusivity\=checked @/Users/geraltgraham/Codes/CPUKiller/app-macos/build/DerivedData/Build/Intermediates.noindex/MacKit.build/Release/MacKitLifecycle.build/Objects-normal/x86_64/MacKitLifecycle.SwiftFileList -DSWIFT_PACKAGE -DSWIFT_MODULE_RESOURCE_BUNDLE_UNAVAILABLE -DXcode -plugin-path /Applications/Xcode.app/Contents/Developer/Toolchains/XcodeDefault.xctoolchain/usr/lib/swift/host/plugins/testing -enable-experimental-feature DebugDescriptionMacro -sdk /Applications/Xcode.app/Contents/Developer/Platforms/MacOSX.platform/Developer/SDKs/MacOSX26.2.sdk -target x86_64-apple-macos14.0 -g -module-cache-path /Users/geraltgraham/Codes/CPUKiller/app-macos/build/DerivedData/ModuleCache.noindex -Xfrontend -serialize-debugging-options -suppress-warnings -swift-version 6 -I /Users/geraltgraham/Codes/CPUKiller/app-macos/build/DerivedData/Build/Products/Release -Isystem /Applications/Xcode.app/Contents/Developer/Platforms/MacOSX.platform/Developer/usr/lib -F /Users/geraltgraham/Codes/CPUKiller/app-macos/build/DerivedData/Build/Products/Release -F /Applications/Xcode.app/Contents/Developer/Platforms/MacOSX.platform/Developer/Library/Frameworks -c -num-threads 8 -Xcc -ivfsstatcache -Xcc /Users/geraltgraham/Codes/CPUKiller/app-macos/build/DerivedData/SDKStatCaches.noindex/macosx26.2-25C58-e8867d0c40613ffc63e0238af232dc5000fa09913b459cbbc988d1f6730289ae.sdkstatcache -output-file-map /Users/geraltgraham/Codes/CPUKiller/app-macos/build/DerivedData/Build/Intermediates.noindex/MacKit.build/Release/MacKitLifecycle.build/Objects-normal/x86_64/MacKitLifecycle-OutputFileMap.json -use-frontend-parseable-output -save-temps -no-color-diagnostics -explicit-module-build -module-cache-path /Users/geraltgraham/Codes/CPUKiller/app-macos/build/DerivedData/Build/Intermediates.noindex/SwiftExplicitPrecompiledModules -clang-scanner-module-cache-path /Users/geraltgraham/Codes/CPUKiller/app-macos/build/DerivedData/ModuleCache.noindex -sdk-module-cache-path /Users/geraltgraham/Codes/CPUKiller/app-macos/build/DerivedData/ModuleCache.noindex -serialize-diagnostics -emit-dependencies -emit-module -emit-module-path /Users/geraltgraham/Codes/CPUKiller/app-macos/build/DerivedData/Build/Intermediates.noindex/MacKit.build/Release/MacKitLifecycle.build/Objects-normal/x86_64/MacKitLifecycle.swiftmodule -user-module-version 0.1.4 -validate-clang-modules-once -clang-build-session-file /Users/geraltgraham/Codes/CPUKiller/app-macos/build/DerivedData/ModuleCache.noindex/Session.modulevalidation -package-name mac_kit_swift -Xcc -I/Users/geraltgraham/Codes/CPUKiller/app-macos/build/DerivedData/Build/Intermediates.noindex/MacKit.build/Release/MacKitLifecycle.build/swift-overrides.hmap -emit-const-values -Xfrontend -const-gather-protocols-file -Xfrontend /Users/geraltgraham/Codes/CPUKiller/app-macos/build/DerivedData/Build/Intermediates.noindex/MacKit.build/Release/MacKitLifecycle.build/Objects-normal/x86_64/MacKitLifecycle_const_extract_protocols.json -Xcc -I/Users/geraltgraham/Codes/CPUKiller/app-macos/build/DerivedData/Build/Products/Release/include -Xcc -I/Users/geraltgraham/Codes/CPUKiller/app-macos/build/DerivedData/Build/Intermediates.noindex/MacKit.build/Release/MacKitLifecycle.build/DerivedSources-normal/x86_64 -Xcc -I/Users/geraltgraham/Codes/CPUKiller/app-macos/build/DerivedData/Build/Intermediates.noindex/MacKit.build/Release/MacKitLifecycle.build/DerivedSources/x86_64 -Xcc -I/Users/geraltgraham/Codes/CPUKiller/app-macos/build/DerivedData/Build/Intermediates.noindex/MacKit.build/Release/MacKitLifecycle.build/DerivedSources -Xcc -DSWIFT_PACKAGE -emit-objc-header -emit-objc-header-path /Users/geraltgraham/Codes/CPUKiller/app-macos/build/DerivedData/Build/Intermediates.noindex/MacKit.build/Release/MacKitLifecycle.build/Objects-normal/x86_64/MacKitLifecycle-Swift.h -working-directory /Users/geraltgraham/Codes/CPUKiller/app-macos/MacResourceMonitor.xcodeproj -no-emit-module-separately-wmo

SwiftDriver MacKitLifecycle normal arm64 com.apple.xcode.tools.swift.compiler (in target 'MacKitLifecycle' from project 'MacKit')
    cd /Users/geraltgraham/Codes/CPUKiller/app-macos/MacResourceMonitor.xcodeproj
    builtin-SwiftDriver -- /Applications/Xcode.app/Contents/Developer/Toolchains/XcodeDefault.xctoolchain/usr/bin/swiftc -module-name MacKitLifecycle -O -whole-module-optimization -enforce-exclusivity\=checked @/Users/geraltgraham/Codes/CPUKiller/app-macos/build/DerivedData/Build/Intermediates.noindex/MacKit.build/Release/MacKitLifecycle.build/Objects-normal/arm64/MacKitLifecycle.SwiftFileList -DSWIFT_PACKAGE -DSWIFT_MODULE_RESOURCE_BUNDLE_UNAVAILABLE -DXcode -plugin-path /Applications/Xcode.app/Contents/Developer/Toolchains/XcodeDefault.xctoolchain/usr/lib/swift/host/plugins/testing -enable-experimental-feature DebugDescriptionMacro -sdk /Applications/Xcode.app/Contents/Developer/Platforms/MacOSX.platform/Developer/SDKs/MacOSX26.2.sdk -target arm64-apple-macos14.0 -g -module-cache-path /Users/geraltgraham/Codes/CPUKiller/app-macos/build/DerivedData/ModuleCache.noindex -Xfrontend -serialize-debugging-options -suppress-warnings -swift-version 6 -I /Users/geraltgraham/Codes/CPUKiller/app-macos/build/DerivedData/Build/Products/Release -Isystem /Applications/Xcode.app/Contents/Developer/Platforms/MacOSX.platform/Developer/usr/lib -F /Users/geraltgraham/Codes/CPUKiller/app-macos/build/DerivedData/Build/Products/Release -F /Applications/Xcode.app/Contents/Developer/Platforms/MacOSX.platform/Developer/Library/Frameworks -c -num-threads 8 -Xcc -ivfsstatcache -Xcc /Users/geraltgraham/Codes/CPUKiller/app-macos/build/DerivedData/SDKStatCaches.noindex/macosx26.2-25C58-e8867d0c40613ffc63e0238af232dc5000fa09913b459cbbc988d1f6730289ae.sdkstatcache -output-file-map /Users/geraltgraham/Codes/CPUKiller/app-macos/build/DerivedData/Build/Intermediates.noindex/MacKit.build/Release/MacKitLifecycle.build/Objects-normal/arm64/MacKitLifecycle-OutputFileMap.json -use-frontend-parseable-output -save-temps -no-color-diagnostics -explicit-module-build -module-cache-path /Users/geraltgraham/Codes/CPUKiller/app-macos/build/DerivedData/Build/Intermediates.noindex/SwiftExplicitPrecompiledModules -clang-scanner-module-cache-path /Users/geraltgraham/Codes/CPUKiller/app-macos/build/DerivedData/ModuleCache.noindex -sdk-module-cache-path /Users/geraltgraham/Codes/CPUKiller/app-macos/build/DerivedData/ModuleCache.noindex -serialize-diagnostics -emit-dependencies -emit-module -emit-module-path /Users/geraltgraham/Codes/CPUKiller/app-macos/build/DerivedData/Build/Intermediates.noindex/MacKit.build/Release/MacKitLifecycle.build/Objects-normal/arm64/MacKitLifecycle.swiftmodule -user-module-version 0.1.4 -validate-clang-modules-once -clang-build-session-file /Users/geraltgraham/Codes/CPUKiller/app-macos/build/DerivedData/ModuleCache.noindex/Session.modulevalidation -package-name mac_kit_swift -Xcc -I/Users/geraltgraham/Codes/CPUKiller/app-macos/build/DerivedData/Build/Intermediates.noindex/MacKit.build/Release/MacKitLifecycle.build/swift-overrides.hmap -emit-const-values -Xfrontend -const-gather-protocols-file -Xfrontend /Users/geraltgraham/Codes/CPUKiller/app-macos/build/DerivedData/Build/Intermediates.noindex/MacKit.build/Release/MacKitLifecycle.build/Objects-normal/arm64/MacKitLifecycle_const_extract_protocols.json -Xcc -I/Users/geraltgraham/Codes/CPUKiller/app-macos/build/DerivedData/Build/Products/Release/include -Xcc -I/Users/geraltgraham/Codes/CPUKiller/app-macos/build/DerivedData/Build/Intermediates.noindex/MacKit.build/Release/MacKitLifecycle.build/DerivedSources-normal/arm64 -Xcc -I/Users/geraltgraham/Codes/CPUKiller/app-macos/build/DerivedData/Build/Intermediates.noindex/MacKit.build/Release/MacKitLifecycle.build/DerivedSources/arm64 -Xcc -I/Users/geraltgraham/Codes/CPUKiller/app-macos/build/DerivedData/Build/Intermediates.noindex/MacKit.build/Release/MacKitLifecycle.build/DerivedSources -Xcc -DSWIFT_PACKAGE -emit-objc-header -emit-objc-header-path /Users/geraltgraham/Codes/CPUKiller/app-macos/build/DerivedData/Build/Intermediates.noindex/MacKit.build/Release/MacKitLifecycle.build/Objects-normal/arm64/MacKitLifecycle-Swift.h -working-directory /Users/geraltgraham/Codes/CPUKiller/app-macos/MacResourceMonitor.xcodeproj -no-emit-module-separately-wmo

SwiftDriver MacKitCore normal x86_64 com.apple.xcode.tools.swift.compiler (in target 'MacKitCore' from project 'MacKit')
    cd /Users/geraltgraham/Codes/CPUKiller/app-macos/MacResourceMonitor.xcodeproj
    builtin-SwiftDriver -- /Applications/Xcode.app/Contents/Developer/Toolchains/XcodeDefault.xctoolchain/usr/bin/swiftc -module-name MacKitCore -O -whole-module-optimization -enforce-exclusivity\=checked @/Users/geraltgraham/Codes/CPUKiller/app-macos/build/DerivedData/Build/Intermediates.noindex/MacKit.build/Release/MacKitCore.build/Objects-normal/x86_64/MacKitCore.SwiftFileList -DSWIFT_PACKAGE -DSWIFT_MODULE_RESOURCE_BUNDLE_UNAVAILABLE -DXcode -plugin-path /Applications/Xcode.app/Contents/Developer/Toolchains/XcodeDefault.xctoolchain/usr/lib/swift/host/plugins/testing -enable-experimental-feature DebugDescriptionMacro -sdk /Applications/Xcode.app/Contents/Developer/Platforms/MacOSX.platform/Developer/SDKs/MacOSX26.2.sdk -target x86_64-apple-macos14.0 -g -module-cache-path /Users/geraltgraham/Codes/CPUKiller/app-macos/build/DerivedData/ModuleCache.noindex -Xfrontend -serialize-debugging-options -suppress-warnings -swift-version 6 -I /Users/geraltgraham/Codes/CPUKiller/app-macos/build/DerivedData/Build/Products/Release -Isystem /Applications/Xcode.app/Contents/Developer/Platforms/MacOSX.platform/Developer/usr/lib -F /Users/geraltgraham/Codes/CPUKiller/app-macos/build/DerivedData/Build/Products/Release -F /Applications/Xcode.app/Contents/Developer/Platforms/MacOSX.platform/Developer/Library/Frameworks -c -num-threads 8 -Xcc -ivfsstatcache -Xcc /Users/geraltgraham/Codes/CPUKiller/app-macos/build/DerivedData/SDKStatCaches.noindex/macosx26.2-25C58-e8867d0c40613ffc63e0238af232dc5000fa09913b459cbbc988d1f6730289ae.sdkstatcache -output-file-map /Users/geraltgraham/Codes/CPUKiller/app-macos/build/DerivedData/Build/Intermediates.noindex/MacKit.build/Release/MacKitCore.build/Objects-normal/x86_64/MacKitCore-OutputFileMap.json -use-frontend-parseable-output -save-temps -no-color-diagnostics -explicit-module-build -module-cache-path /Users/geraltgraham/Codes/CPUKiller/app-macos/build/DerivedData/Build/Intermediates.noindex/SwiftExplicitPrecompiledModules -clang-scanner-module-cache-path /Users/geraltgraham/Codes/CPUKiller/app-macos/build/DerivedData/ModuleCache.noindex -sdk-module-cache-path /Users/geraltgraham/Codes/CPUKiller/app-macos/build/DerivedData/ModuleCache.noindex -serialize-diagnostics -emit-dependencies -emit-module -emit-module-path /Users/geraltgraham/Codes/CPUKiller/app-macos/build/DerivedData/Build/Intermediates.noindex/MacKit.build/Release/MacKitCore.build/Objects-normal/x86_64/MacKitCore.swiftmodule -user-module-version 0.1.4 -validate-clang-modules-once -clang-build-session-file /Users/geraltgraham/Codes/CPUKiller/app-macos/build/DerivedData/ModuleCache.noindex/Session.modulevalidation -package-name mac_kit_swift -Xcc -I/Users/geraltgraham/Codes/CPUKiller/app-macos/build/DerivedData/Build/Intermediates.noindex/MacKit.build/Release/MacKitCore.build/swift-overrides.hmap -emit-const-values -Xfrontend -const-gather-protocols-file -Xfrontend /Users/geraltgraham/Codes/CPUKiller/app-macos/build/DerivedData/Build/Intermediates.noindex/MacKit.build/Release/MacKitCore.build/Objects-normal/x86_64/MacKitCore_const_extract_protocols.json -Xcc -I/Users/geraltgraham/Codes/CPUKiller/app-macos/build/DerivedData/Build/Products/Release/include -Xcc -I/Users/geraltgraham/Codes/CPUKiller/app-macos/build/DerivedData/Build/Intermediates.noindex/MacKit.build/Release/MacKitCore.build/DerivedSources-normal/x86_64 -Xcc -I/Users/geraltgraham/Codes/CPUKiller/app-macos/build/DerivedData/Build/Intermediates.noindex/MacKit.build/Release/MacKitCore.build/DerivedSources/x86_64 -Xcc -I/Users/geraltgraham/Codes/CPUKiller/app-macos/build/DerivedData/Build/Intermediates.noindex/MacKit.build/Release/MacKitCore.build/DerivedSources -Xcc -DSWIFT_PACKAGE -emit-objc-header -emit-objc-header-path /Users/geraltgraham/Codes/CPUKiller/app-macos/build/DerivedData/Build/Intermediates.noindex/MacKit.build/Release/MacKitCore.build/Objects-normal/x86_64/MacKitCore-Swift.h -working-directory /Users/geraltgraham/Codes/CPUKiller/app-macos/MacResourceMonitor.xcodeproj -no-emit-module-separately-wmo

SwiftDriver MacKitCore normal arm64 com.apple.xcode.tools.swift.compiler (in target 'MacKitCore' from project 'MacKit')
    cd /Users/geraltgraham/Codes/CPUKiller/app-macos/MacResourceMonitor.xcodeproj
    builtin-SwiftDriver -- /Applications/Xcode.app/Contents/Developer/Toolchains/XcodeDefault.xctoolchain/usr/bin/swiftc -module-name MacKitCore -O -whole-module-optimization -enforce-exclusivity\=checked @/Users/geraltgraham/Codes/CPUKiller/app-macos/build/DerivedData/Build/Intermediates.noindex/MacKit.build/Release/MacKitCore.build/Objects-normal/arm64/MacKitCore.SwiftFileList -DSWIFT_PACKAGE -DSWIFT_MODULE_RESOURCE_BUNDLE_UNAVAILABLE -DXcode -plugin-path /Applications/Xcode.app/Contents/Developer/Toolchains/XcodeDefault.xctoolchain/usr/lib/swift/host/plugins/testing -enable-experimental-feature DebugDescriptionMacro -sdk /Applications/Xcode.app/Contents/Developer/Platforms/MacOSX.platform/Developer/SDKs/MacOSX26.2.sdk -target arm64-apple-macos14.0 -g -module-cache-path /Users/geraltgraham/Codes/CPUKiller/app-macos/build/DerivedData/ModuleCache.noindex -Xfrontend -serialize-debugging-options -suppress-warnings -swift-version 6 -I /Users/geraltgraham/Codes/CPUKiller/app-macos/build/DerivedData/Build/Products/Release -Isystem /Applications/Xcode.app/Contents/Developer/Platforms/MacOSX.platform/Developer/usr/lib -F /Users/geraltgraham/Codes/CPUKiller/app-macos/build/DerivedData/Build/Products/Release -F /Applications/Xcode.app/Contents/Developer/Platforms/MacOSX.platform/Developer/Library/Frameworks -c -num-threads 8 -Xcc -ivfsstatcache -Xcc /Users/geraltgraham/Codes/CPUKiller/app-macos/build/DerivedData/SDKStatCaches.noindex/macosx26.2-25C58-e8867d0c40613ffc63e0238af232dc5000fa09913b459cbbc988d1f6730289ae.sdkstatcache -output-file-map /Users/geraltgraham/Codes/CPUKiller/app-macos/build/DerivedData/Build/Intermediates.noindex/MacKit.build/Release/MacKitCore.build/Objects-normal/arm64/MacKitCore-OutputFileMap.json -use-frontend-parseable-output -save-temps -no-color-diagnostics -explicit-module-build -module-cache-path /Users/geraltgraham/Codes/CPUKiller/app-macos/build/DerivedData/Build/Intermediates.noindex/SwiftExplicitPrecompiledModules -clang-scanner-module-cache-path /Users/geraltgraham/Codes/CPUKiller/app-macos/build/DerivedData/ModuleCache.noindex -sdk-module-cache-path /Users/geraltgraham/Codes/CPUKiller/app-macos/build/DerivedData/ModuleCache.noindex -serialize-diagnostics -emit-dependencies -emit-module -emit-module-path /Users/geraltgraham/Codes/CPUKiller/app-macos/build/DerivedData/Build/Intermediates.noindex/MacKit.build/Release/MacKitCore.build/Objects-normal/arm64/MacKitCore.swiftmodule -user-module-version 0.1.4 -validate-clang-modules-once -clang-build-session-file /Users/geraltgraham/Codes/CPUKiller/app-macos/build/DerivedData/ModuleCache.noindex/Session.modulevalidation -package-name mac_kit_swift -Xcc -I/Users/geraltgraham/Codes/CPUKiller/app-macos/build/DerivedData/Build/Intermediates.noindex/MacKit.build/Release/MacKitCore.build/swift-overrides.hmap -emit-const-values -Xfrontend -const-gather-protocols-file -Xfrontend /Users/geraltgraham/Codes/CPUKiller/app-macos/build/DerivedData/Build/Intermediates.noindex/MacKit.build/Release/MacKitCore.build/Objects-normal/arm64/MacKitCore_const_extract_protocols.json -Xcc -I/Users/geraltgraham/Codes/CPUKiller/app-macos/build/DerivedData/Build/Products/Release/include -Xcc -I/Users/geraltgraham/Codes/CPUKiller/app-macos/build/DerivedData/Build/Intermediates.noindex/MacKit.build/Release/MacKitCore.build/DerivedSources-normal/arm64 -Xcc -I/Users/geraltgraham/Codes/CPUKiller/app-macos/build/DerivedData/Build/Intermediates.noindex/MacKit.build/Release/MacKitCore.build/DerivedSources/arm64 -Xcc -I/Users/geraltgraham/Codes/CPUKiller/app-macos/build/DerivedData/Build/Intermediates.noindex/MacKit.build/Release/MacKitCore.build/DerivedSources -Xcc -DSWIFT_PACKAGE -emit-objc-header -emit-objc-header-path /Users/geraltgraham/Codes/CPUKiller/app-macos/build/DerivedData/Build/Intermediates.noindex/MacKit.build/Release/MacKitCore.build/Objects-normal/arm64/MacKitCore-Swift.h -working-directory /Users/geraltgraham/Codes/CPUKiller/app-macos/MacResourceMonitor.xcodeproj -no-emit-module-separately-wmo

SwiftDriver\ Compilation MacKitCore normal arm64 com.apple.xcode.tools.swift.compiler (in target 'MacKitCore' from project 'MacKit')
    cd /Users/geraltgraham/Codes/CPUKiller/app-macos/MacResourceMonitor.xcodeproj
    builtin-Swift-Compilation -- /Applications/Xcode.app/Contents/Developer/Toolchains/XcodeDefault.xctoolchain/usr/bin/swiftc -module-name MacKitCore -O -whole-module-optimization -enforce-exclusivity\=checked @/Users/geraltgraham/Codes/CPUKiller/app-macos/build/DerivedData/Build/Intermediates.noindex/MacKit.build/Release/MacKitCore.build/Objects-normal/arm64/MacKitCore.SwiftFileList -DSWIFT_PACKAGE -DSWIFT_MODULE_RESOURCE_BUNDLE_UNAVAILABLE -DXcode -plugin-path /Applications/Xcode.app/Contents/Developer/Toolchains/XcodeDefault.xctoolchain/usr/lib/swift/host/plugins/testing -enable-experimental-feature DebugDescriptionMacro -sdk /Applications/Xcode.app/Contents/Developer/Platforms/MacOSX.platform/Developer/SDKs/MacOSX26.2.sdk -target arm64-apple-macos14.0 -g -module-cache-path /Users/geraltgraham/Codes/CPUKiller/app-macos/build/DerivedData/ModuleCache.noindex -Xfrontend -serialize-debugging-options -suppress-warnings -swift-version 6 -I /Users/geraltgraham/Codes/CPUKiller/app-macos/build/DerivedData/Build/Products/Release -Isystem /Applications/Xcode.app/Contents/Developer/Platforms/MacOSX.platform/Developer/usr/lib -F /Users/geraltgraham/Codes/CPUKiller/app-macos/build/DerivedData/Build/Products/Release -F /Applications/Xcode.app/Contents/Developer/Platforms/MacOSX.platform/Developer/Library/Frameworks -c -num-threads 8 -Xcc -ivfsstatcache -Xcc /Users/geraltgraham/Codes/CPUKiller/app-macos/build/DerivedData/SDKStatCaches.noindex/macosx26.2-25C58-e8867d0c40613ffc63e0238af232dc5000fa09913b459cbbc988d1f6730289ae.sdkstatcache -output-file-map /Users/geraltgraham/Codes/CPUKiller/app-macos/build/DerivedData/Build/Intermediates.noindex/MacKit.build/Release/MacKitCore.build/Objects-normal/arm64/MacKitCore-OutputFileMap.json -use-frontend-parseable-output -save-temps -no-color-diagnostics -explicit-module-build -module-cache-path /Users/geraltgraham/Codes/CPUKiller/app-macos/build/DerivedData/Build/Intermediates.noindex/SwiftExplicitPrecompiledModules -clang-scanner-module-cache-path /Users/geraltgraham/Codes/CPUKiller/app-macos/build/DerivedData/ModuleCache.noindex -sdk-module-cache-path /Users/geraltgraham/Codes/CPUKiller/app-macos/build/DerivedData/ModuleCache.noindex -serialize-diagnostics -emit-dependencies -emit-module -emit-module-path /Users/geraltgraham/Codes/CPUKiller/app-macos/build/DerivedData/Build/Intermediates.noindex/MacKit.build/Release/MacKitCore.build/Objects-normal/arm64/MacKitCore.swiftmodule -user-module-version 0.1.4 -validate-clang-modules-once -clang-build-session-file /Users/geraltgraham/Codes/CPUKiller/app-macos/build/DerivedData/ModuleCache.noindex/Session.modulevalidation -package-name mac_kit_swift -Xcc -I/Users/geraltgraham/Codes/CPUKiller/app-macos/build/DerivedData/Build/Intermediates.noindex/MacKit.build/Release/MacKitCore.build/swift-overrides.hmap -emit-const-values -Xfrontend -const-gather-protocols-file -Xfrontend /Users/geraltgraham/Codes/CPUKiller/app-macos/build/DerivedData/Build/Intermediates.noindex/MacKit.build/Release/MacKitCore.build/Objects-normal/arm64/MacKitCore_const_extract_protocols.json -Xcc -I/Users/geraltgraham/Codes/CPUKiller/app-macos/build/DerivedData/Build/Products/Release/include -Xcc -I/Users/geraltgraham/Codes/CPUKiller/app-macos/build/DerivedData/Build/Intermediates.noindex/MacKit.build/Release/MacKitCore.build/DerivedSources-normal/arm64 -Xcc -I/Users/geraltgraham/Codes/CPUKiller/app-macos/build/DerivedData/Build/Intermediates.noindex/MacKit.build/Release/MacKitCore.build/DerivedSources/arm64 -Xcc -I/Users/geraltgraham/Codes/CPUKiller/app-macos/build/DerivedData/Build/Intermediates.noindex/MacKit.build/Release/MacKitCore.build/DerivedSources -Xcc -DSWIFT_PACKAGE -emit-objc-header -emit-objc-header-path /Users/geraltgraham/Codes/CPUKiller/app-macos/build/DerivedData/Build/Intermediates.noindex/MacKit.build/Release/MacKitCore.build/Objects-normal/arm64/MacKitCore-Swift.h -working-directory /Users/geraltgraham/Codes/CPUKiller/app-macos/MacResourceMonitor.xcodeproj -no-emit-module-separately-wmo

SwiftExplicitDependencyGeneratePcm arm64 /Users/geraltgraham/Codes/CPUKiller/app-macos/build/DerivedData/ModuleCache.noindex/SwiftShims-6QJJCK6N4HGMVIR0W35XGNH99.pcm

SwiftExplicitDependencyGeneratePcm arm64 /Users/geraltgraham/Codes/CPUKiller/app-macos/build/DerivedData/ModuleCache.noindex/_SwiftConcurrencyShims-2VMW40U7UNOWDDWUX97WLSQLM.pcm

SwiftExplicitDependencyGeneratePcm x86_64 /Users/geraltgraham/Codes/CPUKiller/app-macos/build/DerivedData/ModuleCache.noindex/_SwiftConcurrencyShims-ABXR09DSJ21ZALCB7FX8BSMV1.pcm

SwiftExplicitDependencyGeneratePcm x86_64 /Users/geraltgraham/Codes/CPUKiller/app-macos/build/DerivedData/ModuleCache.noindex/SwiftShims-5EHJJ6UM4UGURT6WDI783HEFO.pcm

SwiftDriver\ Compilation MacKitCore normal x86_64 com.apple.xcode.tools.swift.compiler (in target 'MacKitCore' from project 'MacKit')
    cd /Users/geraltgraham/Codes/CPUKiller/app-macos/MacResourceMonitor.xcodeproj
    builtin-Swift-Compilation -- /Applications/Xcode.app/Contents/Developer/Toolchains/XcodeDefault.xctoolchain/usr/bin/swiftc -module-name MacKitCore -O -whole-module-optimization -enforce-exclusivity\=checked @/Users/geraltgraham/Codes/CPUKiller/app-macos/build/DerivedData/Build/Intermediates.noindex/MacKit.build/Release/MacKitCore.build/Objects-normal/x86_64/MacKitCore.SwiftFileList -DSWIFT_PACKAGE -DSWIFT_MODULE_RESOURCE_BUNDLE_UNAVAILABLE -DXcode -plugin-path /Applications/Xcode.app/Contents/Developer/Toolchains/XcodeDefault.xctoolchain/usr/lib/swift/host/plugins/testing -enable-experimental-feature DebugDescriptionMacro -sdk /Applications/Xcode.app/Contents/Developer/Platforms/MacOSX.platform/Developer/SDKs/MacOSX26.2.sdk -target x86_64-apple-macos14.0 -g -module-cache-path /Users/geraltgraham/Codes/CPUKiller/app-macos/build/DerivedData/ModuleCache.noindex -Xfrontend -serialize-debugging-options -suppress-warnings -swift-version 6 -I /Users/geraltgraham/Codes/CPUKiller/app-macos/build/DerivedData/Build/Products/Release -Isystem /Applications/Xcode.app/Contents/Developer/Platforms/MacOSX.platform/Developer/usr/lib -F /Users/geraltgraham/Codes/CPUKiller/app-macos/build/DerivedData/Build/Products/Release -F /Applications/Xcode.app/Contents/Developer/Platforms/MacOSX.platform/Developer/Library/Frameworks -c -num-threads 8 -Xcc -ivfsstatcache -Xcc /Users/geraltgraham/Codes/CPUKiller/app-macos/build/DerivedData/SDKStatCaches.noindex/macosx26.2-25C58-e8867d0c40613ffc63e0238af232dc5000fa09913b459cbbc988d1f6730289ae.sdkstatcache -output-file-map /Users/geraltgraham/Codes/CPUKiller/app-macos/build/DerivedData/Build/Intermediates.noindex/MacKit.build/Release/MacKitCore.build/Objects-normal/x86_64/MacKitCore-OutputFileMap.json -use-frontend-parseable-output -save-temps -no-color-diagnostics -explicit-module-build -module-cache-path /Users/geraltgraham/Codes/CPUKiller/app-macos/build/DerivedData/Build/Intermediates.noindex/SwiftExplicitPrecompiledModules -clang-scanner-module-cache-path /Users/geraltgraham/Codes/CPUKiller/app-macos/build/DerivedData/ModuleCache.noindex -sdk-module-cache-path /Users/geraltgraham/Codes/CPUKiller/app-macos/build/DerivedData/ModuleCache.noindex -serialize-diagnostics -emit-dependencies -emit-module -emit-module-path /Users/geraltgraham/Codes/CPUKiller/app-macos/build/DerivedData/Build/Intermediates.noindex/MacKit.build/Release/MacKitCore.build/Objects-normal/x86_64/MacKitCore.swiftmodule -user-module-version 0.1.4 -validate-clang-modules-once -clang-build-session-file /Users/geraltgraham/Codes/CPUKiller/app-macos/build/DerivedData/ModuleCache.noindex/Session.modulevalidation -package-name mac_kit_swift -Xcc -I/Users/geraltgraham/Codes/CPUKiller/app-macos/build/DerivedData/Build/Intermediates.noindex/MacKit.build/Release/MacKitCore.build/swift-overrides.hmap -emit-const-values -Xfrontend -const-gather-protocols-file -Xfrontend /Users/geraltgraham/Codes/CPUKiller/app-macos/build/DerivedData/Build/Intermediates.noindex/MacKit.build/Release/MacKitCore.build/Objects-normal/x86_64/MacKitCore_const_extract_protocols.json -Xcc -I/Users/geraltgraham/Codes/CPUKiller/app-macos/build/DerivedData/Build/Products/Release/include -Xcc -I/Users/geraltgraham/Codes/CPUKiller/app-macos/build/DerivedData/Build/Intermediates.noindex/MacKit.build/Release/MacKitCore.build/DerivedSources-normal/x86_64 -Xcc -I/Users/geraltgraham/Codes/CPUKiller/app-macos/build/DerivedData/Build/Intermediates.noindex/MacKit.build/Release/MacKitCore.build/DerivedSources/x86_64 -Xcc -I/Users/geraltgraham/Codes/CPUKiller/app-macos/build/DerivedData/Build/Intermediates.noindex/MacKit.build/Release/MacKitCore.build/DerivedSources -Xcc -DSWIFT_PACKAGE -emit-objc-header -emit-objc-header-path /Users/geraltgraham/Codes/CPUKiller/app-macos/build/DerivedData/Build/Intermediates.noindex/MacKit.build/Release/MacKitCore.build/Objects-normal/x86_64/MacKitCore-Swift.h -working-directory /Users/geraltgraham/Codes/CPUKiller/app-macos/MacResourceMonitor.xcodeproj -no-emit-module-separately-wmo

SwiftCompile normal arm64 Compiling\ ConcentricCorner.swift,\ Geometry.swift,\ LaunchAtLoginStatus.swift,\ MenuBarAnchorPolicy.swift,\ MenuBarReopenPolicy.swift,\ PanelDismissPolicy.swift,\ UpdateCheckOutcome.swift /Users/geraltgraham/Codes/CPUKiller/app-macos/build/DerivedData/SourcePackages/checkouts/mac-kit-swift/Sources/MacKitCore/ConcentricCorner.swift /Users/geraltgraham/Codes/CPUKiller/app-macos/build/DerivedData/SourcePackages/checkouts/mac-kit-swift/Sources/MacKitCore/Geometry.swift /Users/geraltgraham/Codes/CPUKiller/app-macos/build/DerivedData/SourcePackages/checkouts/mac-kit-swift/Sources/MacKitCore/LaunchAtLoginStatus.swift /Users/geraltgraham/Codes/CPUKiller/app-macos/build/DerivedData/SourcePackages/checkouts/mac-kit-swift/Sources/MacKitCore/MenuBarAnchorPolicy.swift /Users/geraltgraham/Codes/CPUKiller/app-macos/build/DerivedData/SourcePackages/checkouts/mac-kit-swift/Sources/MacKitCore/MenuBarReopenPolicy.swift /Users/geraltgraham/Codes/CPUKiller/app-macos/build/DerivedData/SourcePackages/checkouts/mac-kit-swift/Sources/MacKitCore/PanelDismissPolicy.swift /Users/geraltgraham/Codes/CPUKiller/app-macos/build/DerivedData/SourcePackages/checkouts/mac-kit-swift/Sources/MacKitCore/UpdateCheckOutcome.swift /Applications/Xcode.app/Contents/Developer/Toolchains/XcodeDefault.xctoolchain/usr/lib/swift/macosx/prebuilt-modules/26.2/Swift.swiftmodule/arm64e-apple-macos.swiftmodule /Applications/Xcode.app/Contents/Developer/Toolchains/XcodeDefault.xctoolchain/usr/lib/swift/macosx/prebuilt-modules/26.2/_StringProcessing.swiftmodule/arm64e-apple-macos.swiftmodule /Applications/Xcode.app/Contents/Developer/Toolchains/XcodeDefault.xctoolchain/usr/lib/swift/macosx/prebuilt-modules/26.2/_Concurrency.swiftmodule/arm64e-apple-macos.swiftmodule /Users/geraltgraham/Codes/CPUKiller/app-macos/build/DerivedData/ModuleCache.noindex/SwiftShims-6QJJCK6N4HGMVIR0W35XGNH99.pcm /Users/geraltgraham/Codes/CPUKiller/app-macos/build/DerivedData/ModuleCache.noindex/_SwiftConcurrencyShims-2VMW40U7UNOWDDWUX97WLSQLM.pcm /Users/geraltgraham/Codes/CPUKiller/app-macos/build/DerivedData/Build/Intermediates.noindex/MacKit.build/Release/MacKitCore.build/Objects-normal/arm64/MacKitCore-dependencies-1.json (in target 'MacKitCore' from project 'MacKit')

CompileSwift normal arm64 (in target 'MacKitCore' from project 'MacKit')
    cd /Users/geraltgraham/Codes/CPUKiller/app-macos/MacResourceMonitor.xcodeproj
    

SwiftCompile normal x86_64 Compiling\ ConcentricCorner.swift,\ Geometry.swift,\ LaunchAtLoginStatus.swift,\ MenuBarAnchorPolicy.swift,\ MenuBarReopenPolicy.swift,\ PanelDismissPolicy.swift,\ UpdateCheckOutcome.swift /Users/geraltgraham/Codes/CPUKiller/app-macos/build/DerivedData/SourcePackages/checkouts/mac-kit-swift/Sources/MacKitCore/ConcentricCorner.swift /Users/geraltgraham/Codes/CPUKiller/app-macos/build/DerivedData/SourcePackages/checkouts/mac-kit-swift/Sources/MacKitCore/Geometry.swift /Users/geraltgraham/Codes/CPUKiller/app-macos/build/DerivedData/SourcePackages/checkouts/mac-kit-swift/Sources/MacKitCore/LaunchAtLoginStatus.swift /Users/geraltgraham/Codes/CPUKiller/app-macos/build/DerivedData/SourcePackages/checkouts/mac-kit-swift/Sources/MacKitCore/MenuBarAnchorPolicy.swift /Users/geraltgraham/Codes/CPUKiller/app-macos/build/DerivedData/SourcePackages/checkouts/mac-kit-swift/Sources/MacKitCore/MenuBarReopenPolicy.swift /Users/geraltgraham/Codes/CPUKiller/app-macos/build/DerivedData/SourcePackages/checkouts/mac-kit-swift/Sources/MacKitCore/PanelDismissPolicy.swift /Users/geraltgraham/Codes/CPUKiller/app-macos/build/DerivedData/SourcePackages/checkouts/mac-kit-swift/Sources/MacKitCore/UpdateCheckOutcome.swift /Applications/Xcode.app/Contents/Developer/Toolchains/XcodeDefault.xctoolchain/usr/lib/swift/macosx/prebuilt-modules/26.2/_StringProcessing.swiftmodule/x86_64-apple-macos.swiftmodule /Applications/Xcode.app/Contents/Developer/Toolchains/XcodeDefault.xctoolchain/usr/lib/swift/macosx/prebuilt-modules/26.2/_Concurrency.swiftmodule/x86_64-apple-macos.swiftmodule /Applications/Xcode.app/Contents/Developer/Toolchains/XcodeDefault.xctoolchain/usr/lib/swift/macosx/prebuilt-modules/26.2/Swift.swiftmodule/x86_64-apple-macos.swiftmodule /Users/geraltgraham/Codes/CPUKiller/app-macos/build/DerivedData/ModuleCache.noindex/_SwiftConcurrencyShims-ABXR09DSJ21ZALCB7FX8BSMV1.pcm /Users/geraltgraham/Codes/CPUKiller/app-macos/build/DerivedData/ModuleCache.noindex/SwiftShims-5EHJJ6UM4UGURT6WDI783HEFO.pcm /Users/geraltgraham/Codes/CPUKiller/app-macos/build/DerivedData/Build/Intermediates.noindex/MacKit.build/Release/MacKitCore.build/Objects-normal/x86_64/MacKitCore-dependencies-2.json (in target 'MacKitCore' from project 'MacKit')

CompileSwift normal x86_64 (in target 'MacKitCore' from project 'MacKit')
    cd /Users/geraltgraham/Codes/CPUKiller/app-macos/MacResourceMonitor.xcodeproj
    

SwiftDriverJobDiscovery normal arm64 Compiling ConcentricCorner.swift, Geometry.swift, LaunchAtLoginStatus.swift, MenuBarAnchorPolicy.swift, MenuBarReopenPolicy.swift, PanelDismissPolicy.swift, UpdateCheckOutcome.swift (in target 'MacKitCore' from project 'MacKit')

SwiftDriver\ Compilation\ Requirements MacKitCore normal arm64 com.apple.xcode.tools.swift.compiler (in target 'MacKitCore' from project 'MacKit')
    cd /Users/geraltgraham/Codes/CPUKiller/app-macos/MacResourceMonitor.xcodeproj
    builtin-Swift-Compilation-Requirements -- /Applications/Xcode.app/Contents/Developer/Toolchains/XcodeDefault.xctoolchain/usr/bin/swiftc -module-name MacKitCore -O -whole-module-optimization -enforce-exclusivity\=checked @/Users/geraltgraham/Codes/CPUKiller/app-macos/build/DerivedData/Build/Intermediates.noindex/MacKit.build/Release/MacKitCore.build/Objects-normal/arm64/MacKitCore.SwiftFileList -DSWIFT_PACKAGE -DSWIFT_MODULE_RESOURCE_BUNDLE_UNAVAILABLE -DXcode -plugin-path /Applications/Xcode.app/Contents/Developer/Toolchains/XcodeDefault.xctoolchain/usr/lib/swift/host/plugins/testing -enable-experimental-feature DebugDescriptionMacro -sdk /Applications/Xcode.app/Contents/Developer/Platforms/MacOSX.platform/Developer/SDKs/MacOSX26.2.sdk -target arm64-apple-macos14.0 -g -module-cache-path /Users/geraltgraham/Codes/CPUKiller/app-macos/build/DerivedData/ModuleCache.noindex -Xfrontend -serialize-debugging-options -suppress-warnings -swift-version 6 -I /Users/geraltgraham/Codes/CPUKiller/app-macos/build/DerivedData/Build/Products/Release -Isystem /Applications/Xcode.app/Contents/Developer/Platforms/MacOSX.platform/Developer/usr/lib -F /Users/geraltgraham/Codes/CPUKiller/app-macos/build/DerivedData/Build/Products/Release -F /Applications/Xcode.app/Contents/Developer/Platforms/MacOSX.platform/Developer/Library/Frameworks -c -num-threads 8 -Xcc -ivfsstatcache -Xcc /Users/geraltgraham/Codes/CPUKiller/app-macos/build/DerivedData/SDKStatCaches.noindex/macosx26.2-25C58-e8867d0c40613ffc63e0238af232dc5000fa09913b459cbbc988d1f6730289ae.sdkstatcache -output-file-map /Users/geraltgraham/Codes/CPUKiller/app-macos/build/DerivedData/Build/Intermediates.noindex/MacKit.build/Release/MacKitCore.build/Objects-normal/arm64/MacKitCore-OutputFileMap.json -use-frontend-parseable-output -save-temps -no-color-diagnostics -explicit-module-build -module-cache-path /Users/geraltgraham/Codes/CPUKiller/app-macos/build/DerivedData/Build/Intermediates.noindex/SwiftExplicitPrecompiledModules -clang-scanner-module-cache-path /Users/geraltgraham/Codes/CPUKiller/app-macos/build/DerivedData/ModuleCache.noindex -sdk-module-cache-path /Users/geraltgraham/Codes/CPUKiller/app-macos/build/DerivedData/ModuleCache.noindex -serialize-diagnostics -emit-dependencies -emit-module -emit-module-path /Users/geraltgraham/Codes/CPUKiller/app-macos/build/DerivedData/Build/Intermediates.noindex/MacKit.build/Release/MacKitCore.build/Objects-normal/arm64/MacKitCore.swiftmodule -user-module-version 0.1.4 -validate-clang-modules-once -clang-build-session-file /Users/geraltgraham/Codes/CPUKiller/app-macos/build/DerivedData/ModuleCache.noindex/Session.modulevalidation -package-name mac_kit_swift -Xcc -I/Users/geraltgraham/Codes/CPUKiller/app-macos/build/DerivedData/Build/Intermediates.noindex/MacKit.build/Release/MacKitCore.build/swift-overrides.hmap -emit-const-values -Xfrontend -const-gather-protocols-file -Xfrontend /Users/geraltgraham/Codes/CPUKiller/app-macos/build/DerivedData/Build/Intermediates.noindex/MacKit.build/Release/MacKitCore.build/Objects-normal/arm64/MacKitCore_const_extract_protocols.json -Xcc -I/Users/geraltgraham/Codes/CPUKiller/app-macos/build/DerivedData/Build/Products/Release/include -Xcc -I/Users/geraltgraham/Codes/CPUKiller/app-macos/build/DerivedData/Build/Intermediates.noindex/MacKit.build/Release/MacKitCore.build/DerivedSources-normal/arm64 -Xcc -I/Users/geraltgraham/Codes/CPUKiller/app-macos/build/DerivedData/Build/Intermediates.noindex/MacKit.build/Release/MacKitCore.build/DerivedSources/arm64 -Xcc -I/Users/geraltgraham/Codes/CPUKiller/app-macos/build/DerivedData/Build/Intermediates.noindex/MacKit.build/Release/MacKitCore.build/DerivedSources -Xcc -DSWIFT_PACKAGE -emit-objc-header -emit-objc-header-path /Users/geraltgraham/Codes/CPUKiller/app-macos/build/DerivedData/Build/Intermediates.noindex/MacKit.build/Release/MacKitCore.build/Objects-normal/arm64/MacKitCore-Swift.h -working-directory /Users/geraltgraham/Codes/CPUKiller/app-macos/MacResourceMonitor.xcodeproj -no-emit-module-separately-wmo

Copy /Users/geraltgraham/Codes/CPUKiller/app-macos/build/DerivedData/Build/Products/Release/MacKitCore.swiftmodule/arm64-apple-macos.swiftdoc /Users/geraltgraham/Codes/CPUKiller/app-macos/build/DerivedData/Build/Intermediates.noindex/MacKit.build/Release/MacKitCore.build/Objects-normal/arm64/MacKitCore.swiftdoc (in target 'MacKitCore' from project 'MacKit')
    cd /Users/geraltgraham/Codes/CPUKiller/app-macos/build/DerivedData/SourcePackages/checkouts/mac-kit-swift
    builtin-copy -exclude .DS_Store -exclude CVS -exclude .svn -exclude .git -exclude .hg -strip-unsigned-binaries -strip-deterministic -strip-tool /Applications/Xcode.app/Contents/Developer/Toolchains/XcodeDefault.xctoolchain/usr/bin/strip -resolve-src-symlinks -rename /Users/geraltgraham/Codes/CPUKiller/app-macos/build/DerivedData/Build/Intermediates.noindex/MacKit.build/Release/MacKitCore.build/Objects-normal/arm64/MacKitCore.swiftdoc /Users/geraltgraham/Codes/CPUKiller/app-macos/build/DerivedData/Build/Products/Release/MacKitCore.swiftmodule/arm64-apple-macos.swiftdoc

Copy /Users/geraltgraham/Codes/CPUKiller/app-macos/build/DerivedData/Build/Products/Release/MacKitCore.swiftmodule/arm64-apple-macos.abi.json /Users/geraltgraham/Codes/CPUKiller/app-macos/build/DerivedData/Build/Intermediates.noindex/MacKit.build/Release/MacKitCore.build/Objects-normal/arm64/MacKitCore.abi.json (in target 'MacKitCore' from project 'MacKit')
    cd /Users/geraltgraham/Codes/CPUKiller/app-macos/build/DerivedData/SourcePackages/checkouts/mac-kit-swift
    builtin-copy -exclude .DS_Store -exclude CVS -exclude .svn -exclude .git -exclude .hg -strip-unsigned-binaries -strip-deterministic -strip-tool /Applications/Xcode.app/Contents/Developer/Toolchains/XcodeDefault.xctoolchain/usr/bin/strip -resolve-src-symlinks -rename /Users/geraltgraham/Codes/CPUKiller/app-macos/build/DerivedData/Build/Intermediates.noindex/MacKit.build/Release/MacKitCore.build/Objects-normal/arm64/MacKitCore.abi.json /Users/geraltgraham/Codes/CPUKiller/app-macos/build/DerivedData/Build/Products/Release/MacKitCore.swiftmodule/arm64-apple-macos.abi.json

Copy /Users/geraltgraham/Codes/CPUKiller/app-macos/build/DerivedData/Build/Products/Release/MacKitCore.swiftmodule/Project/arm64-apple-macos.swiftsourceinfo /Users/geraltgraham/Codes/CPUKiller/app-macos/build/DerivedData/Build/Intermediates.noindex/MacKit.build/Release/MacKitCore.build/Objects-normal/arm64/MacKitCore.swiftsourceinfo (in target 'MacKitCore' from project 'MacKit')
    cd /Users/geraltgraham/Codes/CPUKiller/app-macos/build/DerivedData/SourcePackages/checkouts/mac-kit-swift
    builtin-copy -exclude .DS_Store -exclude CVS -exclude .svn -exclude .git -exclude .hg -strip-unsigned-binaries -strip-deterministic -strip-tool /Applications/Xcode.app/Contents/Developer/Toolchains/XcodeDefault.xctoolchain/usr/bin/strip -resolve-src-symlinks -rename /Users/geraltgraham/Codes/CPUKiller/app-macos/build/DerivedData/Build/Intermediates.noindex/MacKit.build/Release/MacKitCore.build/Objects-normal/arm64/MacKitCore.swiftsourceinfo /Users/geraltgraham/Codes/CPUKiller/app-macos/build/DerivedData/Build/Products/Release/MacKitCore.swiftmodule/Project/arm64-apple-macos.swiftsourceinfo

Copy /Users/geraltgraham/Codes/CPUKiller/app-macos/build/DerivedData/Build/Products/Release/MacKitCore.swiftmodule/arm64-apple-macos.swiftmodule /Users/geraltgraham/Codes/CPUKiller/app-macos/build/DerivedData/Build/Intermediates.noindex/MacKit.build/Release/MacKitCore.build/Objects-normal/arm64/MacKitCore.swiftmodule (in target 'MacKitCore' from project 'MacKit')
    cd /Users/geraltgraham/Codes/CPUKiller/app-macos/build/DerivedData/SourcePackages/checkouts/mac-kit-swift
    builtin-copy -exclude .DS_Store -exclude CVS -exclude .svn -exclude .git -exclude .hg -strip-unsigned-binaries -strip-deterministic -strip-tool /Applications/Xcode.app/Contents/Developer/Toolchains/XcodeDefault.xctoolchain/usr/bin/strip -resolve-src-symlinks -rename /Users/geraltgraham/Codes/CPUKiller/app-macos/build/DerivedData/Build/Intermediates.noindex/MacKit.build/Release/MacKitCore.build/Objects-normal/arm64/MacKitCore.swiftmodule /Users/geraltgraham/Codes/CPUKiller/app-macos/build/DerivedData/Build/Products/Release/MacKitCore.swiftmodule/arm64-apple-macos.swiftmodule

SwiftDriverJobDiscovery normal x86_64 Compiling ConcentricCorner.swift, Geometry.swift, LaunchAtLoginStatus.swift, MenuBarAnchorPolicy.swift, MenuBarReopenPolicy.swift, PanelDismissPolicy.swift, UpdateCheckOutcome.swift (in target 'MacKitCore' from project 'MacKit')

SwiftDriver\ Compilation\ Requirements MacKitCore normal x86_64 com.apple.xcode.tools.swift.compiler (in target 'MacKitCore' from project 'MacKit')
    cd /Users/geraltgraham/Codes/CPUKiller/app-macos/MacResourceMonitor.xcodeproj
    builtin-Swift-Compilation-Requirements -- /Applications/Xcode.app/Contents/Developer/Toolchains/XcodeDefault.xctoolchain/usr/bin/swiftc -module-name MacKitCore -O -whole-module-optimization -enforce-exclusivity\=checked @/Users/geraltgraham/Codes/CPUKiller/app-macos/build/DerivedData/Build/Intermediates.noindex/MacKit.build/Release/MacKitCore.build/Objects-normal/x86_64/MacKitCore.SwiftFileList -DSWIFT_PACKAGE -DSWIFT_MODULE_RESOURCE_BUNDLE_UNAVAILABLE -DXcode -plugin-path /Applications/Xcode.app/Contents/Developer/Toolchains/XcodeDefault.xctoolchain/usr/lib/swift/host/plugins/testing -enable-experimental-feature DebugDescriptionMacro -sdk /Applications/Xcode.app/Contents/Developer/Platforms/MacOSX.platform/Developer/SDKs/MacOSX26.2.sdk -target x86_64-apple-macos14.0 -g -module-cache-path /Users/geraltgraham/Codes/CPUKiller/app-macos/build/DerivedData/ModuleCache.noindex -Xfrontend -serialize-debugging-options -suppress-warnings -swift-version 6 -I /Users/geraltgraham/Codes/CPUKiller/app-macos/build/DerivedData/Build/Products/Release -Isystem /Applications/Xcode.app/Contents/Developer/Platforms/MacOSX.platform/Developer/usr/lib -F /Users/geraltgraham/Codes/CPUKiller/app-macos/build/DerivedData/Build/Products/Release -F /Applications/Xcode.app/Contents/Developer/Platforms/MacOSX.platform/Developer/Library/Frameworks -c -num-threads 8 -Xcc -ivfsstatcache -Xcc /Users/geraltgraham/Codes/CPUKiller/app-macos/build/DerivedData/SDKStatCaches.noindex/macosx26.2-25C58-e8867d0c40613ffc63e0238af232dc5000fa09913b459cbbc988d1f6730289ae.sdkstatcache -output-file-map /Users/geraltgraham/Codes/CPUKiller/app-macos/build/DerivedData/Build/Intermediates.noindex/MacKit.build/Release/MacKitCore.build/Objects-normal/x86_64/MacKitCore-OutputFileMap.json -use-frontend-parseable-output -save-temps -no-color-diagnostics -explicit-module-build -module-cache-path /Users/geraltgraham/Codes/CPUKiller/app-macos/build/DerivedData/Build/Intermediates.noindex/SwiftExplicitPrecompiledModules -clang-scanner-module-cache-path /Users/geraltgraham/Codes/CPUKiller/app-macos/build/DerivedData/ModuleCache.noindex -sdk-module-cache-path /Users/geraltgraham/Codes/CPUKiller/app-macos/build/DerivedData/ModuleCache.noindex -serialize-diagnostics -emit-dependencies -emit-module -emit-module-path /Users/geraltgraham/Codes/CPUKiller/app-macos/build/DerivedData/Build/Intermediates.noindex/MacKit.build/Release/MacKitCore.build/Objects-normal/x86_64/MacKitCore.swiftmodule -user-module-version 0.1.4 -validate-clang-modules-once -clang-build-session-file /Users/geraltgraham/Codes/CPUKiller/app-macos/build/DerivedData/ModuleCache.noindex/Session.modulevalidation -package-name mac_kit_swift -Xcc -I/Users/geraltgraham/Codes/CPUKiller/app-macos/build/DerivedData/Build/Intermediates.noindex/MacKit.build/Release/MacKitCore.build/swift-overrides.hmap -emit-const-values -Xfrontend -const-gather-protocols-file -Xfrontend /Users/geraltgraham/Codes/CPUKiller/app-macos/build/DerivedData/Build/Intermediates.noindex/MacKit.build/Release/MacKitCore.build/Objects-normal/x86_64/MacKitCore_const_extract_protocols.json -Xcc -I/Users/geraltgraham/Codes/CPUKiller/app-macos/build/DerivedData/Build/Products/Release/include -Xcc -I/Users/geraltgraham/Codes/CPUKiller/app-macos/build/DerivedData/Build/Intermediates.noindex/MacKit.build/Release/MacKitCore.build/DerivedSources-normal/x86_64 -Xcc -I/Users/geraltgraham/Codes/CPUKiller/app-macos/build/DerivedData/Build/Intermediates.noindex/MacKit.build/Release/MacKitCore.build/DerivedSources/x86_64 -Xcc -I/Users/geraltgraham/Codes/CPUKiller/app-macos/build/DerivedData/Build/Intermediates.noindex/MacKit.build/Release/MacKitCore.build/DerivedSources -Xcc -DSWIFT_PACKAGE -emit-objc-header -emit-objc-header-path /Users/geraltgraham/Codes/CPUKiller/app-macos/build/DerivedData/Build/Intermediates.noindex/MacKit.build/Release/MacKitCore.build/Objects-normal/x86_64/MacKitCore-Swift.h -working-directory /Users/geraltgraham/Codes/CPUKiller/app-macos/MacResourceMonitor.xcodeproj -no-emit-module-separately-wmo

SwiftMergeGeneratedHeaders /Users/geraltgraham/Codes/CPUKiller/app-macos/build/DerivedData/Build/Intermediates.noindex/GeneratedModuleMaps/MacKitCore-Swift.h /Users/geraltgraham/Codes/CPUKiller/app-macos/build/DerivedData/Build/Intermediates.noindex/MacKit.build/Release/MacKitCore.build/Objects-normal/arm64/MacKitCore-Swift.h /Users/geraltgraham/Codes/CPUKiller/app-macos/build/DerivedData/Build/Intermediates.noindex/MacKit.build/Release/MacKitCore.build/Objects-normal/x86_64/MacKitCore-Swift.h (in target 'MacKitCore' from project 'MacKit')
    cd /Users/geraltgraham/Codes/CPUKiller/app-macos/build/DerivedData/SourcePackages/checkouts/mac-kit-swift
    builtin-swiftHeaderTool -arch arm64 /Users/geraltgraham/Codes/CPUKiller/app-macos/build/DerivedData/Build/Intermediates.noindex/MacKit.build/Release/MacKitCore.build/Objects-normal/arm64/MacKitCore-Swift.h -arch x86_64 /Users/geraltgraham/Codes/CPUKiller/app-macos/build/DerivedData/Build/Intermediates.noindex/MacKit.build/Release/MacKitCore.build/Objects-normal/x86_64/MacKitCore-Swift.h -o /Users/geraltgraham/Codes/CPUKiller/app-macos/build/DerivedData/Build/Intermediates.noindex/GeneratedModuleMaps/MacKitCore-Swift.h

Copy /Users/geraltgraham/Codes/CPUKiller/app-macos/build/DerivedData/Build/Products/Release/MacKitCore.swiftmodule/x86_64-apple-macos.swiftmodule /Users/geraltgraham/Codes/CPUKiller/app-macos/build/DerivedData/Build/Intermediates.noindex/MacKit.build/Release/MacKitCore.build/Objects-normal/x86_64/MacKitCore.swiftmodule (in target 'MacKitCore' from project 'MacKit')
    cd /Users/geraltgraham/Codes/CPUKiller/app-macos/build/DerivedData/SourcePackages/checkouts/mac-kit-swift
    builtin-copy -exclude .DS_Store -exclude CVS -exclude .svn -exclude .git -exclude .hg -strip-unsigned-binaries -strip-deterministic -strip-tool /Applications/Xcode.app/Contents/Developer/Toolchains/XcodeDefault.xctoolchain/usr/bin/strip -resolve-src-symlinks -rename /Users/geraltgraham/Codes/CPUKiller/app-macos/build/DerivedData/Build/Intermediates.noindex/MacKit.build/Release/MacKitCore.build/Objects-normal/x86_64/MacKitCore.swiftmodule /Users/geraltgraham/Codes/CPUKiller/app-macos/build/DerivedData/Build/Products/Release/MacKitCore.swiftmodule/x86_64-apple-macos.swiftmodule

Copy /Users/geraltgraham/Codes/CPUKiller/app-macos/build/DerivedData/Build/Products/Release/MacKitCore.swiftmodule/x86_64-apple-macos.swiftdoc /Users/geraltgraham/Codes/CPUKiller/app-macos/build/DerivedData/Build/Intermediates.noindex/MacKit.build/Release/MacKitCore.build/Objects-normal/x86_64/MacKitCore.swiftdoc (in target 'MacKitCore' from project 'MacKit')
    cd /Users/geraltgraham/Codes/CPUKiller/app-macos/build/DerivedData/SourcePackages/checkouts/mac-kit-swift
    builtin-copy -exclude .DS_Store -exclude CVS -exclude .svn -exclude .git -exclude .hg -strip-unsigned-binaries -strip-deterministic -strip-tool /Applications/Xcode.app/Contents/Developer/Toolchains/XcodeDefault.xctoolchain/usr/bin/strip -resolve-src-symlinks -rename /Users/geraltgraham/Codes/CPUKiller/app-macos/build/DerivedData/Build/Intermediates.noindex/MacKit.build/Release/MacKitCore.build/Objects-normal/x86_64/MacKitCore.swiftdoc /Users/geraltgraham/Codes/CPUKiller/app-macos/build/DerivedData/Build/Products/Release/MacKitCore.swiftmodule/x86_64-apple-macos.swiftdoc

Copy /Users/geraltgraham/Codes/CPUKiller/app-macos/build/DerivedData/Build/Products/Release/MacKitCore.swiftmodule/Project/x86_64-apple-macos.swiftsourceinfo /Users/geraltgraham/Codes/CPUKiller/app-macos/build/DerivedData/Build/Intermediates.noindex/MacKit.build/Release/MacKitCore.build/Objects-normal/x86_64/MacKitCore.swiftsourceinfo (in target 'MacKitCore' from project 'MacKit')
    cd /Users/geraltgraham/Codes/CPUKiller/app-macos/build/DerivedData/SourcePackages/checkouts/mac-kit-swift
    builtin-copy -exclude .DS_Store -exclude CVS -exclude .svn -exclude .git -exclude .hg -strip-unsigned-binaries -strip-deterministic -strip-tool /Applications/Xcode.app/Contents/Developer/Toolchains/XcodeDefault.xctoolchain/usr/bin/strip -resolve-src-symlinks -rename /Users/geraltgraham/Codes/CPUKiller/app-macos/build/DerivedData/Build/Intermediates.noindex/MacKit.build/Release/MacKitCore.build/Objects-normal/x86_64/MacKitCore.swiftsourceinfo /Users/geraltgraham/Codes/CPUKiller/app-macos/build/DerivedData/Build/Products/Release/MacKitCore.swiftmodule/Project/x86_64-apple-macos.swiftsourceinfo

Copy /Users/geraltgraham/Codes/CPUKiller/app-macos/build/DerivedData/Build/Products/Release/MacKitCore.swiftmodule/x86_64-apple-macos.abi.json /Users/geraltgraham/Codes/CPUKiller/app-macos/build/DerivedData/Build/Intermediates.noindex/MacKit.build/Release/MacKitCore.build/Objects-normal/x86_64/MacKitCore.abi.json (in target 'MacKitCore' from project 'MacKit')
    cd /Users/geraltgraham/Codes/CPUKiller/app-macos/build/DerivedData/SourcePackages/checkouts/mac-kit-swift
    builtin-copy -exclude .DS_Store -exclude CVS -exclude .svn -exclude .git -exclude .hg -strip-unsigned-binaries -strip-deterministic -strip-tool /Applications/Xcode.app/Contents/Developer/Toolchains/XcodeDefault.xctoolchain/usr/bin/strip -resolve-src-symlinks -rename /Users/geraltgraham/Codes/CPUKiller/app-macos/build/DerivedData/Build/Intermediates.noindex/MacKit.build/Release/MacKitCore.build/Objects-normal/x86_64/MacKitCore.abi.json /Users/geraltgraham/Codes/CPUKiller/app-macos/build/DerivedData/Build/Products/Release/MacKitCore.swiftmodule/x86_64-apple-macos.abi.json

Ld /Users/geraltgraham/Codes/CPUKiller/app-macos/build/DerivedData/Build/Intermediates.noindex/MacKit.build/Release/MacKitCore.build/Objects-normal/x86_64/Binary/MacKitCore.o normal x86_64 (in target 'MacKitCore' from project 'MacKit')
    cd /Users/geraltgraham/Codes/CPUKiller/app-macos/build/DerivedData/SourcePackages/checkouts/mac-kit-swift
    /Applications/Xcode.app/Contents/Developer/Toolchains/XcodeDefault.xctoolchain/usr/bin/clang -Xlinker -reproducible -target x86_64-apple-macos14.0 -r -isysroot /Applications/Xcode.app/Contents/Developer/Platforms/MacOSX.platform/Developer/SDKs/MacOSX26.2.sdk -Os -w -L/Users/geraltgraham/Codes/CPUKiller/app-macos/build/DerivedData/Build/Intermediates.noindex/EagerLinkingTBDs/Release -L/Users/geraltgraham/Codes/CPUKiller/app-macos/build/DerivedData/Build/Products/Release -L/Applications/Xcode.app/Contents/Developer/Platforms/MacOSX.platform/Developer/usr/lib -F/Users/geraltgraham/Codes/CPUKiller/app-macos/build/DerivedData/Build/Intermediates.noindex/EagerLinkingTBDs/Release -F/Users/geraltgraham/Codes/CPUKiller/app-macos/build/DerivedData/Build/Products/Release -iframework /Applications/Xcode.app/Contents/Developer/Platforms/MacOSX.platform/Developer/Library/Frameworks -filelist /Users/geraltgraham/Codes/CPUKiller/app-macos/build/DerivedData/Build/Intermediates.noindex/MacKit.build/Release/MacKitCore.build/Objects-normal/x86_64/MacKitCore.LinkFileList -nostdlib -Xlinker -object_path_lto -Xlinker /Users/geraltgraham/Codes/CPUKiller/app-macos/build/DerivedData/Build/Intermediates.noindex/MacKit.build/Release/MacKitCore.build/Objects-normal/x86_64/MacKitCore_lto.o -Xlinker -dependency_info -Xlinker /Users/geraltgraham/Codes/CPUKiller/app-macos/build/DerivedData/Build/Intermediates.noindex/MacKit.build/Release/MacKitCore.build/Objects-normal/x86_64/MacKitCore_dependency_info.dat -fobjc-link-runtime -L/Applications/Xcode.app/Contents/Developer/Toolchains/XcodeDefault.xctoolchain/usr/lib/swift/macosx -L/usr/lib/swift -Xlinker -add_ast_path -Xlinker /Users/geraltgraham/Codes/CPUKiller/app-macos/build/DerivedData/Build/Intermediates.noindex/MacKit.build/Release/MacKitCore.build/Objects-normal/x86_64/MacKitCore.swiftmodule @/Users/geraltgraham/Codes/CPUKiller/app-macos/build/DerivedData/Build/Intermediates.noindex/MacKit.build/Release/MacKitCore.build/Objects-normal/x86_64/MacKitCore-linker-args.resp -o /Users/geraltgraham/Codes/CPUKiller/app-macos/build/DerivedData/Build/Intermediates.noindex/MacKit.build/Release/MacKitCore.build/Objects-normal/x86_64/Binary/MacKitCore.o

Ld /Users/geraltgraham/Codes/CPUKiller/app-macos/build/DerivedData/Build/Intermediates.noindex/MacKit.build/Release/MacKitCore.build/Objects-normal/arm64/Binary/MacKitCore.o normal arm64 (in target 'MacKitCore' from project 'MacKit')
    cd /Users/geraltgraham/Codes/CPUKiller/app-macos/build/DerivedData/SourcePackages/checkouts/mac-kit-swift
    /Applications/Xcode.app/Contents/Developer/Toolchains/XcodeDefault.xctoolchain/usr/bin/clang -Xlinker -reproducible -target arm64-apple-macos14.0 -r -isysroot /Applications/Xcode.app/Contents/Developer/Platforms/MacOSX.platform/Developer/SDKs/MacOSX26.2.sdk -Os -w -L/Users/geraltgraham/Codes/CPUKiller/app-macos/build/DerivedData/Build/Intermediates.noindex/EagerLinkingTBDs/Release -L/Users/geraltgraham/Codes/CPUKiller/app-macos/build/DerivedData/Build/Products/Release -L/Applications/Xcode.app/Contents/Developer/Platforms/MacOSX.platform/Developer/usr/lib -F/Users/geraltgraham/Codes/CPUKiller/app-macos/build/DerivedData/Build/Intermediates.noindex/EagerLinkingTBDs/Release -F/Users/geraltgraham/Codes/CPUKiller/app-macos/build/DerivedData/Build/Products/Release -iframework /Applications/Xcode.app/Contents/Developer/Platforms/MacOSX.platform/Developer/Library/Frameworks -filelist /Users/geraltgraham/Codes/CPUKiller/app-macos/build/DerivedData/Build/Intermediates.noindex/MacKit.build/Release/MacKitCore.build/Objects-normal/arm64/MacKitCore.LinkFileList -nostdlib -Xlinker -object_path_lto -Xlinker /Users/geraltgraham/Codes/CPUKiller/app-macos/build/DerivedData/Build/Intermediates.noindex/MacKit.build/Release/MacKitCore.build/Objects-normal/arm64/MacKitCore_lto.o -Xlinker -dependency_info -Xlinker /Users/geraltgraham/Codes/CPUKiller/app-macos/build/DerivedData/Build/Intermediates.noindex/MacKit.build/Release/MacKitCore.build/Objects-normal/arm64/MacKitCore_dependency_info.dat -fobjc-link-runtime -L/Applications/Xcode.app/Contents/Developer/Toolchains/XcodeDefault.xctoolchain/usr/lib/swift/macosx -L/usr/lib/swift -Xlinker -add_ast_path -Xlinker /Users/geraltgraham/Codes/CPUKiller/app-macos/build/DerivedData/Build/Intermediates.noindex/MacKit.build/Release/MacKitCore.build/Objects-normal/arm64/MacKitCore.swiftmodule @/Users/geraltgraham/Codes/CPUKiller/app-macos/build/DerivedData/Build/Intermediates.noindex/MacKit.build/Release/MacKitCore.build/Objects-normal/arm64/MacKitCore-linker-args.resp -o /Users/geraltgraham/Codes/CPUKiller/app-macos/build/DerivedData/Build/Intermediates.noindex/MacKit.build/Release/MacKitCore.build/Objects-normal/arm64/Binary/MacKitCore.o

SwiftDriver MacKitUpdater normal arm64 com.apple.xcode.tools.swift.compiler (in target 'MacKitUpdater' from project 'MacKit')
    cd /Users/geraltgraham/Codes/CPUKiller/app-macos/MacResourceMonitor.xcodeproj
    builtin-SwiftDriver -- /Applications/Xcode.app/Contents/Developer/Toolchains/XcodeDefault.xctoolchain/usr/bin/swiftc -module-name MacKitUpdater -O -whole-module-optimization -enforce-exclusivity\=checked @/Users/geraltgraham/Codes/CPUKiller/app-macos/build/DerivedData/Build/Intermediates.noindex/MacKit.build/Release/MacKitUpdater.build/Objects-normal/arm64/MacKitUpdater.SwiftFileList -DSWIFT_PACKAGE -DSWIFT_MODULE_RESOURCE_BUNDLE_UNAVAILABLE -DXcode -plugin-path /Applications/Xcode.app/Contents/Developer/Toolchains/XcodeDefault.xctoolchain/usr/lib/swift/host/plugins/testing -enable-experimental-feature DebugDescriptionMacro -sdk /Applications/Xcode.app/Contents/Developer/Platforms/MacOSX.platform/Developer/SDKs/MacOSX26.2.sdk -target arm64-apple-macos14.0 -g -module-cache-path /Users/geraltgraham/Codes/CPUKiller/app-macos/build/DerivedData/ModuleCache.noindex -Xfrontend -serialize-debugging-options -suppress-warnings -swift-version 6 -I /Users/geraltgraham/Codes/CPUKiller/app-macos/build/DerivedData/Build/Products/Release -Isystem /Applications/Xcode.app/Contents/Developer/Platforms/MacOSX.platform/Developer/usr/lib -F /Users/geraltgraham/Codes/CPUKiller/app-macos/build/DerivedData/Build/Products/Release/PackageFrameworks -F /Users/geraltgraham/Codes/CPUKiller/app-macos/build/DerivedData/Build/Products/Release -F /Applications/Xcode.app/Contents/Developer/Platforms/MacOSX.platform/Developer/Library/Frameworks -parse-as-library -c -num-threads 8 -Xcc -ivfsstatcache -Xcc /Users/geraltgraham/Codes/CPUKiller/app-macos/build/DerivedData/SDKStatCaches.noindex/macosx26.2-25C58-e8867d0c40613ffc63e0238af232dc5000fa09913b459cbbc988d1f6730289ae.sdkstatcache -output-file-map /Users/geraltgraham/Codes/CPUKiller/app-macos/build/DerivedData/Build/Intermediates.noindex/MacKit.build/Release/MacKitUpdater.build/Objects-normal/arm64/MacKitUpdater-OutputFileMap.json -use-frontend-parseable-output -save-temps -no-color-diagnostics -explicit-module-build -module-cache-path /Users/geraltgraham/Codes/CPUKiller/app-macos/build/DerivedData/Build/Intermediates.noindex/SwiftExplicitPrecompiledModules -clang-scanner-module-cache-path /Users/geraltgraham/Codes/CPUKiller/app-macos/build/DerivedData/ModuleCache.noindex -sdk-module-cache-path /Users/geraltgraham/Codes/CPUKiller/app-macos/build/DerivedData/ModuleCache.noindex -serialize-diagnostics -emit-dependencies -emit-module -emit-module-path /Users/geraltgraham/Codes/CPUKiller/app-macos/build/DerivedData/Build/Intermediates.noindex/MacKit.build/Release/MacKitUpdater.build/Objects-normal/arm64/MacKitUpdater.swiftmodule -user-module-version 0.1.4 -validate-clang-modules-once -clang-build-session-file /Users/geraltgraham/Codes/CPUKiller/app-macos/build/DerivedData/ModuleCache.noindex/Session.modulevalidation -package-name mac_kit_swift -Xcc -I/Users/geraltgraham/Codes/CPUKiller/app-macos/build/DerivedData/Build/Intermediates.noindex/MacKit.build/Release/MacKitUpdater.build/swift-overrides.hmap -emit-const-values -Xfrontend -const-gather-protocols-file -Xfrontend /Users/geraltgraham/Codes/CPUKiller/app-macos/build/DerivedData/Build/Intermediates.noindex/MacKit.build/Release/MacKitUpdater.build/Objects-normal/arm64/MacKitUpdater_const_extract_protocols.json -Xcc -I/Users/geraltgraham/Codes/CPUKiller/app-macos/build/DerivedData/Build/Products/Release/include -Xcc -I/Users/geraltgraham/Codes/CPUKiller/app-macos/build/DerivedData/Build/Intermediates.noindex/MacKit.build/Release/MacKitUpdater.build/DerivedSources-normal/arm64 -Xcc -I/Users/geraltgraham/Codes/CPUKiller/app-macos/build/DerivedData/Build/Intermediates.noindex/MacKit.build/Release/MacKitUpdater.build/DerivedSources/arm64 -Xcc -I/Users/geraltgraham/Codes/CPUKiller/app-macos/build/DerivedData/Build/Intermediates.noindex/MacKit.build/Release/MacKitUpdater.build/DerivedSources -Xcc -DSWIFT_PACKAGE -emit-objc-header -emit-objc-header-path /Users/geraltgraham/Codes/CPUKiller/app-macos/build/DerivedData/Build/Intermediates.noindex/MacKit.build/Release/MacKitUpdater.build/Objects-normal/arm64/MacKitUpdater-Swift.h -working-directory /Users/geraltgraham/Codes/CPUKiller/app-macos/MacResourceMonitor.xcodeproj -no-emit-module-separately-wmo

SwiftDriver MacKitUpdater normal x86_64 com.apple.xcode.tools.swift.compiler (in target 'MacKitUpdater' from project 'MacKit')
    cd /Users/geraltgraham/Codes/CPUKiller/app-macos/MacResourceMonitor.xcodeproj
    builtin-SwiftDriver -- /Applications/Xcode.app/Contents/Developer/Toolchains/XcodeDefault.xctoolchain/usr/bin/swiftc -module-name MacKitUpdater -O -whole-module-optimization -enforce-exclusivity\=checked @/Users/geraltgraham/Codes/CPUKiller/app-macos/build/DerivedData/Build/Intermediates.noindex/MacKit.build/Release/MacKitUpdater.build/Objects-normal/x86_64/MacKitUpdater.SwiftFileList -DSWIFT_PACKAGE -DSWIFT_MODULE_RESOURCE_BUNDLE_UNAVAILABLE -DXcode -plugin-path /Applications/Xcode.app/Contents/Developer/Toolchains/XcodeDefault.xctoolchain/usr/lib/swift/host/plugins/testing -enable-experimental-feature DebugDescriptionMacro -sdk /Applications/Xcode.app/Contents/Developer/Platforms/MacOSX.platform/Developer/SDKs/MacOSX26.2.sdk -target x86_64-apple-macos14.0 -g -module-cache-path /Users/geraltgraham/Codes/CPUKiller/app-macos/build/DerivedData/ModuleCache.noindex -Xfrontend -serialize-debugging-options -suppress-warnings -swift-version 6 -I /Users/geraltgraham/Codes/CPUKiller/app-macos/build/DerivedData/Build/Products/Release -Isystem /Applications/Xcode.app/Contents/Developer/Platforms/MacOSX.platform/Developer/usr/lib -F /Users/geraltgraham/Codes/CPUKiller/app-macos/build/DerivedData/Build/Products/Release/PackageFrameworks -F /Users/geraltgraham/Codes/CPUKiller/app-macos/build/DerivedData/Build/Products/Release -F /Applications/Xcode.app/Contents/Developer/Platforms/MacOSX.platform/Developer/Library/Frameworks -parse-as-library -c -num-threads 8 -Xcc -ivfsstatcache -Xcc /Users/geraltgraham/Codes/CPUKiller/app-macos/build/DerivedData/SDKStatCaches.noindex/macosx26.2-25C58-e8867d0c40613ffc63e0238af232dc5000fa09913b459cbbc988d1f6730289ae.sdkstatcache -output-file-map /Users/geraltgraham/Codes/CPUKiller/app-macos/build/DerivedData/Build/Intermediates.noindex/MacKit.build/Release/MacKitUpdater.build/Objects-normal/x86_64/MacKitUpdater-OutputFileMap.json -use-frontend-parseable-output -save-temps -no-color-diagnostics -explicit-module-build -module-cache-path /Users/geraltgraham/Codes/CPUKiller/app-macos/build/DerivedData/Build/Intermediates.noindex/SwiftExplicitPrecompiledModules -clang-scanner-module-cache-path /Users/geraltgraham/Codes/CPUKiller/app-macos/build/DerivedData/ModuleCache.noindex -sdk-module-cache-path /Users/geraltgraham/Codes/CPUKiller/app-macos/build/DerivedData/ModuleCache.noindex -serialize-diagnostics -emit-dependencies -emit-module -emit-module-path /Users/geraltgraham/Codes/CPUKiller/app-macos/build/DerivedData/Build/Intermediates.noindex/MacKit.build/Release/MacKitUpdater.build/Objects-normal/x86_64/MacKitUpdater.swiftmodule -user-module-version 0.1.4 -validate-clang-modules-once -clang-build-session-file /Users/geraltgraham/Codes/CPUKiller/app-macos/build/DerivedData/ModuleCache.noindex/Session.modulevalidation -package-name mac_kit_swift -Xcc -I/Users/geraltgraham/Codes/CPUKiller/app-macos/build/DerivedData/Build/Intermediates.noindex/MacKit.build/Release/MacKitUpdater.build/swift-overrides.hmap -emit-const-values -Xfrontend -const-gather-protocols-file -Xfrontend /Users/geraltgraham/Codes/CPUKiller/app-macos/build/DerivedData/Build/Intermediates.noindex/MacKit.build/Release/MacKitUpdater.build/Objects-normal/x86_64/MacKitUpdater_const_extract_protocols.json -Xcc -I/Users/geraltgraham/Codes/CPUKiller/app-macos/build/DerivedData/Build/Products/Release/include -Xcc -I/Users/geraltgraham/Codes/CPUKiller/app-macos/build/DerivedData/Build/Intermediates.noindex/MacKit.build/Release/MacKitUpdater.build/DerivedSources-normal/x86_64 -Xcc -I/Users/geraltgraham/Codes/CPUKiller/app-macos/build/DerivedData/Build/Intermediates.noindex/MacKit.build/Release/MacKitUpdater.build/DerivedSources/x86_64 -Xcc -I/Users/geraltgraham/Codes/CPUKiller/app-macos/build/DerivedData/Build/Intermediates.noindex/MacKit.build/Release/MacKitUpdater.build/DerivedSources -Xcc -DSWIFT_PACKAGE -emit-objc-header -emit-objc-header-path /Users/geraltgraham/Codes/CPUKiller/app-macos/build/DerivedData/Build/Intermediates.noindex/MacKit.build/Release/MacKitUpdater.build/Objects-normal/x86_64/MacKitUpdater-Swift.h -working-directory /Users/geraltgraham/Codes/CPUKiller/app-macos/MacResourceMonitor.xcodeproj -no-emit-module-separately-wmo

SwiftDriver MacKitOverlay normal x86_64 com.apple.xcode.tools.swift.compiler (in target 'MacKitOverlay' from project 'MacKit')
    cd /Users/geraltgraham/Codes/CPUKiller/app-macos/MacResourceMonitor.xcodeproj
    builtin-SwiftDriver -- /Applications/Xcode.app/Contents/Developer/Toolchains/XcodeDefault.xctoolchain/usr/bin/swiftc -module-name MacKitOverlay -O -whole-module-optimization -enforce-exclusivity\=checked @/Users/geraltgraham/Codes/CPUKiller/app-macos/build/DerivedData/Build/Intermediates.noindex/MacKit.build/Release/MacKitOverlay.build/Objects-normal/x86_64/MacKitOverlay.SwiftFileList -DSWIFT_PACKAGE -DSWIFT_MODULE_RESOURCE_BUNDLE_UNAVAILABLE -DXcode -plugin-path /Applications/Xcode.app/Contents/Developer/Toolchains/XcodeDefault.xctoolchain/usr/lib/swift/host/plugins/testing -enable-experimental-feature DebugDescriptionMacro -sdk /Applications/Xcode.app/Contents/Developer/Platforms/MacOSX.platform/Developer/SDKs/MacOSX26.2.sdk -target x86_64-apple-macos14.0 -g -module-cache-path /Users/geraltgraham/Codes/CPUKiller/app-macos/build/DerivedData/ModuleCache.noindex -Xfrontend -serialize-debugging-options -suppress-warnings -swift-version 6 -I /Users/geraltgraham/Codes/CPUKiller/app-macos/build/DerivedData/Build/Products/Release -Isystem /Applications/Xcode.app/Contents/Developer/Platforms/MacOSX.platform/Developer/usr/lib -F /Users/geraltgraham/Codes/CPUKiller/app-macos/build/DerivedData/Build/Products/Release/PackageFrameworks -F /Users/geraltgraham/Codes/CPUKiller/app-macos/build/DerivedData/Build/Products/Release -F /Applications/Xcode.app/Contents/Developer/Platforms/MacOSX.platform/Developer/Library/Frameworks -parse-as-library -c -num-threads 8 -Xcc -ivfsstatcache -Xcc /Users/geraltgraham/Codes/CPUKiller/app-macos/build/DerivedData/SDKStatCaches.noindex/macosx26.2-25C58-e8867d0c40613ffc63e0238af232dc5000fa09913b459cbbc988d1f6730289ae.sdkstatcache -output-file-map /Users/geraltgraham/Codes/CPUKiller/app-macos/build/DerivedData/Build/Intermediates.noindex/MacKit.build/Release/MacKitOverlay.build/Objects-normal/x86_64/MacKitOverlay-OutputFileMap.json -use-frontend-parseable-output -save-temps -no-color-diagnostics -explicit-module-build -module-cache-path /Users/geraltgraham/Codes/CPUKiller/app-macos/build/DerivedData/Build/Intermediates.noindex/SwiftExplicitPrecompiledModules -clang-scanner-module-cache-path /Users/geraltgraham/Codes/CPUKiller/app-macos/build/DerivedData/ModuleCache.noindex -sdk-module-cache-path /Users/geraltgraham/Codes/CPUKiller/app-macos/build/DerivedData/ModuleCache.noindex -serialize-diagnostics -emit-dependencies -emit-module -emit-module-path /Users/geraltgraham/Codes/CPUKiller/app-macos/build/DerivedData/Build/Intermediates.noindex/MacKit.build/Release/MacKitOverlay.build/Objects-normal/x86_64/MacKitOverlay.swiftmodule -user-module-version 0.1.4 -validate-clang-modules-once -clang-build-session-file /Users/geraltgraham/Codes/CPUKiller/app-macos/build/DerivedData/ModuleCache.noindex/Session.modulevalidation -package-name mac_kit_swift -Xcc -I/Users/geraltgraham/Codes/CPUKiller/app-macos/build/DerivedData/Build/Intermediates.noindex/MacKit.build/Release/MacKitOverlay.build/swift-overrides.hmap -emit-const-values -Xfrontend -const-gather-protocols-file -Xfrontend /Users/geraltgraham/Codes/CPUKiller/app-macos/build/DerivedData/Build/Intermediates.noindex/MacKit.build/Release/MacKitOverlay.build/Objects-normal/x86_64/MacKitOverlay_const_extract_protocols.json -Xcc -I/Users/geraltgraham/Codes/CPUKiller/app-macos/build/DerivedData/Build/Products/Release/include -Xcc -I/Users/geraltgraham/Codes/CPUKiller/app-macos/build/DerivedData/Build/Intermediates.noindex/MacKit.build/Release/MacKitOverlay.build/DerivedSources-normal/x86_64 -Xcc -I/Users/geraltgraham/Codes/CPUKiller/app-macos/build/DerivedData/Build/Intermediates.noindex/MacKit.build/Release/MacKitOverlay.build/DerivedSources/x86_64 -Xcc -I/Users/geraltgraham/Codes/CPUKiller/app-macos/build/DerivedData/Build/Intermediates.noindex/MacKit.build/Release/MacKitOverlay.build/DerivedSources -Xcc -DSWIFT_PACKAGE -emit-objc-header -emit-objc-header-path /Users/geraltgraham/Codes/CPUKiller/app-macos/build/DerivedData/Build/Intermediates.noindex/MacKit.build/Release/MacKitOverlay.build/Objects-normal/x86_64/MacKitOverlay-Swift.h -working-directory /Users/geraltgraham/Codes/CPUKiller/app-macos/MacResourceMonitor.xcodeproj -no-emit-module-separately-wmo

SwiftDriver MacKitOverlay normal arm64 com.apple.xcode.tools.swift.compiler (in target 'MacKitOverlay' from project 'MacKit')
    cd /Users/geraltgraham/Codes/CPUKiller/app-macos/MacResourceMonitor.xcodeproj
    builtin-SwiftDriver -- /Applications/Xcode.app/Contents/Developer/Toolchains/XcodeDefault.xctoolchain/usr/bin/swiftc -module-name MacKitOverlay -O -whole-module-optimization -enforce-exclusivity\=checked @/Users/geraltgraham/Codes/CPUKiller/app-macos/build/DerivedData/Build/Intermediates.noindex/MacKit.build/Release/MacKitOverlay.build/Objects-normal/arm64/MacKitOverlay.SwiftFileList -DSWIFT_PACKAGE -DSWIFT_MODULE_RESOURCE_BUNDLE_UNAVAILABLE -DXcode -plugin-path /Applications/Xcode.app/Contents/Developer/Toolchains/XcodeDefault.xctoolchain/usr/lib/swift/host/plugins/testing -enable-experimental-feature DebugDescriptionMacro -sdk /Applications/Xcode.app/Contents/Developer/Platforms/MacOSX.platform/Developer/SDKs/MacOSX26.2.sdk -target arm64-apple-macos14.0 -g -module-cache-path /Users/geraltgraham/Codes/CPUKiller/app-macos/build/DerivedData/ModuleCache.noindex -Xfrontend -serialize-debugging-options -suppress-warnings -swift-version 6 -I /Users/geraltgraham/Codes/CPUKiller/app-macos/build/DerivedData/Build/Products/Release -Isystem /Applications/Xcode.app/Contents/Developer/Platforms/MacOSX.platform/Developer/usr/lib -F /Users/geraltgraham/Codes/CPUKiller/app-macos/build/DerivedData/Build/Products/Release/PackageFrameworks -F /Users/geraltgraham/Codes/CPUKiller/app-macos/build/DerivedData/Build/Products/Release -F /Applications/Xcode.app/Contents/Developer/Platforms/MacOSX.platform/Developer/Library/Frameworks -parse-as-library -c -num-threads 8 -Xcc -ivfsstatcache -Xcc /Users/geraltgraham/Codes/CPUKiller/app-macos/build/DerivedData/SDKStatCaches.noindex/macosx26.2-25C58-e8867d0c40613ffc63e0238af232dc5000fa09913b459cbbc988d1f6730289ae.sdkstatcache -output-file-map /Users/geraltgraham/Codes/CPUKiller/app-macos/build/DerivedData/Build/Intermediates.noindex/MacKit.build/Release/MacKitOverlay.build/Objects-normal/arm64/MacKitOverlay-OutputFileMap.json -use-frontend-parseable-output -save-temps -no-color-diagnostics -explicit-module-build -module-cache-path /Users/geraltgraham/Codes/CPUKiller/app-macos/build/DerivedData/Build/Intermediates.noindex/SwiftExplicitPrecompiledModules -clang-scanner-module-cache-path /Users/geraltgraham/Codes/CPUKiller/app-macos/build/DerivedData/ModuleCache.noindex -sdk-module-cache-path /Users/geraltgraham/Codes/CPUKiller/app-macos/build/DerivedData/ModuleCache.noindex -serialize-diagnostics -emit-dependencies -emit-module -emit-module-path /Users/geraltgraham/Codes/CPUKiller/app-macos/build/DerivedData/Build/Intermediates.noindex/MacKit.build/Release/MacKitOverlay.build/Objects-normal/arm64/MacKitOverlay.swiftmodule -user-module-version 0.1.4 -validate-clang-modules-once -clang-build-session-file /Users/geraltgraham/Codes/CPUKiller/app-macos/build/DerivedData/ModuleCache.noindex/Session.modulevalidation -package-name mac_kit_swift -Xcc -I/Users/geraltgraham/Codes/CPUKiller/app-macos/build/DerivedData/Build/Intermediates.noindex/MacKit.build/Release/MacKitOverlay.build/swift-overrides.hmap -emit-const-values -Xfrontend -const-gather-protocols-file -Xfrontend /Users/geraltgraham/Codes/CPUKiller/app-macos/build/DerivedData/Build/Intermediates.noindex/MacKit.build/Release/MacKitOverlay.build/Objects-normal/arm64/MacKitOverlay_const_extract_protocols.json -Xcc -I/Users/geraltgraham/Codes/CPUKiller/app-macos/build/DerivedData/Build/Products/Release/include -Xcc -I/Users/geraltgraham/Codes/CPUKiller/app-macos/build/DerivedData/Build/Intermediates.noindex/MacKit.build/Release/MacKitOverlay.build/DerivedSources-normal/arm64 -Xcc -I/Users/geraltgraham/Codes/CPUKiller/app-macos/build/DerivedData/Build/Intermediates.noindex/MacKit.build/Release/MacKitOverlay.build/DerivedSources/arm64 -Xcc -I/Users/geraltgraham/Codes/CPUKiller/app-macos/build/DerivedData/Build/Intermediates.noindex/MacKit.build/Release/MacKitOverlay.build/DerivedSources -Xcc -DSWIFT_PACKAGE -emit-objc-header -emit-objc-header-path /Users/geraltgraham/Codes/CPUKiller/app-macos/build/DerivedData/Build/Intermediates.noindex/MacKit.build/Release/MacKitOverlay.build/Objects-normal/arm64/MacKitOverlay-Swift.h -working-directory /Users/geraltgraham/Codes/CPUKiller/app-macos/MacResourceMonitor.xcodeproj -no-emit-module-separately-wmo

CreateUniversalBinary /Users/geraltgraham/Codes/CPUKiller/app-macos/build/DerivedData/Build/Products/Release/MacKitCore.o normal arm64\ x86_64 (in target 'MacKitCore' from project 'MacKit')
    cd /Users/geraltgraham/Codes/CPUKiller/app-macos/build/DerivedData/SourcePackages/checkouts/mac-kit-swift
    /Applications/Xcode.app/Contents/Developer/Toolchains/XcodeDefault.xctoolchain/usr/bin/lipo -create /Users/geraltgraham/Codes/CPUKiller/app-macos/build/DerivedData/Build/Intermediates.noindex/MacKit.build/Release/MacKitCore.build/Objects-normal/arm64/Binary/MacKitCore.o /Users/geraltgraham/Codes/CPUKiller/app-macos/build/DerivedData/Build/Intermediates.noindex/MacKit.build/Release/MacKitCore.build/Objects-normal/x86_64/Binary/MacKitCore.o -output /Users/geraltgraham/Codes/CPUKiller/app-macos/build/DerivedData/Build/Products/Release/MacKitCore.o

SwiftDriver MacKitLaunchAtLogin normal arm64 com.apple.xcode.tools.swift.compiler (in target 'MacKitLaunchAtLogin' from project 'MacKit')
    cd /Users/geraltgraham/Codes/CPUKiller/app-macos/MacResourceMonitor.xcodeproj
    builtin-SwiftDriver -- /Applications/Xcode.app/Contents/Developer/Toolchains/XcodeDefault.xctoolchain/usr/bin/swiftc -module-name MacKitLaunchAtLogin -O -whole-module-optimization -enforce-exclusivity\=checked @/Users/geraltgraham/Codes/CPUKiller/app-macos/build/DerivedData/Build/Intermediates.noindex/MacKit.build/Release/MacKitLaunchAtLogin.build/Objects-normal/arm64/MacKitLaunchAtLogin.SwiftFileList -DSWIFT_PACKAGE -DSWIFT_MODULE_RESOURCE_BUNDLE_UNAVAILABLE -DXcode -plugin-path /Applications/Xcode.app/Contents/Developer/Toolchains/XcodeDefault.xctoolchain/usr/lib/swift/host/plugins/testing -enable-experimental-feature DebugDescriptionMacro -sdk /Applications/Xcode.app/Contents/Developer/Platforms/MacOSX.platform/Developer/SDKs/MacOSX26.2.sdk -target arm64-apple-macos14.0 -g -module-cache-path /Users/geraltgraham/Codes/CPUKiller/app-macos/build/DerivedData/ModuleCache.noindex -Xfrontend -serialize-debugging-options -suppress-warnings -swift-version 6 -I /Users/geraltgraham/Codes/CPUKiller/app-macos/build/DerivedData/Build/Products/Release -Isystem /Applications/Xcode.app/Contents/Developer/Platforms/MacOSX.platform/Developer/usr/lib -F /Users/geraltgraham/Codes/CPUKiller/app-macos/build/DerivedData/Build/Products/Release/PackageFrameworks -F /Users/geraltgraham/Codes/CPUKiller/app-macos/build/DerivedData/Build/Products/Release -F /Applications/Xcode.app/Contents/Developer/Platforms/MacOSX.platform/Developer/Library/Frameworks -parse-as-library -c -num-threads 8 -Xcc -ivfsstatcache -Xcc /Users/geraltgraham/Codes/CPUKiller/app-macos/build/DerivedData/SDKStatCaches.noindex/macosx26.2-25C58-e8867d0c40613ffc63e0238af232dc5000fa09913b459cbbc988d1f6730289ae.sdkstatcache -output-file-map /Users/geraltgraham/Codes/CPUKiller/app-macos/build/DerivedData/Build/Intermediates.noindex/MacKit.build/Release/MacKitLaunchAtLogin.build/Objects-normal/arm64/MacKitLaunchAtLogin-OutputFileMap.json -use-frontend-parseable-output -save-temps -no-color-diagnostics -explicit-module-build -module-cache-path /Users/geraltgraham/Codes/CPUKiller/app-macos/build/DerivedData/Build/Intermediates.noindex/SwiftExplicitPrecompiledModules -clang-scanner-module-cache-path /Users/geraltgraham/Codes/CPUKiller/app-macos/build/DerivedData/ModuleCache.noindex -sdk-module-cache-path /Users/geraltgraham/Codes/CPUKiller/app-macos/build/DerivedData/ModuleCache.noindex -serialize-diagnostics -emit-dependencies -emit-module -emit-module-path /Users/geraltgraham/Codes/CPUKiller/app-macos/build/DerivedData/Build/Intermediates.noindex/MacKit.build/Release/MacKitLaunchAtLogin.build/Objects-normal/arm64/MacKitLaunchAtLogin.swiftmodule -user-module-version 0.1.4 -validate-clang-modules-once -clang-build-session-file /Users/geraltgraham/Codes/CPUKiller/app-macos/build/DerivedData/ModuleCache.noindex/Session.modulevalidation -package-name mac_kit_swift -Xcc -I/Users/geraltgraham/Codes/CPUKiller/app-macos/build/DerivedData/Build/Intermediates.noindex/MacKit.build/Release/MacKitLaunchAtLogin.build/swift-overrides.hmap -emit-const-values -Xfrontend -const-gather-protocols-file -Xfrontend /Users/geraltgraham/Codes/CPUKiller/app-macos/build/DerivedData/Build/Intermediates.noindex/MacKit.build/Release/MacKitLaunchAtLogin.build/Objects-normal/arm64/MacKitLaunchAtLogin_const_extract_protocols.json -Xcc -I/Users/geraltgraham/Codes/CPUKiller/app-macos/build/DerivedData/Build/Products/Release/include -Xcc -I/Users/geraltgraham/Codes/CPUKiller/app-macos/build/DerivedData/Build/Intermediates.noindex/MacKit.build/Release/MacKitLaunchAtLogin.build/DerivedSources-normal/arm64 -Xcc -I/Users/geraltgraham/Codes/CPUKiller/app-macos/build/DerivedData/Build/Intermediates.noindex/MacKit.build/Release/MacKitLaunchAtLogin.build/DerivedSources/arm64 -Xcc -I/Users/geraltgraham/Codes/CPUKiller/app-macos/build/DerivedData/Build/Intermediates.noindex/MacKit.build/Release/MacKitLaunchAtLogin.build/DerivedSources -Xcc -DSWIFT_PACKAGE -emit-objc-header -emit-objc-header-path /Users/geraltgraham/Codes/CPUKiller/app-macos/build/DerivedData/Build/Intermediates.noindex/MacKit.build/Release/MacKitLaunchAtLogin.build/Objects-normal/arm64/MacKitLaunchAtLogin-Swift.h -working-directory /Users/geraltgraham/Codes/CPUKiller/app-macos/MacResourceMonitor.xcodeproj -no-emit-module-separately-wmo

SwiftDriver MacKitLaunchAtLogin normal x86_64 com.apple.xcode.tools.swift.compiler (in target 'MacKitLaunchAtLogin' from project 'MacKit')
    cd /Users/geraltgraham/Codes/CPUKiller/app-macos/MacResourceMonitor.xcodeproj
    builtin-SwiftDriver -- /Applications/Xcode.app/Contents/Developer/Toolchains/XcodeDefault.xctoolchain/usr/bin/swiftc -module-name MacKitLaunchAtLogin -O -whole-module-optimization -enforce-exclusivity\=checked @/Users/geraltgraham/Codes/CPUKiller/app-macos/build/DerivedData/Build/Intermediates.noindex/MacKit.build/Release/MacKitLaunchAtLogin.build/Objects-normal/x86_64/MacKitLaunchAtLogin.SwiftFileList -DSWIFT_PACKAGE -DSWIFT_MODULE_RESOURCE_BUNDLE_UNAVAILABLE -DXcode -plugin-path /Applications/Xcode.app/Contents/Developer/Toolchains/XcodeDefault.xctoolchain/usr/lib/swift/host/plugins/testing -enable-experimental-feature DebugDescriptionMacro -sdk /Applications/Xcode.app/Contents/Developer/Platforms/MacOSX.platform/Developer/SDKs/MacOSX26.2.sdk -target x86_64-apple-macos14.0 -g -module-cache-path /Users/geraltgraham/Codes/CPUKiller/app-macos/build/DerivedData/ModuleCache.noindex -Xfrontend -serialize-debugging-options -suppress-warnings -swift-version 6 -I /Users/geraltgraham/Codes/CPUKiller/app-macos/build/DerivedData/Build/Products/Release -Isystem /Applications/Xcode.app/Contents/Developer/Platforms/MacOSX.platform/Developer/usr/lib -F /Users/geraltgraham/Codes/CPUKiller/app-macos/build/DerivedData/Build/Products/Release/PackageFrameworks -F /Users/geraltgraham/Codes/CPUKiller/app-macos/build/DerivedData/Build/Products/Release -F /Applications/Xcode.app/Contents/Developer/Platforms/MacOSX.platform/Developer/Library/Frameworks -parse-as-library -c -num-threads 8 -Xcc -ivfsstatcache -Xcc /Users/geraltgraham/Codes/CPUKiller/app-macos/build/DerivedData/SDKStatCaches.noindex/macosx26.2-25C58-e8867d0c40613ffc63e0238af232dc5000fa09913b459cbbc988d1f6730289ae.sdkstatcache -output-file-map /Users/geraltgraham/Codes/CPUKiller/app-macos/build/DerivedData/Build/Intermediates.noindex/MacKit.build/Release/MacKitLaunchAtLogin.build/Objects-normal/x86_64/MacKitLaunchAtLogin-OutputFileMap.json -use-frontend-parseable-output -save-temps -no-color-diagnostics -explicit-module-build -module-cache-path /Users/geraltgraham/Codes/CPUKiller/app-macos/build/DerivedData/Build/Intermediates.noindex/SwiftExplicitPrecompiledModules -clang-scanner-module-cache-path /Users/geraltgraham/Codes/CPUKiller/app-macos/build/DerivedData/ModuleCache.noindex -sdk-module-cache-path /Users/geraltgraham/Codes/CPUKiller/app-macos/build/DerivedData/ModuleCache.noindex -serialize-diagnostics -emit-dependencies -emit-module -emit-module-path /Users/geraltgraham/Codes/CPUKiller/app-macos/build/DerivedData/Build/Intermediates.noindex/MacKit.build/Release/MacKitLaunchAtLogin.build/Objects-normal/x86_64/MacKitLaunchAtLogin.swiftmodule -user-module-version 0.1.4 -validate-clang-modules-once -clang-build-session-file /Users/geraltgraham/Codes/CPUKiller/app-macos/build/DerivedData/ModuleCache.noindex/Session.modulevalidation -package-name mac_kit_swift -Xcc -I/Users/geraltgraham/Codes/CPUKiller/app-macos/build/DerivedData/Build/Intermediates.noindex/MacKit.build/Release/MacKitLaunchAtLogin.build/swift-overrides.hmap -emit-const-values -Xfrontend -const-gather-protocols-file -Xfrontend /Users/geraltgraham/Codes/CPUKiller/app-macos/build/DerivedData/Build/Intermediates.noindex/MacKit.build/Release/MacKitLaunchAtLogin.build/Objects-normal/x86_64/MacKitLaunchAtLogin_const_extract_protocols.json -Xcc -I/Users/geraltgraham/Codes/CPUKiller/app-macos/build/DerivedData/Build/Products/Release/include -Xcc -I/Users/geraltgraham/Codes/CPUKiller/app-macos/build/DerivedData/Build/Intermediates.noindex/MacKit.build/Release/MacKitLaunchAtLogin.build/DerivedSources-normal/x86_64 -Xcc -I/Users/geraltgraham/Codes/CPUKiller/app-macos/build/DerivedData/Build/Intermediates.noindex/MacKit.build/Release/MacKitLaunchAtLogin.build/DerivedSources/x86_64 -Xcc -I/Users/geraltgraham/Codes/CPUKiller/app-macos/build/DerivedData/Build/Intermediates.noindex/MacKit.build/Release/MacKitLaunchAtLogin.build/DerivedSources -Xcc -DSWIFT_PACKAGE -emit-objc-header -emit-objc-header-path /Users/geraltgraham/Codes/CPUKiller/app-macos/build/DerivedData/Build/Intermediates.noindex/MacKit.build/Release/MacKitLaunchAtLogin.build/Objects-normal/x86_64/MacKitLaunchAtLogin-Swift.h -working-directory /Users/geraltgraham/Codes/CPUKiller/app-macos/MacResourceMonitor.xcodeproj -no-emit-module-separately-wmo

ExtractAppIntentsMetadata (in target 'MacKitCore' from project 'MacKit')
    cd /Users/geraltgraham/Codes/CPUKiller/app-macos/build/DerivedData/SourcePackages/checkouts/mac-kit-swift
    /Applications/Xcode.app/Contents/Developer/Toolchains/XcodeDefault.xctoolchain/usr/bin/appintentsmetadataprocessor --toolchain-dir /var/run/com.apple.security.cryptexd/mnt/com.apple.MobileAsset.MetalToolchain-v17.3.519.0.Mve7GT/Metal.xctoolchain --module-name MacKitCore --sdk-root /Applications/Xcode.app/Contents/Developer/Platforms/MacOSX.platform/Developer/SDKs/MacOSX26.2.sdk --xcode-version 17C519 --platform-family macOS --deployment-target 14.0 --bundle-identifier mac-kit-swift.MacKitCore --output /Users/geraltgraham/Codes/CPUKiller/app-macos/build/DerivedData/Build/Products/Release/MacKitCore.appintents --target-triple arm64-apple-macos14.0 --target-triple x86_64-apple-macos14.0 --binary-file /Users/geraltgraham/Codes/CPUKiller/app-macos/build/DerivedData/Build/Products/Release/MacKitCore.o --dependency-file /Users/geraltgraham/Codes/CPUKiller/app-macos/build/DerivedData/Build/Intermediates.noindex/MacKit.build/Release/MacKitCore.build/Objects-normal/arm64/MacKitCore_dependency_info.dat --dependency-file /Users/geraltgraham/Codes/CPUKiller/app-macos/build/DerivedData/Build/Intermediates.noindex/MacKit.build/Release/MacKitCore.build/Objects-normal/x86_64/MacKitCore_dependency_info.dat --stringsdata-file /Users/geraltgraham/Codes/CPUKiller/app-macos/build/DerivedData/Build/Intermediates.noindex/MacKit.build/Release/MacKitCore.build/Objects-normal/arm64/ExtractedAppShortcutsMetadata.stringsdata --stringsdata-file /Users/geraltgraham/Codes/CPUKiller/app-macos/build/DerivedData/Build/Intermediates.noindex/MacKit.build/Release/MacKitCore.build/Objects-normal/x86_64/ExtractedAppShortcutsMetadata.stringsdata --source-file-list /Users/geraltgraham/Codes/CPUKiller/app-macos/build/DerivedData/Build/Intermediates.noindex/MacKit.build/Release/MacKitCore.build/Objects-normal/arm64/MacKitCore.SwiftFileList --source-file-list /Users/geraltgraham/Codes/CPUKiller/app-macos/build/DerivedData/Build/Intermediates.noindex/MacKit.build/Release/MacKitCore.build/Objects-normal/x86_64/MacKitCore.SwiftFileList --metadata-file-list /Users/geraltgraham/Codes/CPUKiller/app-macos/build/DerivedData/Build/Intermediates.noindex/MacKit.build/Release/MacKitCore.build/MacKitCore.DependencyMetadataFileList --static-metadata-file-list /Users/geraltgraham/Codes/CPUKiller/app-macos/build/DerivedData/Build/Intermediates.noindex/MacKit.build/Release/MacKitCore.build/MacKitCore.DependencyStaticMetadataFileList --swift-const-vals-list /Users/geraltgraham/Codes/CPUKiller/app-macos/build/DerivedData/Build/Intermediates.noindex/MacKit.build/Release/MacKitCore.build/Objects-normal/arm64/MacKitCore.SwiftConstValuesFileList --swift-const-vals-list /Users/geraltgraham/Codes/CPUKiller/app-macos/build/DerivedData/Build/Intermediates.noindex/MacKit.build/Release/MacKitCore.build/Objects-normal/x86_64/MacKitCore.SwiftConstValuesFileList --force --compile-time-extraction --deployment-aware-processing --validate-assistant-intents --no-app-shortcuts-localization
2026-09-08 14:15:29.186 appintentsmetadataprocessor[96717:20952617] Starting appintentsmetadataprocessor export
2026-09-08 14:15:30.177 appintentsmetadataprocessor[96717:20952617] Extracted no relevant App Intents symbols, skipping writing output

SwiftExplicitDependencyGeneratePcm arm64 /Users/geraltgraham/Codes/CPUKiller/app-macos/build/DerivedData/ModuleCache.noindex/_Builtin_stdarg-CEKV28JNEVJH7B0F4GVIHPSCG.pcm

SwiftExplicitDependencyGeneratePcm arm64 /Users/geraltgraham/Codes/CPUKiller/app-macos/build/DerivedData/ModuleCache.noindex/ptrcheck-A433K8CCQMWG8U41FBM6RMKOU.pcm

SwiftExplicitDependencyGeneratePcm arm64 /Users/geraltgraham/Codes/CPUKiller/app-macos/build/DerivedData/ModuleCache.noindex/ptrauth-2PV9D3IY0IDFXISAPZZOPG4BK.pcm

SwiftExplicitDependencyGeneratePcm x86_64 /Users/geraltgraham/Codes/CPUKiller/app-macos/build/DerivedData/ModuleCache.noindex/_AvailabilityInternal-8UTE4PZN9WHAT2W3B55J9VM30.pcm

SwiftExplicitDependencyGeneratePcm x86_64 /Users/geraltgraham/Codes/CPUKiller/app-macos/build/DerivedData/ModuleCache.noindex/_Builtin_stddef-EF0O9O0K20UL7VEX6GIYUUJJY.pcm

SwiftExplicitDependencyGeneratePcm x86_64 /Users/geraltgraham/Codes/CPUKiller/app-macos/build/DerivedData/ModuleCache.noindex/_Builtin_stdbool-6P2BQ3GGFVUNTT6V15Q8AWCT8.pcm

SwiftExplicitDependencyGeneratePcm x86_64 /Users/geraltgraham/Codes/CPUKiller/app-macos/build/DerivedData/ModuleCache.noindex/DeveloperToolsSupport-BKAYP7F7IC7WKI9395X94PF6J.pcm

SwiftExplicitDependencyGeneratePcm arm64 /Users/geraltgraham/Codes/CPUKiller/app-macos/build/DerivedData/ModuleCache.noindex/_Builtin_float-3UBFMRHQZKYJAYUJEMAE0QESH.pcm

SwiftExplicitDependencyGeneratePcm x86_64 /Users/geraltgraham/Codes/CPUKiller/app-macos/build/DerivedData/ModuleCache.noindex/ptrcheck-7HXSO3KC6WATJ2CB84XSFQLX4.pcm

SwiftExplicitDependencyGeneratePcm x86_64 /Users/geraltgraham/Codes/CPUKiller/app-macos/build/DerivedData/ModuleCache.noindex/_Builtin_stdarg-DVLQMFYA7U80J2U9B5ZC83AQF.pcm

SwiftExplicitDependencyGeneratePcm arm64 /Users/geraltgraham/Codes/CPUKiller/app-macos/build/DerivedData/ModuleCache.noindex/_Builtin_stdbool-2CXP9FGOFWNUSH8JNWXX6CXE9.pcm

SwiftExplicitDependencyGeneratePcm x86_64 /Users/geraltgraham/Codes/CPUKiller/app-macos/build/DerivedData/ModuleCache.noindex/ptrauth-ED1LCYQQNQMKE2RQ6QR7ENELU.pcm

SwiftExplicitDependencyGeneratePcm arm64 /Users/geraltgraham/Codes/CPUKiller/app-macos/build/DerivedData/ModuleCache.noindex/_AvailabilityInternal-C1SN215U497T520NB3NDFWGIX.pcm

SwiftExplicitDependencyGeneratePcm x86_64 /Users/geraltgraham/Codes/CPUKiller/app-macos/build/DerivedData/ModuleCache.noindex/_Builtin_float-6R94NXQ1GPYR7JRU81Z7HR3V5.pcm

SwiftExplicitDependencyGeneratePcm x86_64 /Users/geraltgraham/Codes/CPUKiller/app-macos/build/DerivedData/ModuleCache.noindex/_DarwinFoundation1-F1OE3PTTYT2N266Q4JXJBUZZG.pcm

SwiftExplicitDependencyGeneratePcm arm64 /Users/geraltgraham/Codes/CPUKiller/app-macos/build/DerivedData/ModuleCache.noindex/_Builtin_stddef-DA80TFX1ST6YS430PRF5KGABO.pcm

SwiftExplicitDependencyGeneratePcm arm64 /Users/geraltgraham/Codes/CPUKiller/app-macos/build/DerivedData/ModuleCache.noindex/DeveloperToolsSupport-5FML1DDWTGSNTEMISJW6PO5EC.pcm

SwiftDriver\ Compilation MacKitUpdater normal x86_64 com.apple.xcode.tools.swift.compiler (in target 'MacKitUpdater' from project 'MacKit')
    cd /Users/geraltgraham/Codes/CPUKiller/app-macos/MacResourceMonitor.xcodeproj
    builtin-Swift-Compilation -- /Applications/Xcode.app/Contents/Developer/Toolchains/XcodeDefault.xctoolchain/usr/bin/swiftc -module-name MacKitUpdater -O -whole-module-optimization -enforce-exclusivity\=checked @/Users/geraltgraham/Codes/CPUKiller/app-macos/build/DerivedData/Build/Intermediates.noindex/MacKit.build/Release/MacKitUpdater.build/Objects-normal/x86_64/MacKitUpdater.SwiftFileList -DSWIFT_PACKAGE -DSWIFT_MODULE_RESOURCE_BUNDLE_UNAVAILABLE -DXcode -plugin-path /Applications/Xcode.app/Contents/Developer/Toolchains/XcodeDefault.xctoolchain/usr/lib/swift/host/plugins/testing -enable-experimental-feature DebugDescriptionMacro -sdk /Applications/Xcode.app/Contents/Developer/Platforms/MacOSX.platform/Developer/SDKs/MacOSX26.2.sdk -target x86_64-apple-macos14.0 -g -module-cache-path /Users/geraltgraham/Codes/CPUKiller/app-macos/build/DerivedData/ModuleCache.noindex -Xfrontend -serialize-debugging-options -suppress-warnings -swift-version 6 -I /Users/geraltgraham/Codes/CPUKiller/app-macos/build/DerivedData/Build/Products/Release -Isystem /Applications/Xcode.app/Contents/Developer/Platforms/MacOSX.platform/Developer/usr/lib -F /Users/geraltgraham/Codes/CPUKiller/app-macos/build/DerivedData/Build/Products/Release/PackageFrameworks -F /Users/geraltgraham/Codes/CPUKiller/app-macos/build/DerivedData/Build/Products/Release -F /Applications/Xcode.app/Contents/Developer/Platforms/MacOSX.platform/Developer/Library/Frameworks -parse-as-library -c -num-threads 8 -Xcc -ivfsstatcache -Xcc /Users/geraltgraham/Codes/CPUKiller/app-macos/build/DerivedData/SDKStatCaches.noindex/macosx26.2-25C58-e8867d0c40613ffc63e0238af232dc5000fa09913b459cbbc988d1f6730289ae.sdkstatcache -output-file-map /Users/geraltgraham/Codes/CPUKiller/app-macos/build/DerivedData/Build/Intermediates.noindex/MacKit.build/Release/MacKitUpdater.build/Objects-normal/x86_64/MacKitUpdater-OutputFileMap.json -use-frontend-parseable-output -save-temps -no-color-diagnostics -explicit-module-build -module-cache-path /Users/geraltgraham/Codes/CPUKiller/app-macos/build/DerivedData/Build/Intermediates.noindex/SwiftExplicitPrecompiledModules -clang-scanner-module-cache-path /Users/geraltgraham/Codes/CPUKiller/app-macos/build/DerivedData/ModuleCache.noindex -sdk-module-cache-path /Users/geraltgraham/Codes/CPUKiller/app-macos/build/DerivedData/ModuleCache.noindex -serialize-diagnostics -emit-dependencies -emit-module -emit-module-path /Users/geraltgraham/Codes/CPUKiller/app-macos/build/DerivedData/Build/Intermediates.noindex/MacKit.build/Release/MacKitUpdater.build/Objects-normal/x86_64/MacKitUpdater.swiftmodule -user-module-version 0.1.4 -validate-clang-modules-once -clang-build-session-file /Users/geraltgraham/Codes/CPUKiller/app-macos/build/DerivedData/ModuleCache.noindex/Session.modulevalidation -package-name mac_kit_swift -Xcc -I/Users/geraltgraham/Codes/CPUKiller/app-macos/build/DerivedData/Build/Intermediates.noindex/MacKit.build/Release/MacKitUpdater.build/swift-overrides.hmap -emit-const-values -Xfrontend -const-gather-protocols-file -Xfrontend /Users/geraltgraham/Codes/CPUKiller/app-macos/build/DerivedData/Build/Intermediates.noindex/MacKit.build/Release/MacKitUpdater.build/Objects-normal/x86_64/MacKitUpdater_const_extract_protocols.json -Xcc -I/Users/geraltgraham/Codes/CPUKiller/app-macos/build/DerivedData/Build/Products/Release/include -Xcc -I/Users/geraltgraham/Codes/CPUKiller/app-macos/build/DerivedData/Build/Intermediates.noindex/MacKit.build/Release/MacKitUpdater.build/DerivedSources-normal/x86_64 -Xcc -I/Users/geraltgraham/Codes/CPUKiller/app-macos/build/DerivedData/Build/Intermediates.noindex/MacKit.build/Release/MacKitUpdater.build/DerivedSources/x86_64 -Xcc -I/Users/geraltgraham/Codes/CPUKiller/app-macos/build/DerivedData/Build/Intermediates.noindex/MacKit.build/Release/MacKitUpdater.build/DerivedSources -Xcc -DSWIFT_PACKAGE -emit-objc-header -emit-objc-header-path /Users/geraltgraham/Codes/CPUKiller/app-macos/build/DerivedData/Build/Intermediates.noindex/MacKit.build/Release/MacKitUpdater.build/Objects-normal/x86_64/MacKitUpdater-Swift.h -working-directory /Users/geraltgraham/Codes/CPUKiller/app-macos/MacResourceMonitor.xcodeproj -no-emit-module-separately-wmo

SwiftDriver\ Compilation MacKitUpdater normal arm64 com.apple.xcode.tools.swift.compiler (in target 'MacKitUpdater' from project 'MacKit')
    cd /Users/geraltgraham/Codes/CPUKiller/app-macos/MacResourceMonitor.xcodeproj
    builtin-Swift-Compilation -- /Applications/Xcode.app/Contents/Developer/Toolchains/XcodeDefault.xctoolchain/usr/bin/swiftc -module-name MacKitUpdater -O -whole-module-optimization -enforce-exclusivity\=checked @/Users/geraltgraham/Codes/CPUKiller/app-macos/build/DerivedData/Build/Intermediates.noindex/MacKit.build/Release/MacKitUpdater.build/Objects-normal/arm64/MacKitUpdater.SwiftFileList -DSWIFT_PACKAGE -DSWIFT_MODULE_RESOURCE_BUNDLE_UNAVAILABLE -DXcode -plugin-path /Applications/Xcode.app/Contents/Developer/Toolchains/XcodeDefault.xctoolchain/usr/lib/swift/host/plugins/testing -enable-experimental-feature DebugDescriptionMacro -sdk /Applications/Xcode.app/Contents/Developer/Platforms/MacOSX.platform/Developer/SDKs/MacOSX26.2.sdk -target arm64-apple-macos14.0 -g -module-cache-path /Users/geraltgraham/Codes/CPUKiller/app-macos/build/DerivedData/ModuleCache.noindex -Xfrontend -serialize-debugging-options -suppress-warnings -swift-version 6 -I /Users/geraltgraham/Codes/CPUKiller/app-macos/build/DerivedData/Build/Products/Release -Isystem /Applications/Xcode.app/Contents/Developer/Platforms/MacOSX.platform/Developer/usr/lib -F /Users/geraltgraham/Codes/CPUKiller/app-macos/build/DerivedData/Build/Products/Release/PackageFrameworks -F /Users/geraltgraham/Codes/CPUKiller/app-macos/build/DerivedData/Build/Products/Release -F /Applications/Xcode.app/Contents/Developer/Platforms/MacOSX.platform/Developer/Library/Frameworks -parse-as-library -c -num-threads 8 -Xcc -ivfsstatcache -Xcc /Users/geraltgraham/Codes/CPUKiller/app-macos/build/DerivedData/SDKStatCaches.noindex/macosx26.2-25C58-e8867d0c40613ffc63e0238af232dc5000fa09913b459cbbc988d1f6730289ae.sdkstatcache -output-file-map /Users/geraltgraham/Codes/CPUKiller/app-macos/build/DerivedData/Build/Intermediates.noindex/MacKit.build/Release/MacKitUpdater.build/Objects-normal/arm64/MacKitUpdater-OutputFileMap.json -use-frontend-parseable-output -save-temps -no-color-diagnostics -explicit-module-build -module-cache-path /Users/geraltgraham/Codes/CPUKiller/app-macos/build/DerivedData/Build/Intermediates.noindex/SwiftExplicitPrecompiledModules -clang-scanner-module-cache-path /Users/geraltgraham/Codes/CPUKiller/app-macos/build/DerivedData/ModuleCache.noindex -sdk-module-cache-path /Users/geraltgraham/Codes/CPUKiller/app-macos/build/DerivedData/ModuleCache.noindex -serialize-diagnostics -emit-dependencies -emit-module -emit-module-path /Users/geraltgraham/Codes/CPUKiller/app-macos/build/DerivedData/Build/Intermediates.noindex/MacKit.build/Release/MacKitUpdater.build/Objects-normal/arm64/MacKitUpdater.swiftmodule -user-module-version 0.1.4 -validate-clang-modules-once -clang-build-session-file /Users/geraltgraham/Codes/CPUKiller/app-macos/build/DerivedData/ModuleCache.noindex/Session.modulevalidation -package-name mac_kit_swift -Xcc -I/Users/geraltgraham/Codes/CPUKiller/app-macos/build/DerivedData/Build/Intermediates.noindex/MacKit.build/Release/MacKitUpdater.build/swift-overrides.hmap -emit-const-values -Xfrontend -const-gather-protocols-file -Xfrontend /Users/geraltgraham/Codes/CPUKiller/app-macos/build/DerivedData/Build/Intermediates.noindex/MacKit.build/Release/MacKitUpdater.build/Objects-normal/arm64/MacKitUpdater_const_extract_protocols.json -Xcc -I/Users/geraltgraham/Codes/CPUKiller/app-macos/build/DerivedData/Build/Products/Release/include -Xcc -I/Users/geraltgraham/Codes/CPUKiller/app-macos/build/DerivedData/Build/Intermediates.noindex/MacKit.build/Release/MacKitUpdater.build/DerivedSources-normal/arm64 -Xcc -I/Users/geraltgraham/Codes/CPUKiller/app-macos/build/DerivedData/Build/Intermediates.noindex/MacKit.build/Release/MacKitUpdater.build/DerivedSources/arm64 -Xcc -I/Users/geraltgraham/Codes/CPUKiller/app-macos/build/DerivedData/Build/Intermediates.noindex/MacKit.build/Release/MacKitUpdater.build/DerivedSources -Xcc -DSWIFT_PACKAGE -emit-objc-header -emit-objc-header-path /Users/geraltgraham/Codes/CPUKiller/app-macos/build/DerivedData/Build/Intermediates.noindex/MacKit.build/Release/MacKitUpdater.build/Objects-normal/arm64/MacKitUpdater-Swift.h -working-directory /Users/geraltgraham/Codes/CPUKiller/app-macos/MacResourceMonitor.xcodeproj -no-emit-module-separately-wmo

SwiftDriver\ Compilation MacKitOverlay normal x86_64 com.apple.xcode.tools.swift.compiler (in target 'MacKitOverlay' from project 'MacKit')
    cd /Users/geraltgraham/Codes/CPUKiller/app-macos/MacResourceMonitor.xcodeproj
    builtin-Swift-Compilation -- /Applications/Xcode.app/Contents/Developer/Toolchains/XcodeDefault.xctoolchain/usr/bin/swiftc -module-name MacKitOverlay -O -whole-module-optimization -enforce-exclusivity\=checked @/Users/geraltgraham/Codes/CPUKiller/app-macos/build/DerivedData/Build/Intermediates.noindex/MacKit.build/Release/MacKitOverlay.build/Objects-normal/x86_64/MacKitOverlay.SwiftFileList -DSWIFT_PACKAGE -DSWIFT_MODULE_RESOURCE_BUNDLE_UNAVAILABLE -DXcode -plugin-path /Applications/Xcode.app/Contents/Developer/Toolchains/XcodeDefault.xctoolchain/usr/lib/swift/host/plugins/testing -enable-experimental-feature DebugDescriptionMacro -sdk /Applications/Xcode.app/Contents/Developer/Platforms/MacOSX.platform/Developer/SDKs/MacOSX26.2.sdk -target x86_64-apple-macos14.0 -g -module-cache-path /Users/geraltgraham/Codes/CPUKiller/app-macos/build/DerivedData/ModuleCache.noindex -Xfrontend -serialize-debugging-options -suppress-warnings -swift-version 6 -I /Users/geraltgraham/Codes/CPUKiller/app-macos/build/DerivedData/Build/Products/Release -Isystem /Applications/Xcode.app/Contents/Developer/Platforms/MacOSX.platform/Developer/usr/lib -F /Users/geraltgraham/Codes/CPUKiller/app-macos/build/DerivedData/Build/Products/Release/PackageFrameworks -F /Users/geraltgraham/Codes/CPUKiller/app-macos/build/DerivedData/Build/Products/Release -F /Applications/Xcode.app/Contents/Developer/Platforms/MacOSX.platform/Developer/Library/Frameworks -parse-as-library -c -num-threads 8 -Xcc -ivfsstatcache -Xcc /Users/geraltgraham/Codes/CPUKiller/app-macos/build/DerivedData/SDKStatCaches.noindex/macosx26.2-25C58-e8867d0c40613ffc63e0238af232dc5000fa09913b459cbbc988d1f6730289ae.sdkstatcache -output-file-map /Users/geraltgraham/Codes/CPUKiller/app-macos/build/DerivedData/Build/Intermediates.noindex/MacKit.build/Release/MacKitOverlay.build/Objects-normal/x86_64/MacKitOverlay-OutputFileMap.json -use-frontend-parseable-output -save-temps -no-color-diagnostics -explicit-module-build -module-cache-path /Users/geraltgraham/Codes/CPUKiller/app-macos/build/DerivedData/Build/Intermediates.noindex/SwiftExplicitPrecompiledModules -clang-scanner-module-cache-path /Users/geraltgraham/Codes/CPUKiller/app-macos/build/DerivedData/ModuleCache.noindex -sdk-module-cache-path /Users/geraltgraham/Codes/CPUKiller/app-macos/build/DerivedData/ModuleCache.noindex -serialize-diagnostics -emit-dependencies -emit-module -emit-module-path /Users/geraltgraham/Codes/CPUKiller/app-macos/build/DerivedData/Build/Intermediates.noindex/MacKit.build/Release/MacKitOverlay.build/Objects-normal/x86_64/MacKitOverlay.swiftmodule -user-module-version 0.1.4 -validate-clang-modules-once -clang-build-session-file /Users/geraltgraham/Codes/CPUKiller/app-macos/build/DerivedData/ModuleCache.noindex/Session.modulevalidation -package-name mac_kit_swift -Xcc -I/Users/geraltgraham/Codes/CPUKiller/app-macos/build/DerivedData/Build/Intermediates.noindex/MacKit.build/Release/MacKitOverlay.build/swift-overrides.hmap -emit-const-values -Xfrontend -const-gather-protocols-file -Xfrontend /Users/geraltgraham/Codes/CPUKiller/app-macos/build/DerivedData/Build/Intermediates.noindex/MacKit.build/Release/MacKitOverlay.build/Objects-normal/x86_64/MacKitOverlay_const_extract_protocols.json -Xcc -I/Users/geraltgraham/Codes/CPUKiller/app-macos/build/DerivedData/Build/Products/Release/include -Xcc -I/Users/geraltgraham/Codes/CPUKiller/app-macos/build/DerivedData/Build/Intermediates.noindex/MacKit.build/Release/MacKitOverlay.build/DerivedSources-normal/x86_64 -Xcc -I/Users/geraltgraham/Codes/CPUKiller/app-macos/build/DerivedData/Build/Intermediates.noindex/MacKit.build/Release/MacKitOverlay.build/DerivedSources/x86_64 -Xcc -I/Users/geraltgraham/Codes/CPUKiller/app-macos/build/DerivedData/Build/Intermediates.noindex/MacKit.build/Release/MacKitOverlay.build/DerivedSources -Xcc -DSWIFT_PACKAGE -emit-objc-header -emit-objc-header-path /Users/geraltgraham/Codes/CPUKiller/app-macos/build/DerivedData/Build/Intermediates.noindex/MacKit.build/Release/MacKitOverlay.build/Objects-normal/x86_64/MacKitOverlay-Swift.h -working-directory /Users/geraltgraham/Codes/CPUKiller/app-macos/MacResourceMonitor.xcodeproj -no-emit-module-separately-wmo

SwiftDriver\ Compilation MacKitOverlay normal arm64 com.apple.xcode.tools.swift.compiler (in target 'MacKitOverlay' from project 'MacKit')
    cd /Users/geraltgraham/Codes/CPUKiller/app-macos/MacResourceMonitor.xcodeproj
    builtin-Swift-Compilation -- /Applications/Xcode.app/Contents/Developer/Toolchains/XcodeDefault.xctoolchain/usr/bin/swiftc -module-name MacKitOverlay -O -whole-module-optimization -enforce-exclusivity\=checked @/Users/geraltgraham/Codes/CPUKiller/app-macos/build/DerivedData/Build/Intermediates.noindex/MacKit.build/Release/MacKitOverlay.build/Objects-normal/arm64/MacKitOverlay.SwiftFileList -DSWIFT_PACKAGE -DSWIFT_MODULE_RESOURCE_BUNDLE_UNAVAILABLE -DXcode -plugin-path /Applications/Xcode.app/Contents/Developer/Toolchains/XcodeDefault.xctoolchain/usr/lib/swift/host/plugins/testing -enable-experimental-feature DebugDescriptionMacro -sdk /Applications/Xcode.app/Contents/Developer/Platforms/MacOSX.platform/Developer/SDKs/MacOSX26.2.sdk -target arm64-apple-macos14.0 -g -module-cache-path /Users/geraltgraham/Codes/CPUKiller/app-macos/build/DerivedData/ModuleCache.noindex -Xfrontend -serialize-debugging-options -suppress-warnings -swift-version 6 -I /Users/geraltgraham/Codes/CPUKiller/app-macos/build/DerivedData/Build/Products/Release -Isystem /Applications/Xcode.app/Contents/Developer/Platforms/MacOSX.platform/Developer/usr/lib -F /Users/geraltgraham/Codes/CPUKiller/app-macos/build/DerivedData/Build/Products/Release/PackageFrameworks -F /Users/geraltgraham/Codes/CPUKiller/app-macos/build/DerivedData/Build/Products/Release -F /Applications/Xcode.app/Contents/Developer/Platforms/MacOSX.platform/Developer/Library/Frameworks -parse-as-library -c -num-threads 8 -Xcc -ivfsstatcache -Xcc /Users/geraltgraham/Codes/CPUKiller/app-macos/build/DerivedData/SDKStatCaches.noindex/macosx26.2-25C58-e8867d0c40613ffc63e0238af232dc5000fa09913b459cbbc988d1f6730289ae.sdkstatcache -output-file-map /Users/geraltgraham/Codes/CPUKiller/app-macos/build/DerivedData/Build/Intermediates.noindex/MacKit.build/Release/MacKitOverlay.build/Objects-normal/arm64/MacKitOverlay-OutputFileMap.json -use-frontend-parseable-output -save-temps -no-color-diagnostics -explicit-module-build -module-cache-path /Users/geraltgraham/Codes/CPUKiller/app-macos/build/DerivedData/Build/Intermediates.noindex/SwiftExplicitPrecompiledModules -clang-scanner-module-cache-path /Users/geraltgraham/Codes/CPUKiller/app-macos/build/DerivedData/ModuleCache.noindex -sdk-module-cache-path /Users/geraltgraham/Codes/CPUKiller/app-macos/build/DerivedData/ModuleCache.noindex -serialize-diagnostics -emit-dependencies -emit-module -emit-module-path /Users/geraltgraham/Codes/CPUKiller/app-macos/build/DerivedData/Build/Intermediates.noindex/MacKit.build/Release/MacKitOverlay.build/Objects-normal/arm64/MacKitOverlay.swiftmodule -user-module-version 0.1.4 -validate-clang-modules-once -clang-build-session-file /Users/geraltgraham/Codes/CPUKiller/app-macos/build/DerivedData/ModuleCache.noindex/Session.modulevalidation -package-name mac_kit_swift -Xcc -I/Users/geraltgraham/Codes/CPUKiller/app-macos/build/DerivedData/Build/Intermediates.noindex/MacKit.build/Release/MacKitOverlay.build/swift-overrides.hmap -emit-const-values -Xfrontend -const-gather-protocols-file -Xfrontend /Users/geraltgraham/Codes/CPUKiller/app-macos/build/DerivedData/Build/Intermediates.noindex/MacKit.build/Release/MacKitOverlay.build/Objects-normal/arm64/MacKitOverlay_const_extract_protocols.json -Xcc -I/Users/geraltgraham/Codes/CPUKiller/app-macos/build/DerivedData/Build/Products/Release/include -Xcc -I/Users/geraltgraham/Codes/CPUKiller/app-macos/build/DerivedData/Build/Intermediates.noindex/MacKit.build/Release/MacKitOverlay.build/DerivedSources-normal/arm64 -Xcc -I/Users/geraltgraham/Codes/CPUKiller/app-macos/build/DerivedData/Build/Intermediates.noindex/MacKit.build/Release/MacKitOverlay.build/DerivedSources/arm64 -Xcc -I/Users/geraltgraham/Codes/CPUKiller/app-macos/build/DerivedData/Build/Intermediates.noindex/MacKit.build/Release/MacKitOverlay.build/DerivedSources -Xcc -DSWIFT_PACKAGE -emit-objc-header -emit-objc-header-path /Users/geraltgraham/Codes/CPUKiller/app-macos/build/DerivedData/Build/Intermediates.noindex/MacKit.build/Release/MacKitOverlay.build/Objects-normal/arm64/MacKitOverlay-Swift.h -working-directory /Users/geraltgraham/Codes/CPUKiller/app-macos/MacResourceMonitor.xcodeproj -no-emit-module-separately-wmo

SwiftDriver\ Compilation MacKitLifecycle normal x86_64 com.apple.xcode.tools.swift.compiler (in target 'MacKitLifecycle' from project 'MacKit')
    cd /Users/geraltgraham/Codes/CPUKiller/app-macos/MacResourceMonitor.xcodeproj
    builtin-Swift-Compilation -- /Applications/Xcode.app/Contents/Developer/Toolchains/XcodeDefault.xctoolchain/usr/bin/swiftc -module-name MacKitLifecycle -O -whole-module-optimization -enforce-exclusivity\=checked @/Users/geraltgraham/Codes/CPUKiller/app-macos/build/DerivedData/Build/Intermediates.noindex/MacKit.build/Release/MacKitLifecycle.build/Objects-normal/x86_64/MacKitLifecycle.SwiftFileList -DSWIFT_PACKAGE -DSWIFT_MODULE_RESOURCE_BUNDLE_UNAVAILABLE -DXcode -plugin-path /Applications/Xcode.app/Contents/Developer/Toolchains/XcodeDefault.xctoolchain/usr/lib/swift/host/plugins/testing -enable-experimental-feature DebugDescriptionMacro -sdk /Applications/Xcode.app/Contents/Developer/Platforms/MacOSX.platform/Developer/SDKs/MacOSX26.2.sdk -target x86_64-apple-macos14.0 -g -module-cache-path /Users/geraltgraham/Codes/CPUKiller/app-macos/build/DerivedData/ModuleCache.noindex -Xfrontend -serialize-debugging-options -suppress-warnings -swift-version 6 -I /Users/geraltgraham/Codes/CPUKiller/app-macos/build/DerivedData/Build/Products/Release -Isystem /Applications/Xcode.app/Contents/Developer/Platforms/MacOSX.platform/Developer/usr/lib -F /Users/geraltgraham/Codes/CPUKiller/app-macos/build/DerivedData/Build/Products/Release -F /Applications/Xcode.app/Contents/Developer/Platforms/MacOSX.platform/Developer/Library/Frameworks -c -num-threads 8 -Xcc -ivfsstatcache -Xcc /Users/geraltgraham/Codes/CPUKiller/app-macos/build/DerivedData/SDKStatCaches.noindex/macosx26.2-25C58-e8867d0c40613ffc63e0238af232dc5000fa09913b459cbbc988d1f6730289ae.sdkstatcache -output-file-map /Users/geraltgraham/Codes/CPUKiller/app-macos/build/DerivedData/Build/Intermediates.noindex/MacKit.build/Release/MacKitLifecycle.build/Objects-normal/x86_64/MacKitLifecycle-OutputFileMap.json -use-frontend-parseable-output -save-temps -no-color-diagnostics -explicit-module-build -module-cache-path /Users/geraltgraham/Codes/CPUKiller/app-macos/build/DerivedData/Build/Intermediates.noindex/SwiftExplicitPrecompiledModules -clang-scanner-module-cache-path /Users/geraltgraham/Codes/CPUKiller/app-macos/build/DerivedData/ModuleCache.noindex -sdk-module-cache-path /Users/geraltgraham/Codes/CPUKiller/app-macos/build/DerivedData/ModuleCache.noindex -serialize-diagnostics -emit-dependencies -emit-module -emit-module-path /Users/geraltgraham/Codes/CPUKiller/app-macos/build/DerivedData/Build/Intermediates.noindex/MacKit.build/Release/MacKitLifecycle.build/Objects-normal/x86_64/MacKitLifecycle.swiftmodule -user-module-version 0.1.4 -validate-clang-modules-once -clang-build-session-file /Users/geraltgraham/Codes/CPUKiller/app-macos/build/DerivedData/ModuleCache.noindex/Session.modulevalidation -package-name mac_kit_swift -Xcc -I/Users/geraltgraham/Codes/CPUKiller/app-macos/build/DerivedData/Build/Intermediates.noindex/MacKit.build/Release/MacKitLifecycle.build/swift-overrides.hmap -emit-const-values -Xfrontend -const-gather-protocols-file -Xfrontend /Users/geraltgraham/Codes/CPUKiller/app-macos/build/DerivedData/Build/Intermediates.noindex/MacKit.build/Release/MacKitLifecycle.build/Objects-normal/x86_64/MacKitLifecycle_const_extract_protocols.json -Xcc -I/Users/geraltgraham/Codes/CPUKiller/app-macos/build/DerivedData/Build/Products/Release/include -Xcc -I/Users/geraltgraham/Codes/CPUKiller/app-macos/build/DerivedData/Build/Intermediates.noindex/MacKit.build/Release/MacKitLifecycle.build/DerivedSources-normal/x86_64 -Xcc -I/Users/geraltgraham/Codes/CPUKiller/app-macos/build/DerivedData/Build/Intermediates.noindex/MacKit.build/Release/MacKitLifecycle.build/DerivedSources/x86_64 -Xcc -I/Users/geraltgraham/Codes/CPUKiller/app-macos/build/DerivedData/Build/Intermediates.noindex/MacKit.build/Release/MacKitLifecycle.build/DerivedSources -Xcc -DSWIFT_PACKAGE -emit-objc-header -emit-objc-header-path /Users/geraltgraham/Codes/CPUKiller/app-macos/build/DerivedData/Build/Intermediates.noindex/MacKit.build/Release/MacKitLifecycle.build/Objects-normal/x86_64/MacKitLifecycle-Swift.h -working-directory /Users/geraltgraham/Codes/CPUKiller/app-macos/MacResourceMonitor.xcodeproj -no-emit-module-separately-wmo

SwiftDriver\ Compilation MacKitLifecycle normal arm64 com.apple.xcode.tools.swift.compiler (in target 'MacKitLifecycle' from project 'MacKit')
    cd /Users/geraltgraham/Codes/CPUKiller/app-macos/MacResourceMonitor.xcodeproj
    builtin-Swift-Compilation -- /Applications/Xcode.app/Contents/Developer/Toolchains/XcodeDefault.xctoolchain/usr/bin/swiftc -module-name MacKitLifecycle -O -whole-module-optimization -enforce-exclusivity\=checked @/Users/geraltgraham/Codes/CPUKiller/app-macos/build/DerivedData/Build/Intermediates.noindex/MacKit.build/Release/MacKitLifecycle.build/Objects-normal/arm64/MacKitLifecycle.SwiftFileList -DSWIFT_PACKAGE -DSWIFT_MODULE_RESOURCE_BUNDLE_UNAVAILABLE -DXcode -plugin-path /Applications/Xcode.app/Contents/Developer/Toolchains/XcodeDefault.xctoolchain/usr/lib/swift/host/plugins/testing -enable-experimental-feature DebugDescriptionMacro -sdk /Applications/Xcode.app/Contents/Developer/Platforms/MacOSX.platform/Developer/SDKs/MacOSX26.2.sdk -target arm64-apple-macos14.0 -g -module-cache-path /Users/geraltgraham/Codes/CPUKiller/app-macos/build/DerivedData/ModuleCache.noindex -Xfrontend -serialize-debugging-options -suppress-warnings -swift-version 6 -I /Users/geraltgraham/Codes/CPUKiller/app-macos/build/DerivedData/Build/Products/Release -Isystem /Applications/Xcode.app/Contents/Developer/Platforms/MacOSX.platform/Developer/usr/lib -F /Users/geraltgraham/Codes/CPUKiller/app-macos/build/DerivedData/Build/Products/Release -F /Applications/Xcode.app/Contents/Developer/Platforms/MacOSX.platform/Developer/Library/Frameworks -c -num-threads 8 -Xcc -ivfsstatcache -Xcc /Users/geraltgraham/Codes/CPUKiller/app-macos/build/DerivedData/SDKStatCaches.noindex/macosx26.2-25C58-e8867d0c40613ffc63e0238af232dc5000fa09913b459cbbc988d1f6730289ae.sdkstatcache -output-file-map /Users/geraltgraham/Codes/CPUKiller/app-macos/build/DerivedData/Build/Intermediates.noindex/MacKit.build/Release/MacKitLifecycle.build/Objects-normal/arm64/MacKitLifecycle-OutputFileMap.json -use-frontend-parseable-output -save-temps -no-color-diagnostics -explicit-module-build -module-cache-path /Users/geraltgraham/Codes/CPUKiller/app-macos/build/DerivedData/Build/Intermediates.noindex/SwiftExplicitPrecompiledModules -clang-scanner-module-cache-path /Users/geraltgraham/Codes/CPUKiller/app-macos/build/DerivedData/ModuleCache.noindex -sdk-module-cache-path /Users/geraltgraham/Codes/CPUKiller/app-macos/build/DerivedData/ModuleCache.noindex -serialize-diagnostics -emit-dependencies -emit-module -emit-module-path /Users/geraltgraham/Codes/CPUKiller/app-macos/build/DerivedData/Build/Intermediates.noindex/MacKit.build/Release/MacKitLifecycle.build/Objects-normal/arm64/MacKitLifecycle.swiftmodule -user-module-version 0.1.4 -validate-clang-modules-once -clang-build-session-file /Users/geraltgraham/Codes/CPUKiller/app-macos/build/DerivedData/ModuleCache.noindex/Session.modulevalidation -package-name mac_kit_swift -Xcc -I/Users/geraltgraham/Codes/CPUKiller/app-macos/build/DerivedData/Build/Intermediates.noindex/MacKit.build/Release/MacKitLifecycle.build/swift-overrides.hmap -emit-const-values -Xfrontend -const-gather-protocols-file -Xfrontend /Users/geraltgraham/Codes/CPUKiller/app-macos/build/DerivedData/Build/Intermediates.noindex/MacKit.build/Release/MacKitLifecycle.build/Objects-normal/arm64/MacKitLifecycle_const_extract_protocols.json -Xcc -I/Users/geraltgraham/Codes/CPUKiller/app-macos/build/DerivedData/Build/Products/Release/include -Xcc -I/Users/geraltgraham/Codes/CPUKiller/app-macos/build/DerivedData/Build/Intermediates.noindex/MacKit.build/Release/MacKitLifecycle.build/DerivedSources-normal/arm64 -Xcc -I/Users/geraltgraham/Codes/CPUKiller/app-macos/build/DerivedData/Build/Intermediates.noindex/MacKit.build/Release/MacKitLifecycle.build/DerivedSources/arm64 -Xcc -I/Users/geraltgraham/Codes/CPUKiller/app-macos/build/DerivedData/Build/Intermediates.noindex/MacKit.build/Release/MacKitLifecycle.build/DerivedSources -Xcc -DSWIFT_PACKAGE -emit-objc-header -emit-objc-header-path /Users/geraltgraham/Codes/CPUKiller/app-macos/build/DerivedData/Build/Intermediates.noindex/MacKit.build/Release/MacKitLifecycle.build/Objects-normal/arm64/MacKitLifecycle-Swift.h -working-directory /Users/geraltgraham/Codes/CPUKiller/app-macos/MacResourceMonitor.xcodeproj -no-emit-module-separately-wmo

SwiftDriver\ Compilation MacKitLaunchAtLogin normal x86_64 com.apple.xcode.tools.swift.compiler (in target 'MacKitLaunchAtLogin' from project 'MacKit')
    cd /Users/geraltgraham/Codes/CPUKiller/app-macos/MacResourceMonitor.xcodeproj
    builtin-Swift-Compilation -- /Applications/Xcode.app/Contents/Developer/Toolchains/XcodeDefault.xctoolchain/usr/bin/swiftc -module-name MacKitLaunchAtLogin -O -whole-module-optimization -enforce-exclusivity\=checked @/Users/geraltgraham/Codes/CPUKiller/app-macos/build/DerivedData/Build/Intermediates.noindex/MacKit.build/Release/MacKitLaunchAtLogin.build/Objects-normal/x86_64/MacKitLaunchAtLogin.SwiftFileList -DSWIFT_PACKAGE -DSWIFT_MODULE_RESOURCE_BUNDLE_UNAVAILABLE -DXcode -plugin-path /Applications/Xcode.app/Contents/Developer/Toolchains/XcodeDefault.xctoolchain/usr/lib/swift/host/plugins/testing -enable-experimental-feature DebugDescriptionMacro -sdk /Applications/Xcode.app/Contents/Developer/Platforms/MacOSX.platform/Developer/SDKs/MacOSX26.2.sdk -target x86_64-apple-macos14.0 -g -module-cache-path /Users/geraltgraham/Codes/CPUKiller/app-macos/build/DerivedData/ModuleCache.noindex -Xfrontend -serialize-debugging-options -suppress-warnings -swift-version 6 -I /Users/geraltgraham/Codes/CPUKiller/app-macos/build/DerivedData/Build/Products/Release -Isystem /Applications/Xcode.app/Contents/Developer/Platforms/MacOSX.platform/Developer/usr/lib -F /Users/geraltgraham/Codes/CPUKiller/app-macos/build/DerivedData/Build/Products/Release/PackageFrameworks -F /Users/geraltgraham/Codes/CPUKiller/app-macos/build/DerivedData/Build/Products/Release -F /Applications/Xcode.app/Contents/Developer/Platforms/MacOSX.platform/Developer/Library/Frameworks -parse-as-library -c -num-threads 8 -Xcc -ivfsstatcache -Xcc /Users/geraltgraham/Codes/CPUKiller/app-macos/build/DerivedData/SDKStatCaches.noindex/macosx26.2-25C58-e8867d0c40613ffc63e0238af232dc5000fa09913b459cbbc988d1f6730289ae.sdkstatcache -output-file-map /Users/geraltgraham/Codes/CPUKiller/app-macos/build/DerivedData/Build/Intermediates.noindex/MacKit.build/Release/MacKitLaunchAtLogin.build/Objects-normal/x86_64/MacKitLaunchAtLogin-OutputFileMap.json -use-frontend-parseable-output -save-temps -no-color-diagnostics -explicit-module-build -module-cache-path /Users/geraltgraham/Codes/CPUKiller/app-macos/build/DerivedData/Build/Intermediates.noindex/SwiftExplicitPrecompiledModules -clang-scanner-module-cache-path /Users/geraltgraham/Codes/CPUKiller/app-macos/build/DerivedData/ModuleCache.noindex -sdk-module-cache-path /Users/geraltgraham/Codes/CPUKiller/app-macos/build/DerivedData/ModuleCache.noindex -serialize-diagnostics -emit-dependencies -emit-module -emit-module-path /Users/geraltgraham/Codes/CPUKiller/app-macos/build/DerivedData/Build/Intermediates.noindex/MacKit.build/Release/MacKitLaunchAtLogin.build/Objects-normal/x86_64/MacKitLaunchAtLogin.swiftmodule -user-module-version 0.1.4 -validate-clang-modules-once -clang-build-session-file /Users/geraltgraham/Codes/CPUKiller/app-macos/build/DerivedData/ModuleCache.noindex/Session.modulevalidation -package-name mac_kit_swift -Xcc -I/Users/geraltgraham/Codes/CPUKiller/app-macos/build/DerivedData/Build/Intermediates.noindex/MacKit.build/Release/MacKitLaunchAtLogin.build/swift-overrides.hmap -emit-const-values -Xfrontend -const-gather-protocols-file -Xfrontend /Users/geraltgraham/Codes/CPUKiller/app-macos/build/DerivedData/Build/Intermediates.noindex/MacKit.build/Release/MacKitLaunchAtLogin.build/Objects-normal/x86_64/MacKitLaunchAtLogin_const_extract_protocols.json -Xcc -I/Users/geraltgraham/Codes/CPUKiller/app-macos/build/DerivedData/Build/Products/Release/include -Xcc -I/Users/geraltgraham/Codes/CPUKiller/app-macos/build/DerivedData/Build/Intermediates.noindex/MacKit.build/Release/MacKitLaunchAtLogin.build/DerivedSources-normal/x86_64 -Xcc -I/Users/geraltgraham/Codes/CPUKiller/app-macos/build/DerivedData/Build/Intermediates.noindex/MacKit.build/Release/MacKitLaunchAtLogin.build/DerivedSources/x86_64 -Xcc -I/Users/geraltgraham/Codes/CPUKiller/app-macos/build/DerivedData/Build/Intermediates.noindex/MacKit.build/Release/MacKitLaunchAtLogin.build/DerivedSources -Xcc -DSWIFT_PACKAGE -emit-objc-header -emit-objc-header-path /Users/geraltgraham/Codes/CPUKiller/app-macos/build/DerivedData/Build/Intermediates.noindex/MacKit.build/Release/MacKitLaunchAtLogin.build/Objects-normal/x86_64/MacKitLaunchAtLogin-Swift.h -working-directory /Users/geraltgraham/Codes/CPUKiller/app-macos/MacResourceMonitor.xcodeproj -no-emit-module-separately-wmo

SwiftDriver\ Compilation MacKitLaunchAtLogin normal arm64 com.apple.xcode.tools.swift.compiler (in target 'MacKitLaunchAtLogin' from project 'MacKit')
    cd /Users/geraltgraham/Codes/CPUKiller/app-macos/MacResourceMonitor.xcodeproj
    builtin-Swift-Compilation -- /Applications/Xcode.app/Contents/Developer/Toolchains/XcodeDefault.xctoolchain/usr/bin/swiftc -module-name MacKitLaunchAtLogin -O -whole-module-optimization -enforce-exclusivity\=checked @/Users/geraltgraham/Codes/CPUKiller/app-macos/build/DerivedData/Build/Intermediates.noindex/MacKit.build/Release/MacKitLaunchAtLogin.build/Objects-normal/arm64/MacKitLaunchAtLogin.SwiftFileList -DSWIFT_PACKAGE -DSWIFT_MODULE_RESOURCE_BUNDLE_UNAVAILABLE -DXcode -plugin-path /Applications/Xcode.app/Contents/Developer/Toolchains/XcodeDefault.xctoolchain/usr/lib/swift/host/plugins/testing -enable-experimental-feature DebugDescriptionMacro -sdk /Applications/Xcode.app/Contents/Developer/Platforms/MacOSX.platform/Developer/SDKs/MacOSX26.2.sdk -target arm64-apple-macos14.0 -g -module-cache-path /Users/geraltgraham/Codes/CPUKiller/app-macos/build/DerivedData/ModuleCache.noindex -Xfrontend -serialize-debugging-options -suppress-warnings -swift-version 6 -I /Users/geraltgraham/Codes/CPUKiller/app-macos/build/DerivedData/Build/Products/Release -Isystem /Applications/Xcode.app/Contents/Developer/Platforms/MacOSX.platform/Developer/usr/lib -F /Users/geraltgraham/Codes/CPUKiller/app-macos/build/DerivedData/Build/Products/Release/PackageFrameworks -F /Users/geraltgraham/Codes/CPUKiller/app-macos/build/DerivedData/Build/Products/Release -F /Applications/Xcode.app/Contents/Developer/Platforms/MacOSX.platform/Developer/Library/Frameworks -parse-as-library -c -num-threads 8 -Xcc -ivfsstatcache -Xcc /Users/geraltgraham/Codes/CPUKiller/app-macos/build/DerivedData/SDKStatCaches.noindex/macosx26.2-25C58-e8867d0c40613ffc63e0238af232dc5000fa09913b459cbbc988d1f6730289ae.sdkstatcache -output-file-map /Users/geraltgraham/Codes/CPUKiller/app-macos/build/DerivedData/Build/Intermediates.noindex/MacKit.build/Release/MacKitLaunchAtLogin.build/Objects-normal/arm64/MacKitLaunchAtLogin-OutputFileMap.json -use-frontend-parseable-output -save-temps -no-color-diagnostics -explicit-module-build -module-cache-path /Users/geraltgraham/Codes/CPUKiller/app-macos/build/DerivedData/Build/Intermediates.noindex/SwiftExplicitPrecompiledModules -clang-scanner-module-cache-path /Users/geraltgraham/Codes/CPUKiller/app-macos/build/DerivedData/ModuleCache.noindex -sdk-module-cache-path /Users/geraltgraham/Codes/CPUKiller/app-macos/build/DerivedData/ModuleCache.noindex -serialize-diagnostics -emit-dependencies -emit-module -emit-module-path /Users/geraltgraham/Codes/CPUKiller/app-macos/build/DerivedData/Build/Intermediates.noindex/MacKit.build/Release/MacKitLaunchAtLogin.build/Objects-normal/arm64/MacKitLaunchAtLogin.swiftmodule -user-module-version 0.1.4 -validate-clang-modules-once -clang-build-session-file /Users/geraltgraham/Codes/CPUKiller/app-macos/build/DerivedData/ModuleCache.noindex/Session.modulevalidation -package-name mac_kit_swift -Xcc -I/Users/geraltgraham/Codes/CPUKiller/app-macos/build/DerivedData/Build/Intermediates.noindex/MacKit.build/Release/MacKitLaunchAtLogin.build/swift-overrides.hmap -emit-const-values -Xfrontend -const-gather-protocols-file -Xfrontend /Users/geraltgraham/Codes/CPUKiller/app-macos/build/DerivedData/Build/Intermediates.noindex/MacKit.build/Release/MacKitLaunchAtLogin.build/Objects-normal/arm64/MacKitLaunchAtLogin_const_extract_protocols.json -Xcc -I/Users/geraltgraham/Codes/CPUKiller/app-macos/build/DerivedData/Build/Products/Release/include -Xcc -I/Users/geraltgraham/Codes/CPUKiller/app-macos/build/DerivedData/Build/Intermediates.noindex/MacKit.build/Release/MacKitLaunchAtLogin.build/DerivedSources-normal/arm64 -Xcc -I/Users/geraltgraham/Codes/CPUKiller/app-macos/build/DerivedData/Build/Intermediates.noindex/MacKit.build/Release/MacKitLaunchAtLogin.build/DerivedSources/arm64 -Xcc -I/Users/geraltgraham/Codes/CPUKiller/app-macos/build/DerivedData/Build/Intermediates.noindex/MacKit.build/Release/MacKitLaunchAtLogin.build/DerivedSources -Xcc -DSWIFT_PACKAGE -emit-objc-header -emit-objc-header-path /Users/geraltgraham/Codes/CPUKiller/app-macos/build/DerivedData/Build/Intermediates.noindex/MacKit.build/Release/MacKitLaunchAtLogin.build/Objects-normal/arm64/MacKitLaunchAtLogin-Swift.h -working-directory /Users/geraltgraham/Codes/CPUKiller/app-macos/MacResourceMonitor.xcodeproj -no-emit-module-separately-wmo

SwiftExplicitDependencyGeneratePcm arm64 /Users/geraltgraham/Codes/CPUKiller/app-macos/build/DerivedData/ModuleCache.noindex/_DarwinFoundation1-CAZKEHPNVJ1G1VL16I7KUUIB2.pcm

RegisterExecutionPolicyException /Users/geraltgraham/Codes/CPUKiller/app-macos/build/DerivedData/Build/Products/Release/MacKitCore.o (in target 'MacKitCore' from project 'MacKit')
    cd /Users/geraltgraham/Codes/CPUKiller/app-macos/build/DerivedData/SourcePackages/checkouts/mac-kit-swift
    builtin-RegisterExecutionPolicyException /Users/geraltgraham/Codes/CPUKiller/app-macos/build/DerivedData/Build/Products/Release/MacKitCore.o

SwiftExplicitDependencyGeneratePcm x86_64 /Users/geraltgraham/Codes/CPUKiller/app-macos/build/DerivedData/ModuleCache.noindex/_DarwinFoundation2-BZAZTX3DGQKPWNZKHDNLQ4P7C.pcm

SwiftExplicitDependencyGeneratePcm x86_64 /Users/geraltgraham/Codes/CPUKiller/app-macos/build/DerivedData/ModuleCache.noindex/_Builtin_limits-5ICRQ74QBY7BSMG5U3QWERVYS.pcm

SwiftExplicitDependencyGeneratePcm arm64 /Users/geraltgraham/Codes/CPUKiller/app-macos/build/DerivedData/ModuleCache.noindex/_Builtin_limits-3FLGP92K105V5NZU3CAUBCDIP.pcm

SwiftExplicitDependencyGeneratePcm arm64 /Users/geraltgraham/Codes/CPUKiller/app-macos/build/DerivedData/ModuleCache.noindex/_DarwinFoundation2-8UFDX3XEY0LQBA65GY9CS5L9B.pcm

SwiftExplicitDependencyGeneratePcm x86_64 /Users/geraltgraham/Codes/CPUKiller/app-macos/build/DerivedData/ModuleCache.noindex/_Builtin_tgmath-D6WX2T3ZAG1NLOFDEMASOEW2E.pcm

SwiftExplicitDependencyGeneratePcm x86_64 /Users/geraltgraham/Codes/CPUKiller/app-macos/build/DerivedData/ModuleCache.noindex/sys_types-40920ONM29XGZ4Q7OO7JVRJTP.pcm

SwiftExplicitDependencyGeneratePcm x86_64 /Users/geraltgraham/Codes/CPUKiller/app-macos/build/DerivedData/ModuleCache.noindex/_Builtin_stdint-8RCQRNM4E8VSO0K9ACE13AFZT.pcm

SwiftExplicitDependencyGeneratePcm arm64 /Users/geraltgraham/Codes/CPUKiller/app-macos/build/DerivedData/ModuleCache.noindex/_Builtin_tgmath-BURGNKO6YQ0DKL2DVGZQ1U2J7.pcm

SwiftExplicitDependencyGeneratePcm arm64 /Users/geraltgraham/Codes/CPUKiller/app-macos/build/DerivedData/ModuleCache.noindex/_Builtin_stdint-ES7ENVO1KRMAE031B421N4VKD.pcm

SwiftExplicitDependencyGeneratePcm arm64 /Users/geraltgraham/Codes/CPUKiller/app-macos/build/DerivedData/ModuleCache.noindex/sys_types-R1VRKBYKJ71EMKRLNHHS9PN1.pcm

SwiftExplicitDependencyGeneratePcm x86_64 /Users/geraltgraham/Codes/CPUKiller/app-macos/build/DerivedData/ModuleCache.noindex/OpenGL-ZCMW8RZYGSA55SOY5O8OOPYJ.pcm

SwiftExplicitDependencyGeneratePcm x86_64 /Users/geraltgraham/Codes/CPUKiller/app-macos/build/DerivedData/ModuleCache.noindex/libDER-5DQ4BD5PG6GNGR79YVPKQL1W3.pcm

SwiftExplicitDependencyGeneratePcm x86_64 /Users/geraltgraham/Codes/CPUKiller/app-macos/build/DerivedData/ModuleCache.noindex/_Builtin_stdatomic-9APOAWDNDKXQ1N7NJ8DJWU8SR.pcm

SwiftExplicitDependencyGeneratePcm x86_64 /Users/geraltgraham/Codes/CPUKiller/app-macos/build/DerivedData/ModuleCache.noindex/_DarwinFoundation3-39RVXICOL0KXQQOCWV98MN89K.pcm

SwiftExplicitDependencyGeneratePcm arm64 /Users/geraltgraham/Codes/CPUKiller/app-macos/build/DerivedData/ModuleCache.noindex/_Builtin_stdatomic-EET65OSTPT6786XT2MQRCG3S9.pcm

SwiftExplicitDependencyGeneratePcm arm64 /Users/geraltgraham/Codes/CPUKiller/app-macos/build/DerivedData/ModuleCache.noindex/_DarwinFoundation3-2HZ55IY4BAGADBBEPXSM8EU2I.pcm

SwiftExplicitDependencyGeneratePcm arm64 /Users/geraltgraham/Codes/CPUKiller/app-macos/build/DerivedData/ModuleCache.noindex/OpenGL-8YTE7OM1KBMJ2UCF7V26XD8VZ.pcm

SwiftExplicitDependencyGeneratePcm arm64 /Users/geraltgraham/Codes/CPUKiller/app-macos/build/DerivedData/ModuleCache.noindex/_Builtin_intrinsics-9XWEXEY39V6GJBB0HFJHFMGF1.pcm

SwiftExplicitDependencyGeneratePcm arm64 /Users/geraltgraham/Codes/CPUKiller/app-macos/build/DerivedData/ModuleCache.noindex/libDER-92CPAOEYUHPVKBFHXZHR36VIY.pcm

SwiftExplicitDependencyGeneratePcm x86_64 /Users/geraltgraham/Codes/CPUKiller/app-macos/build/DerivedData/ModuleCache.noindex/_Builtin_intrinsics-3529X2JAWRUB4CNZNYF0ZJSQE.pcm

SwiftExplicitDependencyGeneratePcm x86_64 /Users/geraltgraham/Codes/CPUKiller/app-macos/build/DerivedData/ModuleCache.noindex/_Builtin_inttypes-8D4J7PVSP78TEW9GODCS4RDZ6.pcm

SwiftExplicitDependencyGeneratePcm x86_64 /Users/geraltgraham/Codes/CPUKiller/app-macos/build/DerivedData/ModuleCache.noindex/Darwin-CJCH7HMOZOJ4LV4W4AP86UQHN.pcm

SwiftExplicitDependencyGeneratePcm arm64 /Users/geraltgraham/Codes/CPUKiller/app-macos/build/DerivedData/ModuleCache.noindex/_Builtin_inttypes-1KXANVN8QY2FKXLBILKMS8XKV.pcm

SwiftExplicitDependencyGeneratePcm arm64 /Users/geraltgraham/Codes/CPUKiller/app-macos/build/DerivedData/ModuleCache.noindex/Darwin-585NMT2REGNKHDIPSOX8HH0DW.pcm

SwiftExplicitDependencyGeneratePcm arm64 /Users/geraltgraham/Codes/CPUKiller/app-macos/build/DerivedData/ModuleCache.noindex/simd-BPJ5HFALFVQZOPVKOW3HCKQE6.pcm

SwiftExplicitDependencyGeneratePcm x86_64 /Users/geraltgraham/Codes/CPUKiller/app-macos/build/DerivedData/ModuleCache.noindex/simd-6TMKYE1JNEKZOB9PVC9INURT3.pcm

SwiftExplicitDependencyGeneratePcm x86_64 /Users/geraltgraham/Codes/CPUKiller/app-macos/build/DerivedData/ModuleCache.noindex/launch-3I7M9M63UCJ6Y6E24O7RZM3U5.pcm

SwiftExplicitDependencyGeneratePcm x86_64 /Users/geraltgraham/Codes/CPUKiller/app-macos/build/DerivedData/ModuleCache.noindex/CUPS-65W8D9TXFDWPNU5CMAJ9NNADH.pcm

SwiftExplicitDependencyGeneratePcm x86_64 /Users/geraltgraham/Codes/CPUKiller/app-macos/build/DerivedData/ModuleCache.noindex/MachO-8F1VPFSZK8W4NXTYSH2P0MBE8.pcm

SwiftExplicitDependencyGeneratePcm x86_64 /Users/geraltgraham/Codes/CPUKiller/app-macos/build/DerivedData/ModuleCache.noindex/libkern-3OL4B5TOQB3FN1AVCW0XY4VF6.pcm

SwiftExplicitDependencyGeneratePcm x86_64 /Users/geraltgraham/Codes/CPUKiller/app-macos/build/DerivedData/ModuleCache.noindex/ObjectiveC-DFXZWPVD8GU3HGX98F1MBLNI7.pcm

SwiftExplicitDependencyGeneratePcm arm64 /Users/geraltgraham/Codes/CPUKiller/app-macos/build/DerivedData/ModuleCache.noindex/launch-7OFFNIU9TF0W936BQL1ZBLTPB.pcm

SwiftExplicitDependencyGeneratePcm arm64 /Users/geraltgraham/Codes/CPUKiller/app-macos/build/DerivedData/ModuleCache.noindex/MachO-1A8WDCH3ZQTZXTFCEZ4AKFD8.pcm

SwiftExplicitDependencyGeneratePcm arm64 /Users/geraltgraham/Codes/CPUKiller/app-macos/build/DerivedData/ModuleCache.noindex/CUPS-CBB6HCZ322GLMFTUEZXY0H9MH.pcm

SwiftExplicitDependencyGeneratePcm arm64 /Users/geraltgraham/Codes/CPUKiller/app-macos/build/DerivedData/ModuleCache.noindex/libkern-2BGDMGYSIKVVLHEVZWH780WKP.pcm

SwiftExplicitDependencyGeneratePcm x86_64 /Users/geraltgraham/Codes/CPUKiller/app-macos/build/DerivedData/ModuleCache.noindex/os_object-CYLLH1RYC4OCRPUBBSM6WDCLP.pcm

SwiftExplicitDependencyGeneratePcm arm64 /Users/geraltgraham/Codes/CPUKiller/app-macos/build/DerivedData/ModuleCache.noindex/ObjectiveC-B79HKZ0NN2ATT9HZ2DOXZ6GLA.pcm

SwiftExplicitDependencyGeneratePcm x86_64 /Users/geraltgraham/Codes/CPUKiller/app-macos/build/DerivedData/ModuleCache.noindex/os_workgroup-A4XWIS7YN1MGQUPT5PHGTNGFQ.pcm

SwiftExplicitDependencyGeneratePcm x86_64 /Users/geraltgraham/Codes/CPUKiller/app-macos/build/DerivedData/ModuleCache.noindex/Dispatch-DOB1WM3U13EZWTMBBDQ901OC2.pcm

SwiftExplicitDependencyGeneratePcm arm64 /Users/geraltgraham/Codes/CPUKiller/app-macos/build/DerivedData/ModuleCache.noindex/os_object-778IUJ6P88EWXH92OZLEBG58N.pcm

SwiftExplicitDependencyGeneratePcm arm64 /Users/geraltgraham/Codes/CPUKiller/app-macos/build/DerivedData/ModuleCache.noindex/os_workgroup-OT8FQX5YG5UA57ND61SFZAI.pcm

SwiftExplicitDependencyGeneratePcm x86_64 /Users/geraltgraham/Codes/CPUKiller/app-macos/build/DerivedData/ModuleCache.noindex/XPC-4JQFBWHGK83OFJOCSK4RGC5Q5.pcm

SwiftExplicitDependencyGeneratePcm x86_64 /Users/geraltgraham/Codes/CPUKiller/app-macos/build/DerivedData/ModuleCache.noindex/CoreFoundation-BV1EGUUXR3BL26IFMZ8U9CXR7.pcm

SwiftExplicitDependencyGeneratePcm arm64 /Users/geraltgraham/Codes/CPUKiller/app-macos/build/DerivedData/ModuleCache.noindex/Dispatch-DY5H6ZBBNHF5F90W18H34UQ0P.pcm

SwiftExplicitDependencyGeneratePcm x86_64 /Users/geraltgraham/Codes/CPUKiller/app-macos/build/DerivedData/ModuleCache.noindex/os-AJO2RLF89PG1W9TJIOVUQNAPE.pcm

SwiftExplicitDependencyGeneratePcm x86_64 /Users/geraltgraham/Codes/CPUKiller/app-macos/build/DerivedData/ModuleCache.noindex/Security-86KT6UEI2R8M1QJXM2T3255R7.pcm

SwiftExplicitDependencyGeneratePcm x86_64 /Users/geraltgraham/Codes/CPUKiller/app-macos/build/DerivedData/ModuleCache.noindex/ColorSync-834VUPYVFTRJ0IQDYY8GZ7V0V.pcm

SwiftExplicitDependencyGeneratePcm x86_64 /Users/geraltgraham/Codes/CPUKiller/app-macos/build/DerivedData/ModuleCache.noindex/CFNetwork-25DHICFEPFK87BNWGSE2HETCR.pcm

SwiftExplicitDependencyGeneratePcm x86_64 /Users/geraltgraham/Codes/CPUKiller/app-macos/build/DerivedData/ModuleCache.noindex/IOKit-2YEOVPPRUD77T2A0Q9B54PU73.pcm

SwiftExplicitDependencyGeneratePcm arm64 /Users/geraltgraham/Codes/CPUKiller/app-macos/build/DerivedData/ModuleCache.noindex/CoreFoundation-F4SHXSZG07U9EIXBN02LWIYT2.pcm

SwiftExplicitDependencyGeneratePcm arm64 /Users/geraltgraham/Codes/CPUKiller/app-macos/build/DerivedData/ModuleCache.noindex/XPC-2RAWVVM3MG0MI4T1UUN55E5WA.pcm

SwiftExplicitDependencyGeneratePcm arm64 /Users/geraltgraham/Codes/CPUKiller/app-macos/build/DerivedData/ModuleCache.noindex/os-61CSEHX1QXBPM3S1O5BG14VSE.pcm

SwiftExplicitDependencyGeneratePcm arm64 /Users/geraltgraham/Codes/CPUKiller/app-macos/build/DerivedData/ModuleCache.noindex/Security-4W2RUZPM0UMSHBL3IMD78WD5L.pcm

SwiftExplicitDependencyGeneratePcm arm64 /Users/geraltgraham/Codes/CPUKiller/app-macos/build/DerivedData/ModuleCache.noindex/ColorSync-1ZEW5299PZ03BDW7KG7HXFKOX.pcm

SwiftExplicitDependencyGeneratePcm arm64 /Users/geraltgraham/Codes/CPUKiller/app-macos/build/DerivedData/ModuleCache.noindex/IOKit-295X47CQRPV9GOIDOU6261HB7.pcm

SwiftExplicitDependencyGeneratePcm arm64 /Users/geraltgraham/Codes/CPUKiller/app-macos/build/DerivedData/ModuleCache.noindex/CFNetwork-9VX8ETKZUMNVYAM0MU5NBBK3U.pcm

SwiftExplicitDependencyGeneratePcm x86_64 /Users/geraltgraham/Codes/CPUKiller/app-macos/build/DerivedData/ModuleCache.noindex/CoreGraphics-C4EM545Z6O2DMEA7HJITDDAVB.pcm

SwiftExplicitDependencyGeneratePcm x86_64 /Users/geraltgraham/Codes/CPUKiller/app-macos/build/DerivedData/ModuleCache.noindex/DiskArbitration-EGPVWIIUMUKMS9O9437FUGMY9.pcm

SwiftExplicitDependencyGeneratePcm x86_64 /Users/geraltgraham/Codes/CPUKiller/app-macos/build/DerivedData/ModuleCache.noindex/CoreServices-1LXOBRZ8VAVWE2V2V4HKV1YEV.pcm

SwiftExplicitDependencyGeneratePcm x86_64 /Users/geraltgraham/Codes/CPUKiller/app-macos/build/DerivedData/ModuleCache.noindex/ImageIO-15T4JSQ9N8O6OKEFC23572SQN.pcm

SwiftExplicitDependencyGeneratePcm x86_64 /Users/geraltgraham/Codes/CPUKiller/app-macos/build/DerivedData/ModuleCache.noindex/CoreText-Z33538813L3U8TTDTATH1ESD.pcm

SwiftExplicitDependencyGeneratePcm arm64 /Users/geraltgraham/Codes/CPUKiller/app-macos/build/DerivedData/ModuleCache.noindex/CoreGraphics-8HWDL16R0Z7RU4NT552VOKG7Z.pcm

SwiftExplicitDependencyGeneratePcm arm64 /Users/geraltgraham/Codes/CPUKiller/app-macos/build/DerivedData/ModuleCache.noindex/DiskArbitration-51WUS5IYOIU2QKX3M34HBAZX6.pcm

SwiftExplicitDependencyGeneratePcm arm64 /Users/geraltgraham/Codes/CPUKiller/app-macos/build/DerivedData/ModuleCache.noindex/CoreServices-CJ4L8RUPIBVJW3S5ICJ0NPJIE.pcm

SwiftExplicitDependencyGeneratePcm x86_64 /Users/geraltgraham/Codes/CPUKiller/app-macos/build/DerivedData/ModuleCache.noindex/Foundation-1BO2HMOUGE389B8YGIVYF9A6B.pcm

SwiftExplicitDependencyGeneratePcm arm64 /Users/geraltgraham/Codes/CPUKiller/app-macos/build/DerivedData/ModuleCache.noindex/ImageIO-A0Q0YUF4WEEQKQSU1GAYNRQL9.pcm

SwiftExplicitDependencyGeneratePcm arm64 /Users/geraltgraham/Codes/CPUKiller/app-macos/build/DerivedData/ModuleCache.noindex/CoreText-8PJHBQIZE8C788S87FKMMCRAN.pcm

SwiftExplicitDependencyGeneratePcm arm64 /Users/geraltgraham/Codes/CPUKiller/app-macos/build/DerivedData/ModuleCache.noindex/Foundation-83MXW86TRUHZ8JM11NQ83FIPJ.pcm

SwiftExplicitDependencyGeneratePcm x86_64 /Users/geraltgraham/Codes/CPUKiller/app-macos/build/DerivedData/ModuleCache.noindex/UniformTypeIdentifiers-BJYGHYOMAY3WP560NXJOQ8MEI.pcm

SwiftExplicitDependencyGeneratePcm x86_64 /Users/geraltgraham/Codes/CPUKiller/app-macos/build/DerivedData/ModuleCache.noindex/Accessibility-BN4Z756JLEGDNYWTNW9V28OG8.pcm

SwiftExplicitDependencyGeneratePcm x86_64 /Users/geraltgraham/Codes/CPUKiller/app-macos/build/DerivedData/Build/Intermediates.noindex/SwiftExplicitPrecompiledModules/Sparkle-7Q0PIAJJH9LM3QSJNRHL9MIHK.pcm

SwiftExplicitDependencyGeneratePcm x86_64 /Users/geraltgraham/Codes/CPUKiller/app-macos/build/DerivedData/ModuleCache.noindex/OSLog-17YGRSK31OUH7I9GJH0F4GHLQ.pcm

SwiftExplicitDependencyGeneratePcm x86_64 /Users/geraltgraham/Codes/CPUKiller/app-macos/build/DerivedData/ModuleCache.noindex/Symbols-EYQDT7HXWA1V6VAE7HOXJCRVV.pcm

SwiftExplicitDependencyGeneratePcm x86_64 /Users/geraltgraham/Codes/CPUKiller/app-macos/build/DerivedData/ModuleCache.noindex/ApplicationServices-6QSTVD1MFC5OPGLEDMUAPE59X.pcm

SwiftExplicitDependencyGeneratePcm x86_64 /Users/geraltgraham/Codes/CPUKiller/app-macos/build/DerivedData/ModuleCache.noindex/CoreTransferable-AA2785ZKH5CPP6QHH5OLRN0C8.pcm

SwiftExplicitDependencyGeneratePcm x86_64 /Users/geraltgraham/Codes/CPUKiller/app-macos/build/DerivedData/ModuleCache.noindex/DataDetection-6IJZHG7XCYNAGKQOOF0KGZBV0.pcm

SwiftExplicitDependencyGeneratePcm x86_64 /Users/geraltgraham/Codes/CPUKiller/app-macos/build/DerivedData/ModuleCache.noindex/CoreData-AB77E4FNNEE23XNXM2PQ00HYU.pcm

SwiftExplicitDependencyGeneratePcm x86_64 /Users/geraltgraham/Codes/CPUKiller/app-macos/build/DerivedData/ModuleCache.noindex/IOSurface-6OJ8V8A8DQI30NNAFDGOCQ1TB.pcm

SwiftCompile normal x86_64 Compiling\ SparkleUpdateChecker.swift /Users/geraltgraham/Codes/CPUKiller/app-macos/build/DerivedData/SourcePackages/checkouts/mac-kit-swift/Sources/MacKitUpdater/SparkleUpdateChecker.swift /Applications/Xcode.app/Contents/Developer/Toolchains/XcodeDefault.xctoolchain/usr/lib/swift/macosx/prebuilt-modules/26.2/Swift.swiftmodule/x86_64-apple-macos.swiftmodule /Applications/Xcode.app/Contents/Developer/Toolchains/XcodeDefault.xctoolchain/usr/lib/swift/macosx/prebuilt-modules/26.2/Darwin.swiftmodule/x86_64-apple-macos.swiftmodule /Applications/Xcode.app/Contents/Developer/Toolchains/XcodeDefault.xctoolchain/usr/lib/swift/macosx/prebuilt-modules/26.2/_DarwinFoundation3.swiftmodule/x86_64-apple-macos.swiftmodule /Applications/Xcode.app/Contents/Developer/Toolchains/XcodeDefault.xctoolchain/usr/lib/swift/macosx/prebuilt-modules/26.2/_Builtin_float.swiftmodule/x86_64-apple-macos.swiftmodule /Applications/Xcode.app/Contents/Developer/Toolchains/XcodeDefault.xctoolchain/usr/lib/swift/macosx/prebuilt-modules/26.2/_DarwinFoundation2.swiftmodule/x86_64-apple-macos.swiftmodule /Applications/Xcode.app/Contents/Developer/Toolchains/XcodeDefault.xctoolchain/usr/lib/swift/macosx/prebuilt-modules/26.2/Dispatch.swiftmodule/x86_64-apple-macos.swiftmodule /Applications/Xcode.app/Contents/Developer/Toolchains/XcodeDefault.xctoolchain/usr/lib/swift/macosx/prebuilt-modules/26.2/Foundation.swiftmodule/x86_64-apple-macos.swiftmodule /Applications/Xcode.app/Contents/Developer/Toolchains/XcodeDefault.xctoolchain/usr/lib/swift/macosx/prebuilt-modules/26.2/Observation.swiftmodule/x86_64-apple-macos.swiftmodule /Applications/Xcode.app/Contents/Developer/Toolchains/XcodeDefault.xctoolchain/usr/lib/swift/macosx/prebuilt-modules/26.2/_StringProcessing.swiftmodule/x86_64-apple-macos.swiftmodule /Applications/Xcode.app/Contents/Developer/Toolchains/XcodeDefault.xctoolchain/usr/lib/swift/macosx/prebuilt-modules/26.2/System.swiftmodule/x86_64-apple-macos.swiftmodule /Applications/Xcode.app/Contents/Developer/Toolchains/XcodeDefault.xctoolchain/usr/lib/swift/macosx/prebuilt-modules/26.2/_Concurrency.swiftmodule/x86_64-apple-macos.swiftmodule /Applications/Xcode.app/Contents/Developer/Toolchains/XcodeDefault.xctoolchain/usr/lib/swift/macosx/prebuilt-modules/26.2/ObjectiveC.swiftmodule/x86_64-apple-macos.swiftmodule /Applications/Xcode.app/Contents/Developer/Toolchains/XcodeDefault.xctoolchain/usr/lib/swift/macosx/prebuilt-modules/26.2/IOKit.swiftmodule/x86_64-apple-macos.swiftmodule /Users/geraltgraham/Codes/CPUKiller/app-macos/build/DerivedData/Build/Products/Release/MacKitCore.swiftmodule/x86_64-apple-macos.swiftmodule /Applications/Xcode.app/Contents/Developer/Toolchains/XcodeDefault.xctoolchain/usr/lib/swift/macosx/prebuilt-modules/26.2/Combine.swiftmodule/x86_64-apple-macos.swiftmodule /Applications/Xcode.app/Contents/Developer/Toolchains/XcodeDefault.xctoolchain/usr/lib/swift/macosx/prebuilt-modules/26.2/CoreFoundation.swiftmodule/x86_64-apple-macos.swiftmodule /Applications/Xcode.app/Contents/Developer/Toolchains/XcodeDefault.xctoolchain/usr/lib/swift/macosx/prebuilt-modules/26.2/_DarwinFoundation1.swiftmodule/x86_64-apple-macos.swiftmodule /Applications/Xcode.app/Contents/Developer/Toolchains/XcodeDefault.xctoolchain/usr/lib/swift/macosx/prebuilt-modules/26.2/XPC.swiftmodule/x86_64-apple-macos.swiftmodule /Users/geraltgraham/Codes/CPUKiller/app-macos/build/DerivedData/ModuleCache.noindex/os_object-CYLLH1RYC4OCRPUBBSM6WDCLP.pcm /Users/geraltgraham/Codes/CPUKiller/app-macos/build/DerivedData/ModuleCache.noindex/ptrcheck-7HXSO3KC6WATJ2CB84XSFQLX4.pcm /Users/geraltgraham/Codes/CPUKiller/app-macos/build/DerivedData/ModuleCache.noindex/_DarwinFoundation1-F1OE3PTTYT2N266Q4JXJBUZZG.pcm /Users/geraltgraham/Codes/CPUKiller/app-macos/build/DerivedData/ModuleCache.noindex/_AvailabilityInternal-8UTE4PZN9WHAT2W3B55J9VM30.pcm /Users/geraltgraham/Codes/CPUKiller/app-macos/build/DerivedData/ModuleCache.noindex/Dispatch-DOB1WM3U13EZWTMBBDQ901OC2.pcm /Users/geraltgraham/Codes/CPUKiller/app-macos/build/DerivedData/ModuleCache.noindex/SwiftShims-5EHJJ6UM4UGURT6WDI783HEFO.pcm /Users/geraltgraham/Codes/CPUKiller/app-macos/build/DerivedData/ModuleCache.noindex/_DarwinFoundation2-BZAZTX3DGQKPWNZKHDNLQ4P7C.pcm /Users/geraltgraham/Codes/CPUKiller/app-macos/build/DerivedData/ModuleCache.noindex/_Builtin_limits-5ICRQ74QBY7BSMG5U3QWERVYS.pcm /Users/geraltgraham/Codes/CPUKiller/app-macos/build/DerivedData/ModuleCache.noindex/libkern-3OL4B5TOQB3FN1AVCW0XY4VF6.pcm /Users/geraltgraham/Codes/CPUKiller/app-macos/build/DerivedData/ModuleCache.noindex/XPC-4JQFBWHGK83OFJOCSK4RGC5Q5.pcm /Users/geraltgraham/Codes/CPUKiller/app-macos/build/DerivedData/ModuleCache.noindex/libDER-5DQ4BD5PG6GNGR79YVPKQL1W3.pcm /Users/geraltgraham/Codes/CPUKiller/app-macos/build/DerivedData/ModuleCache.noindex/_Builtin_stdarg-DVLQMFYA7U80J2U9B5ZC83AQF.pcm /Users/geraltgraham/Codes/CPUKiller/app-macos/build/DerivedData/ModuleCache.noindex/_Builtin_stddef-EF0O9O0K20UL7VEX6GIYUUJJY.pcm /Users/geraltgraham/Codes/CPUKiller/app-macos/build/DerivedData/ModuleCache.noindex/MachO-8F1VPFSZK8W4NXTYSH2P0MBE8.pcm /Users/geraltgraham/Codes/CPUKiller/app-macos/build/DerivedData/ModuleCache.noindex/_DarwinFoundation3-39RVXICOL0KXQQOCWV98MN89K.pcm /Users/geraltgraham/Codes/CPUKiller/app-macos/build/DerivedData/ModuleCache.noindex/_Builtin_stdint-8RCQRNM4E8VSO0K9ACE13AFZT.pcm /Users/geraltgraham/Codes/CPUKiller/app-macos/build/DerivedData/ModuleCache.noindex/_Builtin_float-6R94NXQ1GPYR7JRU81Z7HR3V5.pcm /Users/geraltgraham/Codes/CPUKiller/app-macos/build/DerivedData/ModuleCache.noindex/DiskArbitration-EGPVWIIUMUKMS9O9437FUGMY9.pcm /Users/geraltgraham/Codes/CPUKiller/app-macos/build/DerivedData/ModuleCache.noindex/Darwin-CJCH7HMOZOJ4LV4W4AP86UQHN.pcm /Users/geraltgraham/Codes/CPUKiller/app-macos/build/DerivedData/ModuleCache.noindex/_SwiftConcurrencyShims-ABXR09DSJ21ZALCB7FX8BSMV1.pcm /Users/geraltgraham/Codes/CPUKiller/app-macos/build/DerivedData/ModuleCache.noindex/launch-3I7M9M63UCJ6Y6E24O7RZM3U5.pcm /Users/geraltgraham/Codes/CPUKiller/app-macos/build/DerivedData/ModuleCache.noindex/Security-86KT6UEI2R8M1QJXM2T3255R7.pcm /Users/geraltgraham/Codes/CPUKiller/app-macos/build/DerivedData/ModuleCache.noindex/ObjectiveC-DFXZWPVD8GU3HGX98F1MBLNI7.pcm /Users/geraltgraham/Codes/CPUKiller/app-macos/build/DerivedData/Build/Intermediates.noindex/SwiftExplicitPrecompiledModules/Sparkle-7Q0PIAJJH9LM3QSJNRHL9MIHK.pcm /Users/geraltgraham/Codes/CPUKiller/app-macos/build/DerivedData/ModuleCache.noindex/CoreFoundation-BV1EGUUXR3BL26IFMZ8U9CXR7.pcm /Users/geraltgraham/Codes/CPUKiller/app-macos/build/DerivedData/ModuleCache.noindex/Foundation-1BO2HMOUGE389B8YGIVYF9A6B.pcm /Users/geraltgraham/Codes/CPUKiller/app-macos/build/DerivedData/ModuleCache.noindex/os_workgroup-A4XWIS7YN1MGQUPT5PHGTNGFQ.pcm /Users/geraltgraham/Codes/CPUKiller/app-macos/build/DerivedData/ModuleCache.noindex/_Builtin_stdbool-6P2BQ3GGFVUNTT6V15Q8AWCT8.pcm /Users/geraltgraham/Codes/CPUKiller/app-macos/build/DerivedData/ModuleCache.noindex/CFNetwork-25DHICFEPFK87BNWGSE2HETCR.pcm /Users/geraltgraham/Codes/CPUKiller/app-macos/build/DerivedData/ModuleCache.noindex/_Builtin_intrinsics-3529X2JAWRUB4CNZNYF0ZJSQE.pcm /Users/geraltgraham/Codes/CPUKiller/app-macos/build/DerivedData/ModuleCache.noindex/CoreServices-1LXOBRZ8VAVWE2V2V4HKV1YEV.pcm /Users/geraltgraham/Codes/CPUKiller/app-macos/build/DerivedData/ModuleCache.noindex/_Builtin_inttypes-8D4J7PVSP78TEW9GODCS4RDZ6.pcm /Users/geraltgraham/Codes/CPUKiller/app-macos/build/DerivedData/ModuleCache.noindex/IOKit-2YEOVPPRUD77T2A0Q9B54PU73.pcm /Users/geraltgraham/Codes/CPUKiller/app-macos/build/DerivedData/ModuleCache.noindex/sys_types-40920ONM29XGZ4Q7OO7JVRJTP.pcm /Users/geraltgraham/Codes/CPUKiller/app-macos/build/DerivedData/ModuleCache.noindex/ptrauth-ED1LCYQQNQMKE2RQ6QR7ENELU.pcm /Users/geraltgraham/Codes/CPUKiller/app-macos/build/DerivedData/Build/Intermediates.noindex/MacKit.build/Release/MacKitUpdater.build/Objects-normal/x86_64/MacKitUpdater-dependencies-2.json (in target 'MacKitUpdater' from project 'MacKit')
SwiftCompile normal x86_64 /Users/geraltgraham/Codes/CPUKiller/app-macos/build/DerivedData/SourcePackages/checkouts/mac-kit-swift/Sources/MacKitUpdater/SparkleUpdateChecker.swift (in target 'MacKitUpdater' from project 'MacKit')
    cd /Users/geraltgraham/Codes/CPUKiller/app-macos/MacResourceMonitor.xcodeproj
    

SwiftExplicitDependencyGeneratePcm x86_64 /Users/geraltgraham/Codes/CPUKiller/app-macos/build/DerivedData/ModuleCache.noindex/ServiceManagement-7TD6DNTS4RO6FO0C8F2DKBMX5.pcm

SwiftExplicitDependencyGeneratePcm x86_64 /Users/geraltgraham/Codes/CPUKiller/app-macos/build/DerivedData/ModuleCache.noindex/Metal-AHNPZOMBV8F6BIZHMELH8OYNA.pcm

SwiftCompile normal x86_64 Compiling\ LaunchAtLoginService.swift /Users/geraltgraham/Codes/CPUKiller/app-macos/build/DerivedData/SourcePackages/checkouts/mac-kit-swift/Sources/MacKitLaunchAtLogin/LaunchAtLoginService.swift /Applications/Xcode.app/Contents/Developer/Toolchains/XcodeDefault.xctoolchain/usr/lib/swift/macosx/prebuilt-modules/26.2/Swift.swiftmodule/x86_64-apple-macos.swiftmodule /Applications/Xcode.app/Contents/Developer/Toolchains/XcodeDefault.xctoolchain/usr/lib/swift/macosx/prebuilt-modules/26.2/Darwin.swiftmodule/x86_64-apple-macos.swiftmodule /Applications/Xcode.app/Contents/Developer/Toolchains/XcodeDefault.xctoolchain/usr/lib/swift/macosx/prebuilt-modules/26.2/_DarwinFoundation3.swiftmodule/x86_64-apple-macos.swiftmodule /Applications/Xcode.app/Contents/Developer/Toolchains/XcodeDefault.xctoolchain/usr/lib/swift/macosx/prebuilt-modules/26.2/_Builtin_float.swiftmodule/x86_64-apple-macos.swiftmodule /Applications/Xcode.app/Contents/Developer/Toolchains/XcodeDefault.xctoolchain/usr/lib/swift/macosx/prebuilt-modules/26.2/_DarwinFoundation2.swiftmodule/x86_64-apple-macos.swiftmodule /Applications/Xcode.app/Contents/Developer/Toolchains/XcodeDefault.xctoolchain/usr/lib/swift/macosx/prebuilt-modules/26.2/Dispatch.swiftmodule/x86_64-apple-macos.swiftmodule /Applications/Xcode.app/Contents/Developer/Toolchains/XcodeDefault.xctoolchain/usr/lib/swift/macosx/prebuilt-modules/26.2/Foundation.swiftmodule/x86_64-apple-macos.swiftmodule /Applications/Xcode.app/Contents/Developer/Toolchains/XcodeDefault.xctoolchain/usr/lib/swift/macosx/prebuilt-modules/26.2/Observation.swiftmodule/x86_64-apple-macos.swiftmodule /Applications/Xcode.app/Contents/Developer/Toolchains/XcodeDefault.xctoolchain/usr/lib/swift/macosx/prebuilt-modules/26.2/_StringProcessing.swiftmodule/x86_64-apple-macos.swiftmodule /Applications/Xcode.app/Contents/Developer/Toolchains/XcodeDefault.xctoolchain/usr/lib/swift/macosx/prebuilt-modules/26.2/System.swiftmodule/x86_64-apple-macos.swiftmodule /Applications/Xcode.app/Contents/Developer/Toolchains/XcodeDefault.xctoolchain/usr/lib/swift/macosx/prebuilt-modules/26.2/_Concurrency.swiftmodule/x86_64-apple-macos.swiftmodule /Applications/Xcode.app/Contents/Developer/Toolchains/XcodeDefault.xctoolchain/usr/lib/swift/macosx/prebuilt-modules/26.2/CoreFoundation.swiftmodule/x86_64-apple-macos.swiftmodule /Applications/Xcode.app/Contents/Developer/Toolchains/XcodeDefault.xctoolchain/usr/lib/swift/macosx/prebuilt-modules/26.2/IOKit.swiftmodule/x86_64-apple-macos.swiftmodule /Applications/Xcode.app/Contents/Developer/Toolchains/XcodeDefault.xctoolchain/usr/lib/swift/macosx/prebuilt-modules/26.2/ObjectiveC.swiftmodule/x86_64-apple-macos.swiftmodule /Applications/Xcode.app/Contents/Developer/Toolchains/XcodeDefault.xctoolchain/usr/lib/swift/macosx/prebuilt-modules/26.2/Combine.swiftmodule/x86_64-apple-macos.swiftmodule /Users/geraltgraham/Codes/CPUKiller/app-macos/build/DerivedData/Build/Products/Release/MacKitCore.swiftmodule/x86_64-apple-macos.swiftmodule /Applications/Xcode.app/Contents/Developer/Toolchains/XcodeDefault.xctoolchain/usr/lib/swift/macosx/prebuilt-modules/26.2/_DarwinFoundation1.swiftmodule/x86_64-apple-macos.swiftmodule /Applications/Xcode.app/Contents/Developer/Toolchains/XcodeDefault.xctoolchain/usr/lib/swift/macosx/prebuilt-modules/26.2/XPC.swiftmodule/x86_64-apple-macos.swiftmodule /Users/geraltgraham/Codes/CPUKiller/app-macos/build/DerivedData/ModuleCache.noindex/os_object-CYLLH1RYC4OCRPUBBSM6WDCLP.pcm /Users/geraltgraham/Codes/CPUKiller/app-macos/build/DerivedData/ModuleCache.noindex/ptrcheck-7HXSO3KC6WATJ2CB84XSFQLX4.pcm /Users/geraltgraham/Codes/CPUKiller/app-macos/build/DerivedData/ModuleCache.noindex/_DarwinFoundation1-F1OE3PTTYT2N266Q4JXJBUZZG.pcm /Users/geraltgraham/Codes/CPUKiller/app-macos/build/DerivedData/ModuleCache.noindex/_AvailabilityInternal-8UTE4PZN9WHAT2W3B55J9VM30.pcm /Users/geraltgraham/Codes/CPUKiller/app-macos/build/DerivedData/ModuleCache.noindex/Dispatch-DOB1WM3U13EZWTMBBDQ901OC2.pcm /Users/geraltgraham/Codes/CPUKiller/app-macos/build/DerivedData/ModuleCache.noindex/_DarwinFoundation2-BZAZTX3DGQKPWNZKHDNLQ4P7C.pcm /Users/geraltgraham/Codes/CPUKiller/app-macos/build/DerivedData/ModuleCache.noindex/SwiftShims-5EHJJ6UM4UGURT6WDI783HEFO.pcm /Users/geraltgraham/Codes/CPUKiller/app-macos/build/DerivedData/ModuleCache.noindex/_Builtin_limits-5ICRQ74QBY7BSMG5U3QWERVYS.pcm /Users/geraltgraham/Codes/CPUKiller/app-macos/build/DerivedData/ModuleCache.noindex/libDER-5DQ4BD5PG6GNGR79YVPKQL1W3.pcm /Users/geraltgraham/Codes/CPUKiller/app-macos/build/DerivedData/ModuleCache.noindex/XPC-4JQFBWHGK83OFJOCSK4RGC5Q5.pcm /Users/geraltgraham/Codes/CPUKiller/app-macos/build/DerivedData/ModuleCache.noindex/libkern-3OL4B5TOQB3FN1AVCW0XY4VF6.pcm /Users/geraltgraham/Codes/CPUKiller/app-macos/build/DerivedData/ModuleCache.noindex/_Builtin_stdarg-DVLQMFYA7U80J2U9B5ZC83AQF.pcm /Users/geraltgraham/Codes/CPUKiller/app-macos/build/DerivedData/ModuleCache.noindex/_Builtin_stddef-EF0O9O0K20UL7VEX6GIYUUJJY.pcm /Users/geraltgraham/Codes/CPUKiller/app-macos/build/DerivedData/ModuleCache.noindex/MachO-8F1VPFSZK8W4NXTYSH2P0MBE8.pcm /Users/geraltgraham/Codes/CPUKiller/app-macos/build/DerivedData/ModuleCache.noindex/_DarwinFoundation3-39RVXICOL0KXQQOCWV98MN89K.pcm /Users/geraltgraham/Codes/CPUKiller/app-macos/build/DerivedData/ModuleCache.noindex/ServiceManagement-7TD6DNTS4RO6FO0C8F2DKBMX5.pcm /Users/geraltgraham/Codes/CPUKiller/app-macos/build/DerivedData/ModuleCache.noindex/_Builtin_float-6R94NXQ1GPYR7JRU81Z7HR3V5.pcm /Users/geraltgraham/Codes/CPUKiller/app-macos/build/DerivedData/ModuleCache.noindex/_Builtin_stdint-8RCQRNM4E8VSO0K9ACE13AFZT.pcm /Users/geraltgraham/Codes/CPUKiller/app-macos/build/DerivedData/ModuleCache.noindex/DiskArbitration-EGPVWIIUMUKMS9O9437FUGMY9.pcm /Users/geraltgraham/Codes/CPUKiller/app-macos/build/DerivedData/ModuleCache.noindex/Security-86KT6UEI2R8M1QJXM2T3255R7.pcm /Users/geraltgraham/Codes/CPUKiller/app-macos/build/DerivedData/ModuleCache.noindex/Darwin-CJCH7HMOZOJ4LV4W4AP86UQHN.pcm /Users/geraltgraham/Codes/CPUKiller/app-macos/build/DerivedData/ModuleCache.noindex/_SwiftConcurrencyShims-ABXR09DSJ21ZALCB7FX8BSMV1.pcm /Users/geraltgraham/Codes/CPUKiller/app-macos/build/DerivedData/ModuleCache.noindex/launch-3I7M9M63UCJ6Y6E24O7RZM3U5.pcm /Users/geraltgraham/Codes/CPUKiller/app-macos/build/DerivedData/ModuleCache.noindex/ObjectiveC-DFXZWPVD8GU3HGX98F1MBLNI7.pcm /Users/geraltgraham/Codes/CPUKiller/app-macos/build/DerivedData/ModuleCache.noindex/CoreFoundation-BV1EGUUXR3BL26IFMZ8U9CXR7.pcm /Users/geraltgraham/Codes/CPUKiller/app-macos/build/DerivedData/ModuleCache.noindex/Foundation-1BO2HMOUGE389B8YGIVYF9A6B.pcm /Users/geraltgraham/Codes/CPUKiller/app-macos/build/DerivedData/ModuleCache.noindex/os_workgroup-A4XWIS7YN1MGQUPT5PHGTNGFQ.pcm /Users/geraltgraham/Codes/CPUKiller/app-macos/build/DerivedData/ModuleCache.noindex/_Builtin_stdbool-6P2BQ3GGFVUNTT6V15Q8AWCT8.pcm /Users/geraltgraham/Codes/CPUKiller/app-macos/build/DerivedData/ModuleCache.noindex/CFNetwork-25DHICFEPFK87BNWGSE2HETCR.pcm /Users/geraltgraham/Codes/CPUKiller/app-macos/build/DerivedData/ModuleCache.noindex/_Builtin_intrinsics-3529X2JAWRUB4CNZNYF0ZJSQE.pcm /Users/geraltgraham/Codes/CPUKiller/app-macos/build/DerivedData/ModuleCache.noindex/CoreServices-1LXOBRZ8VAVWE2V2V4HKV1YEV.pcm /Users/geraltgraham/Codes/CPUKiller/app-macos/build/DerivedData/ModuleCache.noindex/_Builtin_inttypes-8D4J7PVSP78TEW9GODCS4RDZ6.pcm /Users/geraltgraham/Codes/CPUKiller/app-macos/build/DerivedData/ModuleCache.noindex/ptrauth-ED1LCYQQNQMKE2RQ6QR7ENELU.pcm /Users/geraltgraham/Codes/CPUKiller/app-macos/build/DerivedData/ModuleCache.noindex/IOKit-2YEOVPPRUD77T2A0Q9B54PU73.pcm /Users/geraltgraham/Codes/CPUKiller/app-macos/build/DerivedData/ModuleCache.noindex/sys_types-40920ONM29XGZ4Q7OO7JVRJTP.pcm /Users/geraltgraham/Codes/CPUKiller/app-macos/build/DerivedData/Build/Intermediates.noindex/MacKit.build/Release/MacKitLaunchAtLogin.build/Objects-normal/x86_64/MacKitLaunchAtLogin-dependencies-2.json (in target 'MacKitLaunchAtLogin' from project 'MacKit')

SwiftCompile normal x86_64 /Users/geraltgraham/Codes/CPUKiller/app-macos/build/DerivedData/SourcePackages/checkouts/mac-kit-swift/Sources/MacKitLaunchAtLogin/LaunchAtLoginService.swift (in target 'MacKitLaunchAtLogin' from project 'MacKit')
    cd /Users/geraltgraham/Codes/CPUKiller/app-macos/MacResourceMonitor.xcodeproj
    

SwiftExplicitDependencyGeneratePcm arm64 /Users/geraltgraham/Codes/CPUKiller/app-macos/build/DerivedData/ModuleCache.noindex/CoreTransferable-CX5Z39MXJNFJVTBL98RYB1HZ8.pcm

SwiftExplicitDependencyGeneratePcm arm64 /Users/geraltgraham/Codes/CPUKiller/app-macos/build/DerivedData/ModuleCache.noindex/OSLog-8V1QXKZU5ZBF4LE99DLFU7DLI.pcm

SwiftExplicitDependencyGeneratePcm arm64 /Users/geraltgraham/Codes/CPUKiller/app-macos/build/DerivedData/ModuleCache.noindex/ApplicationServices-1KLL62OFZ637BO8XFYK3JOQK1.pcm

SwiftExplicitDependencyGeneratePcm arm64 /Users/geraltgraham/Codes/CPUKiller/app-macos/build/DerivedData/ModuleCache.noindex/Accessibility-C1JJ2X4OKGWW6NKDPSB0YYOIJ.pcm

SwiftExplicitDependencyGeneratePcm arm64 /Users/geraltgraham/Codes/CPUKiller/app-macos/build/DerivedData/ModuleCache.noindex/Symbols-9KSA9LATT5G53MKZ1GMVEUDH6.pcm

SwiftExplicitDependencyGeneratePcm arm64 /Users/geraltgraham/Codes/CPUKiller/app-macos/build/DerivedData/ModuleCache.noindex/IOSurface-9GITNS51N1HGQU67MN6PKN22F.pcm

SwiftDriverJobDiscovery normal x86_64 Compiling SparkleUpdateChecker.swift (in target 'MacKitUpdater' from project 'MacKit')

SwiftExplicitDependencyGeneratePcm arm64 /Users/geraltgraham/Codes/CPUKiller/app-macos/build/DerivedData/ModuleCache.noindex/ServiceManagement-39IU9O7AV9967DXAF3P4E9VCT.pcm

SwiftDriverJobDiscovery normal x86_64 Compiling LaunchAtLoginService.swift (in target 'MacKitLaunchAtLogin' from project 'MacKit')

SwiftDriver\ Compilation\ Requirements MacKitUpdater normal x86_64 com.apple.xcode.tools.swift.compiler (in target 'MacKitUpdater' from project 'MacKit')
    cd /Users/geraltgraham/Codes/CPUKiller/app-macos/MacResourceMonitor.xcodeproj
    builtin-Swift-Compilation-Requirements -- /Applications/Xcode.app/Contents/Developer/Toolchains/XcodeDefault.xctoolchain/usr/bin/swiftc -module-name MacKitUpdater -O -whole-module-optimization -enforce-exclusivity\=checked @/Users/geraltgraham/Codes/CPUKiller/app-macos/build/DerivedData/Build/Intermediates.noindex/MacKit.build/Release/MacKitUpdater.build/Objects-normal/x86_64/MacKitUpdater.SwiftFileList -DSWIFT_PACKAGE -DSWIFT_MODULE_RESOURCE_BUNDLE_UNAVAILABLE -DXcode -plugin-path /Applications/Xcode.app/Contents/Developer/Toolchains/XcodeDefault.xctoolchain/usr/lib/swift/host/plugins/testing -enable-experimental-feature DebugDescriptionMacro -sdk /Applications/Xcode.app/Contents/Developer/Platforms/MacOSX.platform/Developer/SDKs/MacOSX26.2.sdk -target x86_64-apple-macos14.0 -g -module-cache-path /Users/geraltgraham/Codes/CPUKiller/app-macos/build/DerivedData/ModuleCache.noindex -Xfrontend -serialize-debugging-options -suppress-warnings -swift-version 6 -I /Users/geraltgraham/Codes/CPUKiller/app-macos/build/DerivedData/Build/Products/Release -Isystem /Applications/Xcode.app/Contents/Developer/Platforms/MacOSX.platform/Developer/usr/lib -F /Users/geraltgraham/Codes/CPUKiller/app-macos/build/DerivedData/Build/Products/Release/PackageFrameworks -F /Users/geraltgraham/Codes/CPUKiller/app-macos/build/DerivedData/Build/Products/Release -F /Applications/Xcode.app/Contents/Developer/Platforms/MacOSX.platform/Developer/Library/Frameworks -parse-as-library -c -num-threads 8 -Xcc -ivfsstatcache -Xcc /Users/geraltgraham/Codes/CPUKiller/app-macos/build/DerivedData/SDKStatCaches.noindex/macosx26.2-25C58-e8867d0c40613ffc63e0238af232dc5000fa09913b459cbbc988d1f6730289ae.sdkstatcache -output-file-map /Users/geraltgraham/Codes/CPUKiller/app-macos/build/DerivedData/Build/Intermediates.noindex/MacKit.build/Release/MacKitUpdater.build/Objects-normal/x86_64/MacKitUpdater-OutputFileMap.json -use-frontend-parseable-output -save-temps -no-color-diagnostics -explicit-module-build -module-cache-path /Users/geraltgraham/Codes/CPUKiller/app-macos/build/DerivedData/Build/Intermediates.noindex/SwiftExplicitPrecompiledModules -clang-scanner-module-cache-path /Users/geraltgraham/Codes/CPUKiller/app-macos/build/DerivedData/ModuleCache.noindex -sdk-module-cache-path /Users/geraltgraham/Codes/CPUKiller/app-macos/build/DerivedData/ModuleCache.noindex -serialize-diagnostics -emit-dependencies -emit-module -emit-module-path /Users/geraltgraham/Codes/CPUKiller/app-macos/build/DerivedData/Build/Intermediates.noindex/MacKit.build/Release/MacKitUpdater.build/Objects-normal/x86_64/MacKitUpdater.swiftmodule -user-module-version 0.1.4 -validate-clang-modules-once -clang-build-session-file /Users/geraltgraham/Codes/CPUKiller/app-macos/build/DerivedData/ModuleCache.noindex/Session.modulevalidation -package-name mac_kit_swift -Xcc -I/Users/geraltgraham/Codes/CPUKiller/app-macos/build/DerivedData/Build/Intermediates.noindex/MacKit.build/Release/MacKitUpdater.build/swift-overrides.hmap -emit-const-values -Xfrontend -const-gather-protocols-file -Xfrontend /Users/geraltgraham/Codes/CPUKiller/app-macos/build/DerivedData/Build/Intermediates.noindex/MacKit.build/Release/MacKitUpdater.build/Objects-normal/x86_64/MacKitUpdater_const_extract_protocols.json -Xcc -I/Users/geraltgraham/Codes/CPUKiller/app-macos/build/DerivedData/Build/Products/Release/include -Xcc -I/Users/geraltgraham/Codes/CPUKiller/app-macos/build/DerivedData/Build/Intermediates.noindex/MacKit.build/Release/MacKitUpdater.build/DerivedSources-normal/x86_64 -Xcc -I/Users/geraltgraham/Codes/CPUKiller/app-macos/build/DerivedData/Build/Intermediates.noindex/MacKit.build/Release/MacKitUpdater.build/DerivedSources/x86_64 -Xcc -I/Users/geraltgraham/Codes/CPUKiller/app-macos/build/DerivedData/Build/Intermediates.noindex/MacKit.build/Release/MacKitUpdater.build/DerivedSources -Xcc -DSWIFT_PACKAGE -emit-objc-header -emit-objc-header-path /Users/geraltgraham/Codes/CPUKiller/app-macos/build/DerivedData/Build/Intermediates.noindex/MacKit.build/Release/MacKitUpdater.build/Objects-normal/x86_64/MacKitUpdater-Swift.h -working-directory /Users/geraltgraham/Codes/CPUKiller/app-macos/MacResourceMonitor.xcodeproj -no-emit-module-separately-wmo

SwiftDriver\ Compilation\ Requirements MacKitLaunchAtLogin normal x86_64 com.apple.xcode.tools.swift.compiler (in target 'MacKitLaunchAtLogin' from project 'MacKit')
    cd /Users/geraltgraham/Codes/CPUKiller/app-macos/MacResourceMonitor.xcodeproj
    builtin-Swift-Compilation-Requirements -- /Applications/Xcode.app/Contents/Developer/Toolchains/XcodeDefault.xctoolchain/usr/bin/swiftc -module-name MacKitLaunchAtLogin -O -whole-module-optimization -enforce-exclusivity\=checked @/Users/geraltgraham/Codes/CPUKiller/app-macos/build/DerivedData/Build/Intermediates.noindex/MacKit.build/Release/MacKitLaunchAtLogin.build/Objects-normal/x86_64/MacKitLaunchAtLogin.SwiftFileList -DSWIFT_PACKAGE -DSWIFT_MODULE_RESOURCE_BUNDLE_UNAVAILABLE -DXcode -plugin-path /Applications/Xcode.app/Contents/Developer/Toolchains/XcodeDefault.xctoolchain/usr/lib/swift/host/plugins/testing -enable-experimental-feature DebugDescriptionMacro -sdk /Applications/Xcode.app/Contents/Developer/Platforms/MacOSX.platform/Developer/SDKs/MacOSX26.2.sdk -target x86_64-apple-macos14.0 -g -module-cache-path /Users/geraltgraham/Codes/CPUKiller/app-macos/build/DerivedData/ModuleCache.noindex -Xfrontend -serialize-debugging-options -suppress-warnings -swift-version 6 -I /Users/geraltgraham/Codes/CPUKiller/app-macos/build/DerivedData/Build/Products/Release -Isystem /Applications/Xcode.app/Contents/Developer/Platforms/MacOSX.platform/Developer/usr/lib -F /Users/geraltgraham/Codes/CPUKiller/app-macos/build/DerivedData/Build/Products/Release/PackageFrameworks -F /Users/geraltgraham/Codes/CPUKiller/app-macos/build/DerivedData/Build/Products/Release -F /Applications/Xcode.app/Contents/Developer/Platforms/MacOSX.platform/Developer/Library/Frameworks -parse-as-library -c -num-threads 8 -Xcc -ivfsstatcache -Xcc /Users/geraltgraham/Codes/CPUKiller/app-macos/build/DerivedData/SDKStatCaches.noindex/macosx26.2-25C58-e8867d0c40613ffc63e0238af232dc5000fa09913b459cbbc988d1f6730289ae.sdkstatcache -output-file-map /Users/geraltgraham/Codes/CPUKiller/app-macos/build/DerivedData/Build/Intermediates.noindex/MacKit.build/Release/MacKitLaunchAtLogin.build/Objects-normal/x86_64/MacKitLaunchAtLogin-OutputFileMap.json -use-frontend-parseable-output -save-temps -no-color-diagnostics -explicit-module-build -module-cache-path /Users/geraltgraham/Codes/CPUKiller/app-macos/build/DerivedData/Build/Intermediates.noindex/SwiftExplicitPrecompiledModules -clang-scanner-module-cache-path /Users/geraltgraham/Codes/CPUKiller/app-macos/build/DerivedData/ModuleCache.noindex -sdk-module-cache-path /Users/geraltgraham/Codes/CPUKiller/app-macos/build/DerivedData/ModuleCache.noindex -serialize-diagnostics -emit-dependencies -emit-module -emit-module-path /Users/geraltgraham/Codes/CPUKiller/app-macos/build/DerivedData/Build/Intermediates.noindex/MacKit.build/Release/MacKitLaunchAtLogin.build/Objects-normal/x86_64/MacKitLaunchAtLogin.swiftmodule -user-module-version 0.1.4 -validate-clang-modules-once -clang-build-session-file /Users/geraltgraham/Codes/CPUKiller/app-macos/build/DerivedData/ModuleCache.noindex/Session.modulevalidation -package-name mac_kit_swift -Xcc -I/Users/geraltgraham/Codes/CPUKiller/app-macos/build/DerivedData/Build/Intermediates.noindex/MacKit.build/Release/MacKitLaunchAtLogin.build/swift-overrides.hmap -emit-const-values -Xfrontend -const-gather-protocols-file -Xfrontend /Users/geraltgraham/Codes/CPUKiller/app-macos/build/DerivedData/Build/Intermediates.noindex/MacKit.build/Release/MacKitLaunchAtLogin.build/Objects-normal/x86_64/MacKitLaunchAtLogin_const_extract_protocols.json -Xcc -I/Users/geraltgraham/Codes/CPUKiller/app-macos/build/DerivedData/Build/Products/Release/include -Xcc -I/Users/geraltgraham/Codes/CPUKiller/app-macos/build/DerivedData/Build/Intermediates.noindex/MacKit.build/Release/MacKitLaunchAtLogin.build/DerivedSources-normal/x86_64 -Xcc -I/Users/geraltgraham/Codes/CPUKiller/app-macos/build/DerivedData/Build/Intermediates.noindex/MacKit.build/Release/MacKitLaunchAtLogin.build/DerivedSources/x86_64 -Xcc -I/Users/geraltgraham/Codes/CPUKiller/app-macos/build/DerivedData/Build/Intermediates.noindex/MacKit.build/Release/MacKitLaunchAtLogin.build/DerivedSources -Xcc -DSWIFT_PACKAGE -emit-objc-header -emit-objc-header-path /Users/geraltgraham/Codes/CPUKiller/app-macos/build/DerivedData/Build/Intermediates.noindex/MacKit.build/Release/MacKitLaunchAtLogin.build/Objects-normal/x86_64/MacKitLaunchAtLogin-Swift.h -working-directory /Users/geraltgraham/Codes/CPUKiller/app-macos/MacResourceMonitor.xcodeproj -no-emit-module-separately-wmo

Copy /Users/geraltgraham/Codes/CPUKiller/app-macos/build/DerivedData/Build/Products/Release/MacKitUpdater.swiftmodule/x86_64-apple-macos.swiftmodule /Users/geraltgraham/Codes/CPUKiller/app-macos/build/DerivedData/Build/Intermediates.noindex/MacKit.build/Release/MacKitUpdater.build/Objects-normal/x86_64/MacKitUpdater.swiftmodule (in target 'MacKitUpdater' from project 'MacKit')
    cd /Users/geraltgraham/Codes/CPUKiller/app-macos/build/DerivedData/SourcePackages/checkouts/mac-kit-swift
    builtin-copy -exclude .DS_Store -exclude CVS -exclude .svn -exclude .git -exclude .hg -strip-unsigned-binaries -strip-deterministic -strip-tool /Applications/Xcode.app/Contents/Developer/Toolchains/XcodeDefault.xctoolchain/usr/bin/strip -resolve-src-symlinks -rename /Users/geraltgraham/Codes/CPUKiller/app-macos/build/DerivedData/Build/Intermediates.noindex/MacKit.build/Release/MacKitUpdater.build/Objects-normal/x86_64/MacKitUpdater.swiftmodule /Users/geraltgraham/Codes/CPUKiller/app-macos/build/DerivedData/Build/Products/Release/MacKitUpdater.swiftmodule/x86_64-apple-macos.swiftmodule

Copy /Users/geraltgraham/Codes/CPUKiller/app-macos/build/DerivedData/Build/Products/Release/MacKitUpdater.swiftmodule/x86_64-apple-macos.swiftdoc /Users/geraltgraham/Codes/CPUKiller/app-macos/build/DerivedData/Build/Intermediates.noindex/MacKit.build/Release/MacKitUpdater.build/Objects-normal/x86_64/MacKitUpdater.swiftdoc (in target 'MacKitUpdater' from project 'MacKit')
    cd /Users/geraltgraham/Codes/CPUKiller/app-macos/build/DerivedData/SourcePackages/checkouts/mac-kit-swift
    builtin-copy -exclude .DS_Store -exclude CVS -exclude .svn -exclude .git -exclude .hg -strip-unsigned-binaries -strip-deterministic -strip-tool /Applications/Xcode.app/Contents/Developer/Toolchains/XcodeDefault.xctoolchain/usr/bin/strip -resolve-src-symlinks -rename /Users/geraltgraham/Codes/CPUKiller/app-macos/build/DerivedData/Build/Intermediates.noindex/MacKit.build/Release/MacKitUpdater.build/Objects-normal/x86_64/MacKitUpdater.swiftdoc /Users/geraltgraham/Codes/CPUKiller/app-macos/build/DerivedData/Build/Products/Release/MacKitUpdater.swiftmodule/x86_64-apple-macos.swiftdoc

Copy /Users/geraltgraham/Codes/CPUKiller/app-macos/build/DerivedData/Build/Products/Release/MacKitUpdater.swiftmodule/x86_64-apple-macos.abi.json /Users/geraltgraham/Codes/CPUKiller/app-macos/build/DerivedData/Build/Intermediates.noindex/MacKit.build/Release/MacKitUpdater.build/Objects-normal/x86_64/MacKitUpdater.abi.json (in target 'MacKitUpdater' from project 'MacKit')
    cd /Users/geraltgraham/Codes/CPUKiller/app-macos/build/DerivedData/SourcePackages/checkouts/mac-kit-swift
    builtin-copy -exclude .DS_Store -exclude CVS -exclude .svn -exclude .git -exclude .hg -strip-unsigned-binaries -strip-deterministic -strip-tool /Applications/Xcode.app/Contents/Developer/Toolchains/XcodeDefault.xctoolchain/usr/bin/strip -resolve-src-symlinks -rename /Users/geraltgraham/Codes/CPUKiller/app-macos/build/DerivedData/Build/Intermediates.noindex/MacKit.build/Release/MacKitUpdater.build/Objects-normal/x86_64/MacKitUpdater.abi.json /Users/geraltgraham/Codes/CPUKiller/app-macos/build/DerivedData/Build/Products/Release/MacKitUpdater.swiftmodule/x86_64-apple-macos.abi.json

Copy /Users/geraltgraham/Codes/CPUKiller/app-macos/build/DerivedData/Build/Products/Release/MacKitUpdater.swiftmodule/Project/x86_64-apple-macos.swiftsourceinfo /Users/geraltgraham/Codes/CPUKiller/app-macos/build/DerivedData/Build/Intermediates.noindex/MacKit.build/Release/MacKitUpdater.build/Objects-normal/x86_64/MacKitUpdater.swiftsourceinfo (in target 'MacKitUpdater' from project 'MacKit')
    cd /Users/geraltgraham/Codes/CPUKiller/app-macos/build/DerivedData/SourcePackages/checkouts/mac-kit-swift
    builtin-copy -exclude .DS_Store -exclude CVS -exclude .svn -exclude .git -exclude .hg -strip-unsigned-binaries -strip-deterministic -strip-tool /Applications/Xcode.app/Contents/Developer/Toolchains/XcodeDefault.xctoolchain/usr/bin/strip -resolve-src-symlinks -rename /Users/geraltgraham/Codes/CPUKiller/app-macos/build/DerivedData/Build/Intermediates.noindex/MacKit.build/Release/MacKitUpdater.build/Objects-normal/x86_64/MacKitUpdater.swiftsourceinfo /Users/geraltgraham/Codes/CPUKiller/app-macos/build/DerivedData/Build/Products/Release/MacKitUpdater.swiftmodule/Project/x86_64-apple-macos.swiftsourceinfo

Copy /Users/geraltgraham/Codes/CPUKiller/app-macos/build/DerivedData/Build/Products/Release/MacKitLaunchAtLogin.swiftmodule/x86_64-apple-macos.swiftmodule /Users/geraltgraham/Codes/CPUKiller/app-macos/build/DerivedData/Build/Intermediates.noindex/MacKit.build/Release/MacKitLaunchAtLogin.build/Objects-normal/x86_64/MacKitLaunchAtLogin.swiftmodule (in target 'MacKitLaunchAtLogin' from project 'MacKit')
    cd /Users/geraltgraham/Codes/CPUKiller/app-macos/build/DerivedData/SourcePackages/checkouts/mac-kit-swift
    builtin-copy -exclude .DS_Store -exclude CVS -exclude .svn -exclude .git -exclude .hg -strip-unsigned-binaries -strip-deterministic -strip-tool /Applications/Xcode.app/Contents/Developer/Toolchains/XcodeDefault.xctoolchain/usr/bin/strip -resolve-src-symlinks -rename /Users/geraltgraham/Codes/CPUKiller/app-macos/build/DerivedData/Build/Intermediates.noindex/MacKit.build/Release/MacKitLaunchAtLogin.build/Objects-normal/x86_64/MacKitLaunchAtLogin.swiftmodule /Users/geraltgraham/Codes/CPUKiller/app-macos/build/DerivedData/Build/Products/Release/MacKitLaunchAtLogin.swiftmodule/x86_64-apple-macos.swiftmodule

Copy /Users/geraltgraham/Codes/CPUKiller/app-macos/build/DerivedData/Build/Products/Release/MacKitLaunchAtLogin.swiftmodule/x86_64-apple-macos.swiftdoc /Users/geraltgraham/Codes/CPUKiller/app-macos/build/DerivedData/Build/Intermediates.noindex/MacKit.build/Release/MacKitLaunchAtLogin.build/Objects-normal/x86_64/MacKitLaunchAtLogin.swiftdoc (in target 'MacKitLaunchAtLogin' from project 'MacKit')
    cd /Users/geraltgraham/Codes/CPUKiller/app-macos/build/DerivedData/SourcePackages/checkouts/mac-kit-swift
    builtin-copy -exclude .DS_Store -exclude CVS -exclude .svn -exclude .git -exclude .hg -strip-unsigned-binaries -strip-deterministic -strip-tool /Applications/Xcode.app/Contents/Developer/Toolchains/XcodeDefault.xctoolchain/usr/bin/strip -resolve-src-symlinks -rename /Users/geraltgraham/Codes/CPUKiller/app-macos/build/DerivedData/Build/Intermediates.noindex/MacKit.build/Release/MacKitLaunchAtLogin.build/Objects-normal/x86_64/MacKitLaunchAtLogin.swiftdoc /Users/geraltgraham/Codes/CPUKiller/app-macos/build/DerivedData/Build/Products/Release/MacKitLaunchAtLogin.swiftmodule/x86_64-apple-macos.swiftdoc

Copy /Users/geraltgraham/Codes/CPUKiller/app-macos/build/DerivedData/Build/Products/Release/MacKitLaunchAtLogin.swiftmodule/x86_64-apple-macos.abi.json /Users/geraltgraham/Codes/CPUKiller/app-macos/build/DerivedData/Build/Intermediates.noindex/MacKit.build/Release/MacKitLaunchAtLogin.build/Objects-normal/x86_64/MacKitLaunchAtLogin.abi.json (in target 'MacKitLaunchAtLogin' from project 'MacKit')
    cd /Users/geraltgraham/Codes/CPUKiller/app-macos/build/DerivedData/SourcePackages/checkouts/mac-kit-swift
    builtin-copy -exclude .DS_Store -exclude CVS -exclude .svn -exclude .git -exclude .hg -strip-unsigned-binaries -strip-deterministic -strip-tool /Applications/Xcode.app/Contents/Developer/Toolchains/XcodeDefault.xctoolchain/usr/bin/strip -resolve-src-symlinks -rename /Users/geraltgraham/Codes/CPUKiller/app-macos/build/DerivedData/Build/Intermediates.noindex/MacKit.build/Release/MacKitLaunchAtLogin.build/Objects-normal/x86_64/MacKitLaunchAtLogin.abi.json /Users/geraltgraham/Codes/CPUKiller/app-macos/build/DerivedData/Build/Products/Release/MacKitLaunchAtLogin.swiftmodule/x86_64-apple-macos.abi.json

Copy /Users/geraltgraham/Codes/CPUKiller/app-macos/build/DerivedData/Build/Products/Release/MacKitLaunchAtLogin.swiftmodule/Project/x86_64-apple-macos.swiftsourceinfo /Users/geraltgraham/Codes/CPUKiller/app-macos/build/DerivedData/Build/Intermediates.noindex/MacKit.build/Release/MacKitLaunchAtLogin.build/Objects-normal/x86_64/MacKitLaunchAtLogin.swiftsourceinfo (in target 'MacKitLaunchAtLogin' from project 'MacKit')
    cd /Users/geraltgraham/Codes/CPUKiller/app-macos/build/DerivedData/SourcePackages/checkouts/mac-kit-swift
    builtin-copy -exclude .DS_Store -exclude CVS -exclude .svn -exclude .git -exclude .hg -strip-unsigned-binaries -strip-deterministic -strip-tool /Applications/Xcode.app/Contents/Developer/Toolchains/XcodeDefault.xctoolchain/usr/bin/strip -resolve-src-symlinks -rename /Users/geraltgraham/Codes/CPUKiller/app-macos/build/DerivedData/Build/Intermediates.noindex/MacKit.build/Release/MacKitLaunchAtLogin.build/Objects-normal/x86_64/MacKitLaunchAtLogin.swiftsourceinfo /Users/geraltgraham/Codes/CPUKiller/app-macos/build/DerivedData/Build/Products/Release/MacKitLaunchAtLogin.swiftmodule/Project/x86_64-apple-macos.swiftsourceinfo

SwiftExplicitDependencyGeneratePcm arm64 /Users/geraltgraham/Codes/CPUKiller/app-macos/build/DerivedData/ModuleCache.noindex/CoreData-QK58EDS79TWUBW76MJ9LW536.pcm

SwiftExplicitDependencyGeneratePcm arm64 /Users/geraltgraham/Codes/CPUKiller/app-macos/build/DerivedData/Build/Intermediates.noindex/SwiftExplicitPrecompiledModules/Sparkle-4CZG4MGHJXZZOOJ1B3SBCQ1FX.pcm

SwiftExplicitDependencyGeneratePcm arm64 /Users/geraltgraham/Codes/CPUKiller/app-macos/build/DerivedData/ModuleCache.noindex/DataDetection-4Q88WIT0OXSFQKJKA9QTPAUPW.pcm

SwiftExplicitDependencyGeneratePcm x86_64 /Users/geraltgraham/Codes/CPUKiller/app-macos/build/DerivedData/ModuleCache.noindex/CoreVideo-8BQ2TN6HVFBZ2HQ7ALGRR687J.pcm

SwiftExplicitDependencyGeneratePcm arm64 /Users/geraltgraham/Codes/CPUKiller/app-macos/build/DerivedData/ModuleCache.noindex/UniformTypeIdentifiers-1Q07MN6YLIG82UFP6OHW42U0I.pcm

SwiftExplicitDependencyGeneratePcm arm64 /Users/geraltgraham/Codes/CPUKiller/app-macos/build/DerivedData/ModuleCache.noindex/Metal-6OH3O9NLYUM6G8MYU4SB3G7AM.pcm

SwiftCompile normal arm64 Compiling\ LaunchAtLoginService.swift /Users/geraltgraham/Codes/CPUKiller/app-macos/build/DerivedData/SourcePackages/checkouts/mac-kit-swift/Sources/MacKitLaunchAtLogin/LaunchAtLoginService.swift /Applications/Xcode.app/Contents/Developer/Toolchains/XcodeDefault.xctoolchain/usr/lib/swift/macosx/prebuilt-modules/26.2/_DarwinFoundation1.swiftmodule/arm64e-apple-macos.swiftmodule /Applications/Xcode.app/Contents/Developer/Toolchains/XcodeDefault.xctoolchain/usr/lib/swift/macosx/prebuilt-modules/26.2/Dispatch.swiftmodule/arm64e-apple-macos.swiftmodule /Applications/Xcode.app/Contents/Developer/Toolchains/XcodeDefault.xctoolchain/usr/lib/swift/macosx/prebuilt-modules/26.2/Foundation.swiftmodule/arm64e-apple-macos.swiftmodule /Applications/Xcode.app/Contents/Developer/Toolchains/XcodeDefault.xctoolchain/usr/lib/swift/macosx/prebuilt-modules/26.2/Swift.swiftmodule/arm64e-apple-macos.swiftmodule /Applications/Xcode.app/Contents/Developer/Toolchains/XcodeDefault.xctoolchain/usr/lib/swift/macosx/prebuilt-modules/26.2/Combine.swiftmodule/arm64e-apple-macos.swiftmodule /Applications/Xcode.app/Contents/Developer/Toolchains/XcodeDefault.xctoolchain/usr/lib/swift/macosx/prebuilt-modules/26.2/CoreFoundation.swiftmodule/arm64e-apple-macos.swiftmodule /Applications/Xcode.app/Contents/Developer/Toolchains/XcodeDefault.xctoolchain/usr/lib/swift/macosx/prebuilt-modules/26.2/_Builtin_float.swiftmodule/arm64e-apple-macos.swiftmodule /Users/geraltgraham/Codes/CPUKiller/app-macos/build/DerivedData/Build/Products/Release/MacKitCore.swiftmodule/arm64-apple-macos.swiftmodule /Applications/Xcode.app/Contents/Developer/Toolchains/XcodeDefault.xctoolchain/usr/lib/swift/macosx/prebuilt-modules/26.2/System.swiftmodule/arm64e-apple-macos.swiftmodule /Applications/Xcode.app/Contents/Developer/Toolchains/XcodeDefault.xctoolchain/usr/lib/swift/macosx/prebuilt-modules/26.2/Darwin.swiftmodule/arm64e-apple-macos.swiftmodule /Applications/Xcode.app/Contents/Developer/Toolchains/XcodeDefault.xctoolchain/usr/lib/swift/macosx/prebuilt-modules/26.2/_DarwinFoundation2.swiftmodule/arm64e-apple-macos.swiftmodule /Applications/Xcode.app/Contents/Developer/Toolchains/XcodeDefault.xctoolchain/usr/lib/swift/macosx/prebuilt-modules/26.2/ObjectiveC.swiftmodule/arm64e-apple-macos.swiftmodule /Applications/Xcode.app/Contents/Developer/Toolchains/XcodeDefault.xctoolchain/usr/lib/swift/macosx/prebuilt-modules/26.2/IOKit.swiftmodule/arm64e-apple-macos.swiftmodule /Applications/Xcode.app/Contents/Developer/Toolchains/XcodeDefault.xctoolchain/usr/lib/swift/macosx/prebuilt-modules/26.2/Observation.swiftmodule/arm64e-apple-macos.swiftmodule /Applications/Xcode.app/Contents/Developer/Toolchains/XcodeDefault.xctoolchain/usr/lib/swift/macosx/prebuilt-modules/26.2/_Concurrency.swiftmodule/arm64e-apple-macos.swiftmodule /Applications/Xcode.app/Contents/Developer/Toolchains/XcodeDefault.xctoolchain/usr/lib/swift/macosx/prebuilt-modules/26.2/_StringProcessing.swiftmodule/arm64e-apple-macos.swiftmodule /Applications/Xcode.app/Contents/Developer/Toolchains/XcodeDefault.xctoolchain/usr/lib/swift/macosx/prebuilt-modules/26.2/XPC.swiftmodule/arm64e-apple-macos.swiftmodule /Applications/Xcode.app/Contents/Developer/Toolchains/XcodeDefault.xctoolchain/usr/lib/swift/macosx/prebuilt-modules/26.2/_DarwinFoundation3.swiftmodule/arm64e-apple-macos.swiftmodule /Users/geraltgraham/Codes/CPUKiller/app-macos/build/DerivedData/ModuleCache.noindex/Security-4W2RUZPM0UMSHBL3IMD78WD5L.pcm /Users/geraltgraham/Codes/CPUKiller/app-macos/build/DerivedData/ModuleCache.noindex/libkern-2BGDMGYSIKVVLHEVZWH780WKP.pcm /Users/geraltgraham/Codes/CPUKiller/app-macos/build/DerivedData/ModuleCache.noindex/sys_types-R1VRKBYKJ71EMKRLNHHS9PN1.pcm /Users/geraltgraham/Codes/CPUKiller/app-macos/build/DerivedData/ModuleCache.noindex/launch-7OFFNIU9TF0W936BQL1ZBLTPB.pcm /Users/geraltgraham/Codes/CPUKiller/app-macos/build/DerivedData/ModuleCache.noindex/ServiceManagement-39IU9O7AV9967DXAF3P4E9VCT.pcm /Users/geraltgraham/Codes/CPUKiller/app-macos/build/DerivedData/ModuleCache.noindex/_AvailabilityInternal-C1SN215U497T520NB3NDFWGIX.pcm /Users/geraltgraham/Codes/CPUKiller/app-macos/build/DerivedData/ModuleCache.noindex/_Builtin_stdarg-CEKV28JNEVJH7B0F4GVIHPSCG.pcm /Users/geraltgraham/Codes/CPUKiller/app-macos/build/DerivedData/ModuleCache.noindex/Foundation-83MXW86TRUHZ8JM11NQ83FIPJ.pcm /Users/geraltgraham/Codes/CPUKiller/app-macos/build/DerivedData/ModuleCache.noindex/_Builtin_stdint-ES7ENVO1KRMAE031B421N4VKD.pcm /Users/geraltgraham/Codes/CPUKiller/app-macos/build/DerivedData/ModuleCache.noindex/_Builtin_limits-3FLGP92K105V5NZU3CAUBCDIP.pcm /Users/geraltgraham/Codes/CPUKiller/app-macos/build/DerivedData/ModuleCache.noindex/os_workgroup-OT8FQX5YG5UA57ND61SFZAI.pcm /Users/geraltgraham/Codes/CPUKiller/app-macos/build/DerivedData/ModuleCache.noindex/DiskArbitration-51WUS5IYOIU2QKX3M34HBAZX6.pcm /Users/geraltgraham/Codes/CPUKiller/app-macos/build/DerivedData/ModuleCache.noindex/_Builtin_float-3UBFMRHQZKYJAYUJEMAE0QESH.pcm /Users/geraltgraham/Codes/CPUKiller/app-macos/build/DerivedData/ModuleCache.noindex/os_object-778IUJ6P88EWXH92OZLEBG58N.pcm /Users/geraltgraham/Codes/CPUKiller/app-macos/build/DerivedData/ModuleCache.noindex/ptrcheck-A433K8CCQMWG8U41FBM6RMKOU.pcm /Users/geraltgraham/Codes/CPUKiller/app-macos/build/DerivedData/ModuleCache.noindex/MachO-1A8WDCH3ZQTZXTFCEZ4AKFD8.pcm /Users/geraltgraham/Codes/CPUKiller/app-macos/build/DerivedData/ModuleCache.noindex/CFNetwork-9VX8ETKZUMNVYAM0MU5NBBK3U.pcm /Users/geraltgraham/Codes/CPUKiller/app-macos/build/DerivedData/ModuleCache.noindex/IOKit-295X47CQRPV9GOIDOU6261HB7.pcm /Users/geraltgraham/Codes/CPUKiller/app-macos/build/DerivedData/ModuleCache.noindex/_DarwinFoundation3-2HZ55IY4BAGADBBEPXSM8EU2I.pcm /Users/geraltgraham/Codes/CPUKiller/app-macos/build/DerivedData/ModuleCache.noindex/Dispatch-DY5H6ZBBNHF5F90W18H34UQ0P.pcm /Users/geraltgraham/Codes/CPUKiller/app-macos/build/DerivedData/ModuleCache.noindex/_Builtin_stddef-DA80TFX1ST6YS430PRF5KGABO.pcm /Users/geraltgraham/Codes/CPUKiller/app-macos/build/DerivedData/ModuleCache.noindex/XPC-2RAWVVM3MG0MI4T1UUN55E5WA.pcm /Users/geraltgraham/Codes/CPUKiller/app-macos/build/DerivedData/ModuleCache.noindex/ObjectiveC-B79HKZ0NN2ATT9HZ2DOXZ6GLA.pcm /Users/geraltgraham/Codes/CPUKiller/app-macos/build/DerivedData/ModuleCache.noindex/CoreServices-CJ4L8RUPIBVJW3S5ICJ0NPJIE.pcm /Users/geraltgraham/Codes/CPUKiller/app-macos/build/DerivedData/ModuleCache.noindex/_SwiftConcurrencyShims-2VMW40U7UNOWDDWUX97WLSQLM.pcm /Users/geraltgraham/Codes/CPUKiller/app-macos/build/DerivedData/ModuleCache.noindex/CoreFoundation-F4SHXSZG07U9EIXBN02LWIYT2.pcm /Users/geraltgraham/Codes/CPUKiller/app-macos/build/DerivedData/ModuleCache.noindex/_DarwinFoundation2-8UFDX3XEY0LQBA65GY9CS5L9B.pcm /Users/geraltgraham/Codes/CPUKiller/app-macos/build/DerivedData/ModuleCache.noindex/Darwin-585NMT2REGNKHDIPSOX8HH0DW.pcm /Users/geraltgraham/Codes/CPUKiller/app-macos/build/DerivedData/ModuleCache.noindex/_Builtin_stdbool-2CXP9FGOFWNUSH8JNWXX6CXE9.pcm /Users/geraltgraham/Codes/CPUKiller/app-macos/build/DerivedData/ModuleCache.noindex/_Builtin_inttypes-1KXANVN8QY2FKXLBILKMS8XKV.pcm /Users/geraltgraham/Codes/CPUKiller/app-macos/build/DerivedData/ModuleCache.noindex/SwiftShims-6QJJCK6N4HGMVIR0W35XGNH99.pcm /Users/geraltgraham/Codes/CPUKiller/app-macos/build/DerivedData/ModuleCache.noindex/_DarwinFoundation1-CAZKEHPNVJ1G1VL16I7KUUIB2.pcm /Users/geraltgraham/Codes/CPUKiller/app-macos/build/DerivedData/ModuleCache.noindex/libDER-92CPAOEYUHPVKBFHXZHR36VIY.pcm /Users/geraltgraham/Codes/CPUKiller/app-macos/build/DerivedData/ModuleCache.noindex/ptrauth-2PV9D3IY0IDFXISAPZZOPG4BK.pcm /Users/geraltgraham/Codes/CPUKiller/app-macos/build/DerivedData/Build/Intermediates.noindex/MacKit.build/Release/MacKitLaunchAtLogin.build/Objects-normal/arm64/MacKitLaunchAtLogin-dependencies-1.json (in target 'MacKitLaunchAtLogin' from project 'MacKit')
SwiftCompile normal arm64 /Users/geraltgraham/Codes/CPUKiller/app-macos/build/DerivedData/SourcePackages/checkouts/mac-kit-swift/Sources/MacKitLaunchAtLogin/LaunchAtLoginService.swift (in target 'MacKitLaunchAtLogin' from project 'MacKit')
    cd /Users/geraltgraham/Codes/CPUKiller/app-macos/MacResourceMonitor.xcodeproj
    

SwiftCompile normal arm64 Compiling\ SparkleUpdateChecker.swift /Users/geraltgraham/Codes/CPUKiller/app-macos/build/DerivedData/SourcePackages/checkouts/mac-kit-swift/Sources/MacKitUpdater/SparkleUpdateChecker.swift /Applications/Xcode.app/Contents/Developer/Toolchains/XcodeDefault.xctoolchain/usr/lib/swift/macosx/prebuilt-modules/26.2/_StringProcessing.swiftmodule/arm64e-apple-macos.swiftmodule /Applications/Xcode.app/Contents/Developer/Toolchains/XcodeDefault.xctoolchain/usr/lib/swift/macosx/prebuilt-modules/26.2/CoreFoundation.swiftmodule/arm64e-apple-macos.swiftmodule /Applications/Xcode.app/Contents/Developer/Toolchains/XcodeDefault.xctoolchain/usr/lib/swift/macosx/prebuilt-modules/26.2/Observation.swiftmodule/arm64e-apple-macos.swiftmodule /Applications/Xcode.app/Contents/Developer/Toolchains/XcodeDefault.xctoolchain/usr/lib/swift/macosx/prebuilt-modules/26.2/System.swiftmodule/arm64e-apple-macos.swiftmodule /Applications/Xcode.app/Contents/Developer/Toolchains/XcodeDefault.xctoolchain/usr/lib/swift/macosx/prebuilt-modules/26.2/Swift.swiftmodule/arm64e-apple-macos.swiftmodule /Applications/Xcode.app/Contents/Developer/Toolchains/XcodeDefault.xctoolchain/usr/lib/swift/macosx/prebuilt-modules/26.2/Dispatch.swiftmodule/arm64e-apple-macos.swiftmodule /Applications/Xcode.app/Contents/Developer/Toolchains/XcodeDefault.xctoolchain/usr/lib/swift/macosx/prebuilt-modules/26.2/IOKit.swiftmodule/arm64e-apple-macos.swiftmodule /Applications/Xcode.app/Contents/Developer/Toolchains/XcodeDefault.xctoolchain/usr/lib/swift/macosx/prebuilt-modules/26.2/Foundation.swiftmodule/arm64e-apple-macos.swiftmodule /Applications/Xcode.app/Contents/Developer/Toolchains/XcodeDefault.xctoolchain/usr/lib/swift/macosx/prebuilt-modules/26.2/Combine.swiftmodule/arm64e-apple-macos.swiftmodule /Applications/Xcode.app/Contents/Developer/Toolchains/XcodeDefault.xctoolchain/usr/lib/swift/macosx/prebuilt-modules/26.2/_DarwinFoundation2.swiftmodule/arm64e-apple-macos.swiftmodule /Applications/Xcode.app/Contents/Developer/Toolchains/XcodeDefault.xctoolchain/usr/lib/swift/macosx/prebuilt-modules/26.2/Darwin.swiftmodule/arm64e-apple-macos.swiftmodule /Applications/Xcode.app/Contents/Developer/Toolchains/XcodeDefault.xctoolchain/usr/lib/swift/macosx/prebuilt-modules/26.2/_DarwinFoundation1.swiftmodule/arm64e-apple-macos.swiftmodule /Applications/Xcode.app/Contents/Developer/Toolchains/XcodeDefault.xctoolchain/usr/lib/swift/macosx/prebuilt-modules/26.2/_Builtin_float.swiftmodule/arm64e-apple-macos.swiftmodule /Applications/Xcode.app/Contents/Developer/Toolchains/XcodeDefault.xctoolchain/usr/lib/swift/macosx/prebuilt-modules/26.2/XPC.swiftmodule/arm64e-apple-macos.swiftmodule /Applications/Xcode.app/Contents/Developer/Toolchains/XcodeDefault.xctoolchain/usr/lib/swift/macosx/prebuilt-modules/26.2/ObjectiveC.swiftmodule/arm64e-apple-macos.swiftmodule /Users/geraltgraham/Codes/CPUKiller/app-macos/build/DerivedData/Build/Products/Release/MacKitCore.swiftmodule/arm64-apple-macos.swiftmodule /Applications/Xcode.app/Contents/Developer/Toolchains/XcodeDefault.xctoolchain/usr/lib/swift/macosx/prebuilt-modules/26.2/_DarwinFoundation3.swiftmodule/arm64e-apple-macos.swiftmodule /Applications/Xcode.app/Contents/Developer/Toolchains/XcodeDefault.xctoolchain/usr/lib/swift/macosx/prebuilt-modules/26.2/_Concurrency.swiftmodule/arm64e-apple-macos.swiftmodule /Users/geraltgraham/Codes/CPUKiller/app-macos/build/DerivedData/ModuleCache.noindex/_Builtin_stdbool-2CXP9FGOFWNUSH8JNWXX6CXE9.pcm /Users/geraltgraham/Codes/CPUKiller/app-macos/build/DerivedData/ModuleCache.noindex/_Builtin_stdarg-CEKV28JNEVJH7B0F4GVIHPSCG.pcm /Users/geraltgraham/Codes/CPUKiller/app-macos/build/DerivedData/Build/Intermediates.noindex/SwiftExplicitPrecompiledModules/Sparkle-4CZG4MGHJXZZOOJ1B3SBCQ1FX.pcm /Users/geraltgraham/Codes/CPUKiller/app-macos/build/DerivedData/ModuleCache.noindex/MachO-1A8WDCH3ZQTZXTFCEZ4AKFD8.pcm /Users/geraltgraham/Codes/CPUKiller/app-macos/build/DerivedData/ModuleCache.noindex/_SwiftConcurrencyShims-2VMW40U7UNOWDDWUX97WLSQLM.pcm /Users/geraltgraham/Codes/CPUKiller/app-macos/build/DerivedData/ModuleCache.noindex/_Builtin_limits-3FLGP92K105V5NZU3CAUBCDIP.pcm /Users/geraltgraham/Codes/CPUKiller/app-macos/build/DerivedData/ModuleCache.noindex/IOKit-295X47CQRPV9GOIDOU6261HB7.pcm /Users/geraltgraham/Codes/CPUKiller/app-macos/build/DerivedData/ModuleCache.noindex/Security-4W2RUZPM0UMSHBL3IMD78WD5L.pcm /Users/geraltgraham/Codes/CPUKiller/app-macos/build/DerivedData/ModuleCache.noindex/ptrauth-2PV9D3IY0IDFXISAPZZOPG4BK.pcm /Users/geraltgraham/Codes/CPUKiller/app-macos/build/DerivedData/ModuleCache.noindex/CFNetwork-9VX8ETKZUMNVYAM0MU5NBBK3U.pcm /Users/geraltgraham/Codes/CPUKiller/app-macos/build/DerivedData/ModuleCache.noindex/_DarwinFoundation1-CAZKEHPNVJ1G1VL16I7KUUIB2.pcm /Users/geraltgraham/Codes/CPUKiller/app-macos/build/DerivedData/ModuleCache.noindex/_DarwinFoundation2-8UFDX3XEY0LQBA65GY9CS5L9B.pcm /Users/geraltgraham/Codes/CPUKiller/app-macos/build/DerivedData/ModuleCache.noindex/libDER-92CPAOEYUHPVKBFHXZHR36VIY.pcm /Users/geraltgraham/Codes/CPUKiller/app-macos/build/DerivedData/ModuleCache.noindex/Dispatch-DY5H6ZBBNHF5F90W18H34UQ0P.pcm /Users/geraltgraham/Codes/CPUKiller/app-macos/build/DerivedData/ModuleCache.noindex/_Builtin_inttypes-1KXANVN8QY2FKXLBILKMS8XKV.pcm /Users/geraltgraham/Codes/CPUKiller/app-macos/build/DerivedData/ModuleCache.noindex/ObjectiveC-B79HKZ0NN2ATT9HZ2DOXZ6GLA.pcm /Users/geraltgraham/Codes/CPUKiller/app-macos/build/DerivedData/ModuleCache.noindex/CoreServices-CJ4L8RUPIBVJW3S5ICJ0NPJIE.pcm /Users/geraltgraham/Codes/CPUKiller/app-macos/build/DerivedData/ModuleCache.noindex/ptrcheck-A433K8CCQMWG8U41FBM6RMKOU.pcm /Users/geraltgraham/Codes/CPUKiller/app-macos/build/DerivedData/ModuleCache.noindex/launch-7OFFNIU9TF0W936BQL1ZBLTPB.pcm /Users/geraltgraham/Codes/CPUKiller/app-macos/build/DerivedData/ModuleCache.noindex/XPC-2RAWVVM3MG0MI4T1UUN55E5WA.pcm /Users/geraltgraham/Codes/CPUKiller/app-macos/build/DerivedData/ModuleCache.noindex/Foundation-83MXW86TRUHZ8JM11NQ83FIPJ.pcm /Users/geraltgraham/Codes/CPUKiller/app-macos/build/DerivedData/ModuleCache.noindex/libkern-2BGDMGYSIKVVLHEVZWH780WKP.pcm /Users/geraltgraham/Codes/CPUKiller/app-macos/build/DerivedData/ModuleCache.noindex/CoreFoundation-F4SHXSZG07U9EIXBN02LWIYT2.pcm /Users/geraltgraham/Codes/CPUKiller/app-macos/build/DerivedData/ModuleCache.noindex/_Builtin_stdint-ES7ENVO1KRMAE031B421N4VKD.pcm /Users/geraltgraham/Codes/CPUKiller/app-macos/build/DerivedData/ModuleCache.noindex/_DarwinFoundation3-2HZ55IY4BAGADBBEPXSM8EU2I.pcm /Users/geraltgraham/Codes/CPUKiller/app-macos/build/DerivedData/ModuleCache.noindex/os_object-778IUJ6P88EWXH92OZLEBG58N.pcm /Users/geraltgraham/Codes/CPUKiller/app-macos/build/DerivedData/ModuleCache.noindex/_Builtin_float-3UBFMRHQZKYJAYUJEMAE0QESH.pcm /Users/geraltgraham/Codes/CPUKiller/app-macos/build/DerivedData/ModuleCache.noindex/DiskArbitration-51WUS5IYOIU2QKX3M34HBAZX6.pcm /Users/geraltgraham/Codes/CPUKiller/app-macos/build/DerivedData/ModuleCache.noindex/Darwin-585NMT2REGNKHDIPSOX8HH0DW.pcm /Users/geraltgraham/Codes/CPUKiller/app-macos/build/DerivedData/ModuleCache.noindex/_Builtin_stddef-DA80TFX1ST6YS430PRF5KGABO.pcm /Users/geraltgraham/Codes/CPUKiller/app-macos/build/DerivedData/ModuleCache.noindex/SwiftShims-6QJJCK6N4HGMVIR0W35XGNH99.pcm /Users/geraltgraham/Codes/CPUKiller/app-macos/build/DerivedData/ModuleCache.noindex/_AvailabilityInternal-C1SN215U497T520NB3NDFWGIX.pcm /Users/geraltgraham/Codes/CPUKiller/app-macos/build/DerivedData/ModuleCache.noindex/sys_types-R1VRKBYKJ71EMKRLNHHS9PN1.pcm /Users/geraltgraham/Codes/CPUKiller/app-macos/build/DerivedData/ModuleCache.noindex/os_workgroup-OT8FQX5YG5UA57ND61SFZAI.pcm /Users/geraltgraham/Codes/CPUKiller/app-macos/build/DerivedData/Build/Intermediates.noindex/MacKit.build/Release/MacKitUpdater.build/Objects-normal/arm64/MacKitUpdater-dependencies-1.json (in target 'MacKitUpdater' from project 'MacKit')
SwiftCompile normal arm64 /Users/geraltgraham/Codes/CPUKiller/app-macos/build/DerivedData/SourcePackages/checkouts/mac-kit-swift/Sources/MacKitUpdater/SparkleUpdateChecker.swift (in target 'MacKitUpdater' from project 'MacKit')
    cd /Users/geraltgraham/Codes/CPUKiller/app-macos/MacResourceMonitor.xcodeproj
    

SwiftExplicitDependencyGeneratePcm x86_64 /Users/geraltgraham/Codes/CPUKiller/app-macos/build/DerivedData/ModuleCache.noindex/CoreImage-87UWY2R7LCI7HGRJPWZB5FT2B.pcm

SwiftExplicitDependencyGeneratePcm x86_64 /Users/geraltgraham/Codes/CPUKiller/app-macos/build/DerivedData/ModuleCache.noindex/QuartzCore-AVPZOALZCHUF18RKZ0ATGJXE2.pcm

SwiftExplicitDependencyGeneratePcm arm64 /Users/geraltgraham/Codes/CPUKiller/app-macos/build/DerivedData/ModuleCache.noindex/CoreVideo-7QDLWWYFUZ7V0445RBZ4BIGQ5.pcm

SwiftDriverJobDiscovery normal arm64 Compiling LaunchAtLoginService.swift (in target 'MacKitLaunchAtLogin' from project 'MacKit')

SwiftDriver\ Compilation\ Requirements MacKitLaunchAtLogin normal arm64 com.apple.xcode.tools.swift.compiler (in target 'MacKitLaunchAtLogin' from project 'MacKit')
    cd /Users/geraltgraham/Codes/CPUKiller/app-macos/MacResourceMonitor.xcodeproj
    builtin-Swift-Compilation-Requirements -- /Applications/Xcode.app/Contents/Developer/Toolchains/XcodeDefault.xctoolchain/usr/bin/swiftc -module-name MacKitLaunchAtLogin -O -whole-module-optimization -enforce-exclusivity\=checked @/Users/geraltgraham/Codes/CPUKiller/app-macos/build/DerivedData/Build/Intermediates.noindex/MacKit.build/Release/MacKitLaunchAtLogin.build/Objects-normal/arm64/MacKitLaunchAtLogin.SwiftFileList -DSWIFT_PACKAGE -DSWIFT_MODULE_RESOURCE_BUNDLE_UNAVAILABLE -DXcode -plugin-path /Applications/Xcode.app/Contents/Developer/Toolchains/XcodeDefault.xctoolchain/usr/lib/swift/host/plugins/testing -enable-experimental-feature DebugDescriptionMacro -sdk /Applications/Xcode.app/Contents/Developer/Platforms/MacOSX.platform/Developer/SDKs/MacOSX26.2.sdk -target arm64-apple-macos14.0 -g -module-cache-path /Users/geraltgraham/Codes/CPUKiller/app-macos/build/DerivedData/ModuleCache.noindex -Xfrontend -serialize-debugging-options -suppress-warnings -swift-version 6 -I /Users/geraltgraham/Codes/CPUKiller/app-macos/build/DerivedData/Build/Products/Release -Isystem /Applications/Xcode.app/Contents/Developer/Platforms/MacOSX.platform/Developer/usr/lib -F /Users/geraltgraham/Codes/CPUKiller/app-macos/build/DerivedData/Build/Products/Release/PackageFrameworks -F /Users/geraltgraham/Codes/CPUKiller/app-macos/build/DerivedData/Build/Products/Release -F /Applications/Xcode.app/Contents/Developer/Platforms/MacOSX.platform/Developer/Library/Frameworks -parse-as-library -c -num-threads 8 -Xcc -ivfsstatcache -Xcc /Users/geraltgraham/Codes/CPUKiller/app-macos/build/DerivedData/SDKStatCaches.noindex/macosx26.2-25C58-e8867d0c40613ffc63e0238af232dc5000fa09913b459cbbc988d1f6730289ae.sdkstatcache -output-file-map /Users/geraltgraham/Codes/CPUKiller/app-macos/build/DerivedData/Build/Intermediates.noindex/MacKit.build/Release/MacKitLaunchAtLogin.build/Objects-normal/arm64/MacKitLaunchAtLogin-OutputFileMap.json -use-frontend-parseable-output -save-temps -no-color-diagnostics -explicit-module-build -module-cache-path /Users/geraltgraham/Codes/CPUKiller/app-macos/build/DerivedData/Build/Intermediates.noindex/SwiftExplicitPrecompiledModules -clang-scanner-module-cache-path /Users/geraltgraham/Codes/CPUKiller/app-macos/build/DerivedData/ModuleCache.noindex -sdk-module-cache-path /Users/geraltgraham/Codes/CPUKiller/app-macos/build/DerivedData/ModuleCache.noindex -serialize-diagnostics -emit-dependencies -emit-module -emit-module-path /Users/geraltgraham/Codes/CPUKiller/app-macos/build/DerivedData/Build/Intermediates.noindex/MacKit.build/Release/MacKitLaunchAtLogin.build/Objects-normal/arm64/MacKitLaunchAtLogin.swiftmodule -user-module-version 0.1.4 -validate-clang-modules-once -clang-build-session-file /Users/geraltgraham/Codes/CPUKiller/app-macos/build/DerivedData/ModuleCache.noindex/Session.modulevalidation -package-name mac_kit_swift -Xcc -I/Users/geraltgraham/Codes/CPUKiller/app-macos/build/DerivedData/Build/Intermediates.noindex/MacKit.build/Release/MacKitLaunchAtLogin.build/swift-overrides.hmap -emit-const-values -Xfrontend -const-gather-protocols-file -Xfrontend /Users/geraltgraham/Codes/CPUKiller/app-macos/build/DerivedData/Build/Intermediates.noindex/MacKit.build/Release/MacKitLaunchAtLogin.build/Objects-normal/arm64/MacKitLaunchAtLogin_const_extract_protocols.json -Xcc -I/Users/geraltgraham/Codes/CPUKiller/app-macos/build/DerivedData/Build/Products/Release/include -Xcc -I/Users/geraltgraham/Codes/CPUKiller/app-macos/build/DerivedData/Build/Intermediates.noindex/MacKit.build/Release/MacKitLaunchAtLogin.build/DerivedSources-normal/arm64 -Xcc -I/Users/geraltgraham/Codes/CPUKiller/app-macos/build/DerivedData/Build/Intermediates.noindex/MacKit.build/Release/MacKitLaunchAtLogin.build/DerivedSources/arm64 -Xcc -I/Users/geraltgraham/Codes/CPUKiller/app-macos/build/DerivedData/Build/Intermediates.noindex/MacKit.build/Release/MacKitLaunchAtLogin.build/DerivedSources -Xcc -DSWIFT_PACKAGE -emit-objc-header -emit-objc-header-path /Users/geraltgraham/Codes/CPUKiller/app-macos/build/DerivedData/Build/Intermediates.noindex/MacKit.build/Release/MacKitLaunchAtLogin.build/Objects-normal/arm64/MacKitLaunchAtLogin-Swift.h -working-directory /Users/geraltgraham/Codes/CPUKiller/app-macos/MacResourceMonitor.xcodeproj -no-emit-module-separately-wmo

SwiftMergeGeneratedHeaders /Users/geraltgraham/Codes/CPUKiller/app-macos/build/DerivedData/Build/Intermediates.noindex/GeneratedModuleMaps/MacKitLaunchAtLogin-Swift.h /Users/geraltgraham/Codes/CPUKiller/app-macos/build/DerivedData/Build/Intermediates.noindex/MacKit.build/Release/MacKitLaunchAtLogin.build/Objects-normal/arm64/MacKitLaunchAtLogin-Swift.h /Users/geraltgraham/Codes/CPUKiller/app-macos/build/DerivedData/Build/Intermediates.noindex/MacKit.build/Release/MacKitLaunchAtLogin.build/Objects-normal/x86_64/MacKitLaunchAtLogin-Swift.h (in target 'MacKitLaunchAtLogin' from project 'MacKit')
    cd /Users/geraltgraham/Codes/CPUKiller/app-macos/build/DerivedData/SourcePackages/checkouts/mac-kit-swift
    builtin-swiftHeaderTool -arch arm64 /Users/geraltgraham/Codes/CPUKiller/app-macos/build/DerivedData/Build/Intermediates.noindex/MacKit.build/Release/MacKitLaunchAtLogin.build/Objects-normal/arm64/MacKitLaunchAtLogin-Swift.h -arch x86_64 /Users/geraltgraham/Codes/CPUKiller/app-macos/build/DerivedData/Build/Intermediates.noindex/MacKit.build/Release/MacKitLaunchAtLogin.build/Objects-normal/x86_64/MacKitLaunchAtLogin-Swift.h -o /Users/geraltgraham/Codes/CPUKiller/app-macos/build/DerivedData/Build/Intermediates.noindex/GeneratedModuleMaps/MacKitLaunchAtLogin-Swift.h

Copy /Users/geraltgraham/Codes/CPUKiller/app-macos/build/DerivedData/Build/Products/Release/MacKitLaunchAtLogin.swiftmodule/arm64-apple-macos.swiftmodule /Users/geraltgraham/Codes/CPUKiller/app-macos/build/DerivedData/Build/Intermediates.noindex/MacKit.build/Release/MacKitLaunchAtLogin.build/Objects-normal/arm64/MacKitLaunchAtLogin.swiftmodule (in target 'MacKitLaunchAtLogin' from project 'MacKit')
    cd /Users/geraltgraham/Codes/CPUKiller/app-macos/build/DerivedData/SourcePackages/checkouts/mac-kit-swift
    builtin-copy -exclude .DS_Store -exclude CVS -exclude .svn -exclude .git -exclude .hg -strip-unsigned-binaries -strip-deterministic -strip-tool /Applications/Xcode.app/Contents/Developer/Toolchains/XcodeDefault.xctoolchain/usr/bin/strip -resolve-src-symlinks -rename /Users/geraltgraham/Codes/CPUKiller/app-macos/build/DerivedData/Build/Intermediates.noindex/MacKit.build/Release/MacKitLaunchAtLogin.build/Objects-normal/arm64/MacKitLaunchAtLogin.swiftmodule /Users/geraltgraham/Codes/CPUKiller/app-macos/build/DerivedData/Build/Products/Release/MacKitLaunchAtLogin.swiftmodule/arm64-apple-macos.swiftmodule

Copy /Users/geraltgraham/Codes/CPUKiller/app-macos/build/DerivedData/Build/Products/Release/MacKitLaunchAtLogin.swiftmodule/arm64-apple-macos.abi.json /Users/geraltgraham/Codes/CPUKiller/app-macos/build/DerivedData/Build/Intermediates.noindex/MacKit.build/Release/MacKitLaunchAtLogin.build/Objects-normal/arm64/MacKitLaunchAtLogin.abi.json (in target 'MacKitLaunchAtLogin' from project 'MacKit')
    cd /Users/geraltgraham/Codes/CPUKiller/app-macos/build/DerivedData/SourcePackages/checkouts/mac-kit-swift
    builtin-copy -exclude .DS_Store -exclude CVS -exclude .svn -exclude .git -exclude .hg -strip-unsigned-binaries -strip-deterministic -strip-tool /Applications/Xcode.app/Contents/Developer/Toolchains/XcodeDefault.xctoolchain/usr/bin/strip -resolve-src-symlinks -rename /Users/geraltgraham/Codes/CPUKiller/app-macos/build/DerivedData/Build/Intermediates.noindex/MacKit.build/Release/MacKitLaunchAtLogin.build/Objects-normal/arm64/MacKitLaunchAtLogin.abi.json /Users/geraltgraham/Codes/CPUKiller/app-macos/build/DerivedData/Build/Products/Release/MacKitLaunchAtLogin.swiftmodule/arm64-apple-macos.abi.json

Copy /Users/geraltgraham/Codes/CPUKiller/app-macos/build/DerivedData/Build/Products/Release/MacKitLaunchAtLogin.swiftmodule/arm64-apple-macos.swiftdoc /Users/geraltgraham/Codes/CPUKiller/app-macos/build/DerivedData/Build/Intermediates.noindex/MacKit.build/Release/MacKitLaunchAtLogin.build/Objects-normal/arm64/MacKitLaunchAtLogin.swiftdoc (in target 'MacKitLaunchAtLogin' from project 'MacKit')
    cd /Users/geraltgraham/Codes/CPUKiller/app-macos/build/DerivedData/SourcePackages/checkouts/mac-kit-swift
    builtin-copy -exclude .DS_Store -exclude CVS -exclude .svn -exclude .git -exclude .hg -strip-unsigned-binaries -strip-deterministic -strip-tool /Applications/Xcode.app/Contents/Developer/Toolchains/XcodeDefault.xctoolchain/usr/bin/strip -resolve-src-symlinks -rename /Users/geraltgraham/Codes/CPUKiller/app-macos/build/DerivedData/Build/Intermediates.noindex/MacKit.build/Release/MacKitLaunchAtLogin.build/Objects-normal/arm64/MacKitLaunchAtLogin.swiftdoc /Users/geraltgraham/Codes/CPUKiller/app-macos/build/DerivedData/Build/Products/Release/MacKitLaunchAtLogin.swiftmodule/arm64-apple-macos.swiftdoc

Copy /Users/geraltgraham/Codes/CPUKiller/app-macos/build/DerivedData/Build/Products/Release/MacKitLaunchAtLogin.swiftmodule/Project/arm64-apple-macos.swiftsourceinfo /Users/geraltgraham/Codes/CPUKiller/app-macos/build/DerivedData/Build/Intermediates.noindex/MacKit.build/Release/MacKitLaunchAtLogin.build/Objects-normal/arm64/MacKitLaunchAtLogin.swiftsourceinfo (in target 'MacKitLaunchAtLogin' from project 'MacKit')
    cd /Users/geraltgraham/Codes/CPUKiller/app-macos/build/DerivedData/SourcePackages/checkouts/mac-kit-swift
    builtin-copy -exclude .DS_Store -exclude CVS -exclude .svn -exclude .git -exclude .hg -strip-unsigned-binaries -strip-deterministic -strip-tool /Applications/Xcode.app/Contents/Developer/Toolchains/XcodeDefault.xctoolchain/usr/bin/strip -resolve-src-symlinks -rename /Users/geraltgraham/Codes/CPUKiller/app-macos/build/DerivedData/Build/Intermediates.noindex/MacKit.build/Release/MacKitLaunchAtLogin.build/Objects-normal/arm64/MacKitLaunchAtLogin.swiftsourceinfo /Users/geraltgraham/Codes/CPUKiller/app-macos/build/DerivedData/Build/Products/Release/MacKitLaunchAtLogin.swiftmodule/Project/arm64-apple-macos.swiftsourceinfo

Ld /Users/geraltgraham/Codes/CPUKiller/app-macos/build/DerivedData/Build/Intermediates.noindex/MacKit.build/Release/MacKitLaunchAtLogin.build/Objects-normal/x86_64/Binary/MacKitLaunchAtLogin.o normal x86_64 (in target 'MacKitLaunchAtLogin' from project 'MacKit')
    cd /Users/geraltgraham/Codes/CPUKiller/app-macos/build/DerivedData/SourcePackages/checkouts/mac-kit-swift
    /Applications/Xcode.app/Contents/Developer/Toolchains/XcodeDefault.xctoolchain/usr/bin/clang -Xlinker -reproducible -target x86_64-apple-macos14.0 -r -isysroot /Applications/Xcode.app/Contents/Developer/Platforms/MacOSX.platform/Developer/SDKs/MacOSX26.2.sdk -Os -w -L/Users/geraltgraham/Codes/CPUKiller/app-macos/build/DerivedData/Build/Intermediates.noindex/EagerLinkingTBDs/Release -L/Users/geraltgraham/Codes/CPUKiller/app-macos/build/DerivedData/Build/Products/Release -L/Applications/Xcode.app/Contents/Developer/Platforms/MacOSX.platform/Developer/usr/lib -F/Users/geraltgraham/Codes/CPUKiller/app-macos/build/DerivedData/Build/Intermediates.noindex/EagerLinkingTBDs/Release -F/Users/geraltgraham/Codes/CPUKiller/app-macos/build/DerivedData/Build/Products/Release/PackageFrameworks -F/Users/geraltgraham/Codes/CPUKiller/app-macos/build/DerivedData/Build/Products/Release -iframework /Applications/Xcode.app/Contents/Developer/Platforms/MacOSX.platform/Developer/Library/Frameworks -filelist /Users/geraltgraham/Codes/CPUKiller/app-macos/build/DerivedData/Build/Intermediates.noindex/MacKit.build/Release/MacKitLaunchAtLogin.build/Objects-normal/x86_64/MacKitLaunchAtLogin.LinkFileList -nostdlib -Xlinker -object_path_lto -Xlinker /Users/geraltgraham/Codes/CPUKiller/app-macos/build/DerivedData/Build/Intermediates.noindex/MacKit.build/Release/MacKitLaunchAtLogin.build/Objects-normal/x86_64/MacKitLaunchAtLogin_lto.o -Xlinker -dependency_info -Xlinker /Users/geraltgraham/Codes/CPUKiller/app-macos/build/DerivedData/Build/Intermediates.noindex/MacKit.build/Release/MacKitLaunchAtLogin.build/Objects-normal/x86_64/MacKitLaunchAtLogin_dependency_info.dat -fobjc-link-runtime -L/Applications/Xcode.app/Contents/Developer/Toolchains/XcodeDefault.xctoolchain/usr/lib/swift/macosx -L/usr/lib/swift -Xlinker -add_ast_path -Xlinker /Users/geraltgraham/Codes/CPUKiller/app-macos/build/DerivedData/Build/Intermediates.noindex/MacKit.build/Release/MacKitLaunchAtLogin.build/Objects-normal/x86_64/MacKitLaunchAtLogin.swiftmodule @/Users/geraltgraham/Codes/CPUKiller/app-macos/build/DerivedData/Build/Intermediates.noindex/MacKit.build/Release/MacKitLaunchAtLogin.build/Objects-normal/x86_64/MacKitLaunchAtLogin-linker-args.resp -o /Users/geraltgraham/Codes/CPUKiller/app-macos/build/DerivedData/Build/Intermediates.noindex/MacKit.build/Release/MacKitLaunchAtLogin.build/Objects-normal/x86_64/Binary/MacKitLaunchAtLogin.o

Ld /Users/geraltgraham/Codes/CPUKiller/app-macos/build/DerivedData/Build/Intermediates.noindex/MacKit.build/Release/MacKitLaunchAtLogin.build/Objects-normal/arm64/Binary/MacKitLaunchAtLogin.o normal arm64 (in target 'MacKitLaunchAtLogin' from project 'MacKit')
    cd /Users/geraltgraham/Codes/CPUKiller/app-macos/build/DerivedData/SourcePackages/checkouts/mac-kit-swift
    /Applications/Xcode.app/Contents/Developer/Toolchains/XcodeDefault.xctoolchain/usr/bin/clang -Xlinker -reproducible -target arm64-apple-macos14.0 -r -isysroot /Applications/Xcode.app/Contents/Developer/Platforms/MacOSX.platform/Developer/SDKs/MacOSX26.2.sdk -Os -w -L/Users/geraltgraham/Codes/CPUKiller/app-macos/build/DerivedData/Build/Intermediates.noindex/EagerLinkingTBDs/Release -L/Users/geraltgraham/Codes/CPUKiller/app-macos/build/DerivedData/Build/Products/Release -L/Applications/Xcode.app/Contents/Developer/Platforms/MacOSX.platform/Developer/usr/lib -F/Users/geraltgraham/Codes/CPUKiller/app-macos/build/DerivedData/Build/Intermediates.noindex/EagerLinkingTBDs/Release -F/Users/geraltgraham/Codes/CPUKiller/app-macos/build/DerivedData/Build/Products/Release/PackageFrameworks -F/Users/geraltgraham/Codes/CPUKiller/app-macos/build/DerivedData/Build/Products/Release -iframework /Applications/Xcode.app/Contents/Developer/Platforms/MacOSX.platform/Developer/Library/Frameworks -filelist /Users/geraltgraham/Codes/CPUKiller/app-macos/build/DerivedData/Build/Intermediates.noindex/MacKit.build/Release/MacKitLaunchAtLogin.build/Objects-normal/arm64/MacKitLaunchAtLogin.LinkFileList -nostdlib -Xlinker -object_path_lto -Xlinker /Users/geraltgraham/Codes/CPUKiller/app-macos/build/DerivedData/Build/Intermediates.noindex/MacKit.build/Release/MacKitLaunchAtLogin.build/Objects-normal/arm64/MacKitLaunchAtLogin_lto.o -Xlinker -dependency_info -Xlinker /Users/geraltgraham/Codes/CPUKiller/app-macos/build/DerivedData/Build/Intermediates.noindex/MacKit.build/Release/MacKitLaunchAtLogin.build/Objects-normal/arm64/MacKitLaunchAtLogin_dependency_info.dat -fobjc-link-runtime -L/Applications/Xcode.app/Contents/Developer/Toolchains/XcodeDefault.xctoolchain/usr/lib/swift/macosx -L/usr/lib/swift -Xlinker -add_ast_path -Xlinker /Users/geraltgraham/Codes/CPUKiller/app-macos/build/DerivedData/Build/Intermediates.noindex/MacKit.build/Release/MacKitLaunchAtLogin.build/Objects-normal/arm64/MacKitLaunchAtLogin.swiftmodule @/Users/geraltgraham/Codes/CPUKiller/app-macos/build/DerivedData/Build/Intermediates.noindex/MacKit.build/Release/MacKitLaunchAtLogin.build/Objects-normal/arm64/MacKitLaunchAtLogin-linker-args.resp -o /Users/geraltgraham/Codes/CPUKiller/app-macos/build/DerivedData/Build/Intermediates.noindex/MacKit.build/Release/MacKitLaunchAtLogin.build/Objects-normal/arm64/Binary/MacKitLaunchAtLogin.o

CreateUniversalBinary /Users/geraltgraham/Codes/CPUKiller/app-macos/build/DerivedData/Build/Products/Release/MacKitLaunchAtLogin.o normal arm64\ x86_64 (in target 'MacKitLaunchAtLogin' from project 'MacKit')
    cd /Users/geraltgraham/Codes/CPUKiller/app-macos/build/DerivedData/SourcePackages/checkouts/mac-kit-swift
    /Applications/Xcode.app/Contents/Developer/Toolchains/XcodeDefault.xctoolchain/usr/bin/lipo -create /Users/geraltgraham/Codes/CPUKiller/app-macos/build/DerivedData/Build/Intermediates.noindex/MacKit.build/Release/MacKitLaunchAtLogin.build/Objects-normal/arm64/Binary/MacKitLaunchAtLogin.o /Users/geraltgraham/Codes/CPUKiller/app-macos/build/DerivedData/Build/Intermediates.noindex/MacKit.build/Release/MacKitLaunchAtLogin.build/Objects-normal/x86_64/Binary/MacKitLaunchAtLogin.o -output /Users/geraltgraham/Codes/CPUKiller/app-macos/build/DerivedData/Build/Products/Release/MacKitLaunchAtLogin.o

SwiftDriverJobDiscovery normal arm64 Compiling SparkleUpdateChecker.swift (in target 'MacKitUpdater' from project 'MacKit')

SwiftDriver\ Compilation\ Requirements MacKitUpdater normal arm64 com.apple.xcode.tools.swift.compiler (in target 'MacKitUpdater' from project 'MacKit')
    cd /Users/geraltgraham/Codes/CPUKiller/app-macos/MacResourceMonitor.xcodeproj
    builtin-Swift-Compilation-Requirements -- /Applications/Xcode.app/Contents/Developer/Toolchains/XcodeDefault.xctoolchain/usr/bin/swiftc -module-name MacKitUpdater -O -whole-module-optimization -enforce-exclusivity\=checked @/Users/geraltgraham/Codes/CPUKiller/app-macos/build/DerivedData/Build/Intermediates.noindex/MacKit.build/Release/MacKitUpdater.build/Objects-normal/arm64/MacKitUpdater.SwiftFileList -DSWIFT_PACKAGE -DSWIFT_MODULE_RESOURCE_BUNDLE_UNAVAILABLE -DXcode -plugin-path /Applications/Xcode.app/Contents/Developer/Toolchains/XcodeDefault.xctoolchain/usr/lib/swift/host/plugins/testing -enable-experimental-feature DebugDescriptionMacro -sdk /Applications/Xcode.app/Contents/Developer/Platforms/MacOSX.platform/Developer/SDKs/MacOSX26.2.sdk -target arm64-apple-macos14.0 -g -module-cache-path /Users/geraltgraham/Codes/CPUKiller/app-macos/build/DerivedData/ModuleCache.noindex -Xfrontend -serialize-debugging-options -suppress-warnings -swift-version 6 -I /Users/geraltgraham/Codes/CPUKiller/app-macos/build/DerivedData/Build/Products/Release -Isystem /Applications/Xcode.app/Contents/Developer/Platforms/MacOSX.platform/Developer/usr/lib -F /Users/geraltgraham/Codes/CPUKiller/app-macos/build/DerivedData/Build/Products/Release/PackageFrameworks -F /Users/geraltgraham/Codes/CPUKiller/app-macos/build/DerivedData/Build/Products/Release -F /Applications/Xcode.app/Contents/Developer/Platforms/MacOSX.platform/Developer/Library/Frameworks -parse-as-library -c -num-threads 8 -Xcc -ivfsstatcache -Xcc /Users/geraltgraham/Codes/CPUKiller/app-macos/build/DerivedData/SDKStatCaches.noindex/macosx26.2-25C58-e8867d0c40613ffc63e0238af232dc5000fa09913b459cbbc988d1f6730289ae.sdkstatcache -output-file-map /Users/geraltgraham/Codes/CPUKiller/app-macos/build/DerivedData/Build/Intermediates.noindex/MacKit.build/Release/MacKitUpdater.build/Objects-normal/arm64/MacKitUpdater-OutputFileMap.json -use-frontend-parseable-output -save-temps -no-color-diagnostics -explicit-module-build -module-cache-path /Users/geraltgraham/Codes/CPUKiller/app-macos/build/DerivedData/Build/Intermediates.noindex/SwiftExplicitPrecompiledModules -clang-scanner-module-cache-path /Users/geraltgraham/Codes/CPUKiller/app-macos/build/DerivedData/ModuleCache.noindex -sdk-module-cache-path /Users/geraltgraham/Codes/CPUKiller/app-macos/build/DerivedData/ModuleCache.noindex -serialize-diagnostics -emit-dependencies -emit-module -emit-module-path /Users/geraltgraham/Codes/CPUKiller/app-macos/build/DerivedData/Build/Intermediates.noindex/MacKit.build/Release/MacKitUpdater.build/Objects-normal/arm64/MacKitUpdater.swiftmodule -user-module-version 0.1.4 -validate-clang-modules-once -clang-build-session-file /Users/geraltgraham/Codes/CPUKiller/app-macos/build/DerivedData/ModuleCache.noindex/Session.modulevalidation -package-name mac_kit_swift -Xcc -I/Users/geraltgraham/Codes/CPUKiller/app-macos/build/DerivedData/Build/Intermediates.noindex/MacKit.build/Release/MacKitUpdater.build/swift-overrides.hmap -emit-const-values -Xfrontend -const-gather-protocols-file -Xfrontend /Users/geraltgraham/Codes/CPUKiller/app-macos/build/DerivedData/Build/Intermediates.noindex/MacKit.build/Release/MacKitUpdater.build/Objects-normal/arm64/MacKitUpdater_const_extract_protocols.json -Xcc -I/Users/geraltgraham/Codes/CPUKiller/app-macos/build/DerivedData/Build/Products/Release/include -Xcc -I/Users/geraltgraham/Codes/CPUKiller/app-macos/build/DerivedData/Build/Intermediates.noindex/MacKit.build/Release/MacKitUpdater.build/DerivedSources-normal/arm64 -Xcc -I/Users/geraltgraham/Codes/CPUKiller/app-macos/build/DerivedData/Build/Intermediates.noindex/MacKit.build/Release/MacKitUpdater.build/DerivedSources/arm64 -Xcc -I/Users/geraltgraham/Codes/CPUKiller/app-macos/build/DerivedData/Build/Intermediates.noindex/MacKit.build/Release/MacKitUpdater.build/DerivedSources -Xcc -DSWIFT_PACKAGE -emit-objc-header -emit-objc-header-path /Users/geraltgraham/Codes/CPUKiller/app-macos/build/DerivedData/Build/Intermediates.noindex/MacKit.build/Release/MacKitUpdater.build/Objects-normal/arm64/MacKitUpdater-Swift.h -working-directory /Users/geraltgraham/Codes/CPUKiller/app-macos/MacResourceMonitor.xcodeproj -no-emit-module-separately-wmo

SwiftMergeGeneratedHeaders /Users/geraltgraham/Codes/CPUKiller/app-macos/build/DerivedData/Build/Intermediates.noindex/GeneratedModuleMaps/MacKitUpdater-Swift.h /Users/geraltgraham/Codes/CPUKiller/app-macos/build/DerivedData/Build/Intermediates.noindex/MacKit.build/Release/MacKitUpdater.build/Objects-normal/arm64/MacKitUpdater-Swift.h /Users/geraltgraham/Codes/CPUKiller/app-macos/build/DerivedData/Build/Intermediates.noindex/MacKit.build/Release/MacKitUpdater.build/Objects-normal/x86_64/MacKitUpdater-Swift.h (in target 'MacKitUpdater' from project 'MacKit')
    cd /Users/geraltgraham/Codes/CPUKiller/app-macos/build/DerivedData/SourcePackages/checkouts/mac-kit-swift
    builtin-swiftHeaderTool -arch arm64 /Users/geraltgraham/Codes/CPUKiller/app-macos/build/DerivedData/Build/Intermediates.noindex/MacKit.build/Release/MacKitUpdater.build/Objects-normal/arm64/MacKitUpdater-Swift.h -arch x86_64 /Users/geraltgraham/Codes/CPUKiller/app-macos/build/DerivedData/Build/Intermediates.noindex/MacKit.build/Release/MacKitUpdater.build/Objects-normal/x86_64/MacKitUpdater-Swift.h -o /Users/geraltgraham/Codes/CPUKiller/app-macos/build/DerivedData/Build/Intermediates.noindex/GeneratedModuleMaps/MacKitUpdater-Swift.h

Copy /Users/geraltgraham/Codes/CPUKiller/app-macos/build/DerivedData/Build/Products/Release/MacKitUpdater.swiftmodule/arm64-apple-macos.swiftmodule /Users/geraltgraham/Codes/CPUKiller/app-macos/build/DerivedData/Build/Intermediates.noindex/MacKit.build/Release/MacKitUpdater.build/Objects-normal/arm64/MacKitUpdater.swiftmodule (in target 'MacKitUpdater' from project 'MacKit')
    cd /Users/geraltgraham/Codes/CPUKiller/app-macos/build/DerivedData/SourcePackages/checkouts/mac-kit-swift
    builtin-copy -exclude .DS_Store -exclude CVS -exclude .svn -exclude .git -exclude .hg -strip-unsigned-binaries -strip-deterministic -strip-tool /Applications/Xcode.app/Contents/Developer/Toolchains/XcodeDefault.xctoolchain/usr/bin/strip -resolve-src-symlinks -rename /Users/geraltgraham/Codes/CPUKiller/app-macos/build/DerivedData/Build/Intermediates.noindex/MacKit.build/Release/MacKitUpdater.build/Objects-normal/arm64/MacKitUpdater.swiftmodule /Users/geraltgraham/Codes/CPUKiller/app-macos/build/DerivedData/Build/Products/Release/MacKitUpdater.swiftmodule/arm64-apple-macos.swiftmodule

Copy /Users/geraltgraham/Codes/CPUKiller/app-macos/build/DerivedData/Build/Products/Release/MacKitUpdater.swiftmodule/arm64-apple-macos.abi.json /Users/geraltgraham/Codes/CPUKiller/app-macos/build/DerivedData/Build/Intermediates.noindex/MacKit.build/Release/MacKitUpdater.build/Objects-normal/arm64/MacKitUpdater.abi.json (in target 'MacKitUpdater' from project 'MacKit')
    cd /Users/geraltgraham/Codes/CPUKiller/app-macos/build/DerivedData/SourcePackages/checkouts/mac-kit-swift
    builtin-copy -exclude .DS_Store -exclude CVS -exclude .svn -exclude .git -exclude .hg -strip-unsigned-binaries -strip-deterministic -strip-tool /Applications/Xcode.app/Contents/Developer/Toolchains/XcodeDefault.xctoolchain/usr/bin/strip -resolve-src-symlinks -rename /Users/geraltgraham/Codes/CPUKiller/app-macos/build/DerivedData/Build/Intermediates.noindex/MacKit.build/Release/MacKitUpdater.build/Objects-normal/arm64/MacKitUpdater.abi.json /Users/geraltgraham/Codes/CPUKiller/app-macos/build/DerivedData/Build/Products/Release/MacKitUpdater.swiftmodule/arm64-apple-macos.abi.json

Copy /Users/geraltgraham/Codes/CPUKiller/app-macos/build/DerivedData/Build/Products/Release/MacKitUpdater.swiftmodule/arm64-apple-macos.swiftdoc /Users/geraltgraham/Codes/CPUKiller/app-macos/build/DerivedData/Build/Intermediates.noindex/MacKit.build/Release/MacKitUpdater.build/Objects-normal/arm64/MacKitUpdater.swiftdoc (in target 'MacKitUpdater' from project 'MacKit')
    cd /Users/geraltgraham/Codes/CPUKiller/app-macos/build/DerivedData/SourcePackages/checkouts/mac-kit-swift
    builtin-copy -exclude .DS_Store -exclude CVS -exclude .svn -exclude .git -exclude .hg -strip-unsigned-binaries -strip-deterministic -strip-tool /Applications/Xcode.app/Contents/Developer/Toolchains/XcodeDefault.xctoolchain/usr/bin/strip -resolve-src-symlinks -rename /Users/geraltgraham/Codes/CPUKiller/app-macos/build/DerivedData/Build/Intermediates.noindex/MacKit.build/Release/MacKitUpdater.build/Objects-normal/arm64/MacKitUpdater.swiftdoc /Users/geraltgraham/Codes/CPUKiller/app-macos/build/DerivedData/Build/Products/Release/MacKitUpdater.swiftmodule/arm64-apple-macos.swiftdoc

Copy /Users/geraltgraham/Codes/CPUKiller/app-macos/build/DerivedData/Build/Products/Release/MacKitUpdater.swiftmodule/Project/arm64-apple-macos.swiftsourceinfo /Users/geraltgraham/Codes/CPUKiller/app-macos/build/DerivedData/Build/Intermediates.noindex/MacKit.build/Release/MacKitUpdater.build/Objects-normal/arm64/MacKitUpdater.swiftsourceinfo (in target 'MacKitUpdater' from project 'MacKit')
    cd /Users/geraltgraham/Codes/CPUKiller/app-macos/build/DerivedData/SourcePackages/checkouts/mac-kit-swift
    builtin-copy -exclude .DS_Store -exclude CVS -exclude .svn -exclude .git -exclude .hg -strip-unsigned-binaries -strip-deterministic -strip-tool /Applications/Xcode.app/Contents/Developer/Toolchains/XcodeDefault.xctoolchain/usr/bin/strip -resolve-src-symlinks -rename /Users/geraltgraham/Codes/CPUKiller/app-macos/build/DerivedData/Build/Intermediates.noindex/MacKit.build/Release/MacKitUpdater.build/Objects-normal/arm64/MacKitUpdater.swiftsourceinfo /Users/geraltgraham/Codes/CPUKiller/app-macos/build/DerivedData/Build/Products/Release/MacKitUpdater.swiftmodule/Project/arm64-apple-macos.swiftsourceinfo

SwiftExplicitDependencyGeneratePcm x86_64 /Users/geraltgraham/Codes/CPUKiller/app-macos/build/DerivedData/ModuleCache.noindex/SwiftUICore-PNVQ464BWNNKXR9UEN1X4U7B.pcm

ExtractAppIntentsMetadata (in target 'MacKitLaunchAtLogin' from project 'MacKit')
    cd /Users/geraltgraham/Codes/CPUKiller/app-macos/build/DerivedData/SourcePackages/checkouts/mac-kit-swift
    /Applications/Xcode.app/Contents/Developer/Toolchains/XcodeDefault.xctoolchain/usr/bin/appintentsmetadataprocessor --toolchain-dir /var/run/com.apple.security.cryptexd/mnt/com.apple.MobileAsset.MetalToolchain-v17.3.519.0.Mve7GT/Metal.xctoolchain --module-name MacKitLaunchAtLogin --sdk-root /Applications/Xcode.app/Contents/Developer/Platforms/MacOSX.platform/Developer/SDKs/MacOSX26.2.sdk --xcode-version 17C519 --platform-family macOS --deployment-target 14.0 --bundle-identifier mac-kit-swift.MacKitLaunchAtLogin --output /Users/geraltgraham/Codes/CPUKiller/app-macos/build/DerivedData/Build/Products/Release/MacKitLaunchAtLogin.appintents --target-triple arm64-apple-macos14.0 --target-triple x86_64-apple-macos14.0 --binary-file /Users/geraltgraham/Codes/CPUKiller/app-macos/build/DerivedData/Build/Products/Release/MacKitLaunchAtLogin.o --dependency-file /Users/geraltgraham/Codes/CPUKiller/app-macos/build/DerivedData/Build/Intermediates.noindex/MacKit.build/Release/MacKitLaunchAtLogin.build/Objects-normal/arm64/MacKitLaunchAtLogin_dependency_info.dat --dependency-file /Users/geraltgraham/Codes/CPUKiller/app-macos/build/DerivedData/Build/Intermediates.noindex/MacKit.build/Release/MacKitLaunchAtLogin.build/Objects-normal/x86_64/MacKitLaunchAtLogin_dependency_info.dat --stringsdata-file /Users/geraltgraham/Codes/CPUKiller/app-macos/build/DerivedData/Build/Intermediates.noindex/MacKit.build/Release/MacKitLaunchAtLogin.build/Objects-normal/arm64/ExtractedAppShortcutsMetadata.stringsdata --stringsdata-file /Users/geraltgraham/Codes/CPUKiller/app-macos/build/DerivedData/Build/Intermediates.noindex/MacKit.build/Release/MacKitLaunchAtLogin.build/Objects-normal/x86_64/ExtractedAppShortcutsMetadata.stringsdata --source-file-list /Users/geraltgraham/Codes/CPUKiller/app-macos/build/DerivedData/Build/Intermediates.noindex/MacKit.build/Release/MacKitLaunchAtLogin.build/Objects-normal/arm64/MacKitLaunchAtLogin.SwiftFileList --source-file-list /Users/geraltgraham/Codes/CPUKiller/app-macos/build/DerivedData/Build/Intermediates.noindex/MacKit.build/Release/MacKitLaunchAtLogin.build/Objects-normal/x86_64/MacKitLaunchAtLogin.SwiftFileList --metadata-file-list /Users/geraltgraham/Codes/CPUKiller/app-macos/build/DerivedData/Build/Intermediates.noindex/MacKit.build/Release/MacKitLaunchAtLogin.build/MacKitLaunchAtLogin.DependencyMetadataFileList --static-metadata-file-list /Users/geraltgraham/Codes/CPUKiller/app-macos/build/DerivedData/Build/Intermediates.noindex/MacKit.build/Release/MacKitLaunchAtLogin.build/MacKitLaunchAtLogin.DependencyStaticMetadataFileList --swift-const-vals-list /Users/geraltgraham/Codes/CPUKiller/app-macos/build/DerivedData/Build/Intermediates.noindex/MacKit.build/Release/MacKitLaunchAtLogin.build/Objects-normal/arm64/MacKitLaunchAtLogin.SwiftConstValuesFileList --swift-const-vals-list /Users/geraltgraham/Codes/CPUKiller/app-macos/build/DerivedData/Build/Intermediates.noindex/MacKit.build/Release/MacKitLaunchAtLogin.build/Objects-normal/x86_64/MacKitLaunchAtLogin.SwiftConstValuesFileList --force --compile-time-extraction --deployment-aware-processing --validate-assistant-intents --no-app-shortcuts-localization
2026-09-08 14:15:38.455 appintentsmetadataprocessor[97163:20953883] Starting appintentsmetadataprocessor export
2026-09-08 14:15:38.968 appintentsmetadataprocessor[97163:20953883] Extracted no relevant App Intents symbols, skipping writing output

Ld /Users/geraltgraham/Codes/CPUKiller/app-macos/build/DerivedData/Build/Intermediates.noindex/MacKit.build/Release/MacKitUpdater.build/Objects-normal/x86_64/Binary/MacKitUpdater.o normal x86_64 (in target 'MacKitUpdater' from project 'MacKit')
    cd /Users/geraltgraham/Codes/CPUKiller/app-macos/build/DerivedData/SourcePackages/checkouts/mac-kit-swift
    /Applications/Xcode.app/Contents/Developer/Toolchains/XcodeDefault.xctoolchain/usr/bin/clang -Xlinker -reproducible -target x86_64-apple-macos14.0 -r -isysroot /Applications/Xcode.app/Contents/Developer/Platforms/MacOSX.platform/Developer/SDKs/MacOSX26.2.sdk -Os -w -L/Users/geraltgraham/Codes/CPUKiller/app-macos/build/DerivedData/Build/Intermediates.noindex/EagerLinkingTBDs/Release -L/Users/geraltgraham/Codes/CPUKiller/app-macos/build/DerivedData/Build/Products/Release -L/Applications/Xcode.app/Contents/Developer/Platforms/MacOSX.platform/Developer/usr/lib -F/Users/geraltgraham/Codes/CPUKiller/app-macos/build/DerivedData/Build/Intermediates.noindex/EagerLinkingTBDs/Release -F/Users/geraltgraham/Codes/CPUKiller/app-macos/build/DerivedData/Build/Products/Release/PackageFrameworks -F/Users/geraltgraham/Codes/CPUKiller/app-macos/build/DerivedData/Build/Products/Release -iframework /Applications/Xcode.app/Contents/Developer/Platforms/MacOSX.platform/Developer/Library/Frameworks -filelist /Users/geraltgraham/Codes/CPUKiller/app-macos/build/DerivedData/Build/Intermediates.noindex/MacKit.build/Release/MacKitUpdater.build/Objects-normal/x86_64/MacKitUpdater.LinkFileList -nostdlib -Xlinker -object_path_lto -Xlinker /Users/geraltgraham/Codes/CPUKiller/app-macos/build/DerivedData/Build/Intermediates.noindex/MacKit.build/Release/MacKitUpdater.build/Objects-normal/x86_64/MacKitUpdater_lto.o -Xlinker -dependency_info -Xlinker /Users/geraltgraham/Codes/CPUKiller/app-macos/build/DerivedData/Build/Intermediates.noindex/MacKit.build/Release/MacKitUpdater.build/Objects-normal/x86_64/MacKitUpdater_dependency_info.dat -fobjc-link-runtime -L/Applications/Xcode.app/Contents/Developer/Toolchains/XcodeDefault.xctoolchain/usr/lib/swift/macosx -L/usr/lib/swift -Xlinker -add_ast_path -Xlinker /Users/geraltgraham/Codes/CPUKiller/app-macos/build/DerivedData/Build/Intermediates.noindex/MacKit.build/Release/MacKitUpdater.build/Objects-normal/x86_64/MacKitUpdater.swiftmodule @/Users/geraltgraham/Codes/CPUKiller/app-macos/build/DerivedData/Build/Intermediates.noindex/MacKit.build/Release/MacKitUpdater.build/Objects-normal/x86_64/MacKitUpdater-linker-args.resp -o /Users/geraltgraham/Codes/CPUKiller/app-macos/build/DerivedData/Build/Intermediates.noindex/MacKit.build/Release/MacKitUpdater.build/Objects-normal/x86_64/Binary/MacKitUpdater.o

Ld /Users/geraltgraham/Codes/CPUKiller/app-macos/build/DerivedData/Build/Intermediates.noindex/MacKit.build/Release/MacKitUpdater.build/Objects-normal/arm64/Binary/MacKitUpdater.o normal arm64 (in target 'MacKitUpdater' from project 'MacKit')
    cd /Users/geraltgraham/Codes/CPUKiller/app-macos/build/DerivedData/SourcePackages/checkouts/mac-kit-swift
    /Applications/Xcode.app/Contents/Developer/Toolchains/XcodeDefault.xctoolchain/usr/bin/clang -Xlinker -reproducible -target arm64-apple-macos14.0 -r -isysroot /Applications/Xcode.app/Contents/Developer/Platforms/MacOSX.platform/Developer/SDKs/MacOSX26.2.sdk -Os -w -L/Users/geraltgraham/Codes/CPUKiller/app-macos/build/DerivedData/Build/Intermediates.noindex/EagerLinkingTBDs/Release -L/Users/geraltgraham/Codes/CPUKiller/app-macos/build/DerivedData/Build/Products/Release -L/Applications/Xcode.app/Contents/Developer/Platforms/MacOSX.platform/Developer/usr/lib -F/Users/geraltgraham/Codes/CPUKiller/app-macos/build/DerivedData/Build/Intermediates.noindex/EagerLinkingTBDs/Release -F/Users/geraltgraham/Codes/CPUKiller/app-macos/build/DerivedData/Build/Products/Release/PackageFrameworks -F/Users/geraltgraham/Codes/CPUKiller/app-macos/build/DerivedData/Build/Products/Release -iframework /Applications/Xcode.app/Contents/Developer/Platforms/MacOSX.platform/Developer/Library/Frameworks -filelist /Users/geraltgraham/Codes/CPUKiller/app-macos/build/DerivedData/Build/Intermediates.noindex/MacKit.build/Release/MacKitUpdater.build/Objects-normal/arm64/MacKitUpdater.LinkFileList -nostdlib -Xlinker -object_path_lto -Xlinker /Users/geraltgraham/Codes/CPUKiller/app-macos/build/DerivedData/Build/Intermediates.noindex/MacKit.build/Release/MacKitUpdater.build/Objects-normal/arm64/MacKitUpdater_lto.o -Xlinker -dependency_info -Xlinker /Users/geraltgraham/Codes/CPUKiller/app-macos/build/DerivedData/Build/Intermediates.noindex/MacKit.build/Release/MacKitUpdater.build/Objects-normal/arm64/MacKitUpdater_dependency_info.dat -fobjc-link-runtime -L/Applications/Xcode.app/Contents/Developer/Toolchains/XcodeDefault.xctoolchain/usr/lib/swift/macosx -L/usr/lib/swift -Xlinker -add_ast_path -Xlinker /Users/geraltgraham/Codes/CPUKiller/app-macos/build/DerivedData/Build/Intermediates.noindex/MacKit.build/Release/MacKitUpdater.build/Objects-normal/arm64/MacKitUpdater.swiftmodule @/Users/geraltgraham/Codes/CPUKiller/app-macos/build/DerivedData/Build/Intermediates.noindex/MacKit.build/Release/MacKitUpdater.build/Objects-normal/arm64/MacKitUpdater-linker-args.resp -o /Users/geraltgraham/Codes/CPUKiller/app-macos/build/DerivedData/Build/Intermediates.noindex/MacKit.build/Release/MacKitUpdater.build/Objects-normal/arm64/Binary/MacKitUpdater.o

CreateUniversalBinary /Users/geraltgraham/Codes/CPUKiller/app-macos/build/DerivedData/Build/Products/Release/MacKitUpdater.o normal arm64\ x86_64 (in target 'MacKitUpdater' from project 'MacKit')
    cd /Users/geraltgraham/Codes/CPUKiller/app-macos/build/DerivedData/SourcePackages/checkouts/mac-kit-swift
    /Applications/Xcode.app/Contents/Developer/Toolchains/XcodeDefault.xctoolchain/usr/bin/lipo -create /Users/geraltgraham/Codes/CPUKiller/app-macos/build/DerivedData/Build/Intermediates.noindex/MacKit.build/Release/MacKitUpdater.build/Objects-normal/arm64/Binary/MacKitUpdater.o /Users/geraltgraham/Codes/CPUKiller/app-macos/build/DerivedData/Build/Intermediates.noindex/MacKit.build/Release/MacKitUpdater.build/Objects-normal/x86_64/Binary/MacKitUpdater.o -output /Users/geraltgraham/Codes/CPUKiller/app-macos/build/DerivedData/Build/Products/Release/MacKitUpdater.o

SwiftExplicitDependencyGeneratePcm arm64 /Users/geraltgraham/Codes/CPUKiller/app-macos/build/DerivedData/ModuleCache.noindex/QuartzCore-E1P6HS1F5UFHROW74XJ74B67A.pcm

SwiftExplicitDependencyGeneratePcm arm64 /Users/geraltgraham/Codes/CPUKiller/app-macos/build/DerivedData/ModuleCache.noindex/CoreImage-DXQLZLNJ7EADVAKQQX45SE0LI.pcm

SwiftExplicitDependencyGeneratePcm x86_64 /Users/geraltgraham/Codes/CPUKiller/app-macos/build/DerivedData/ModuleCache.noindex/AppKit-AM9RO3T6C66G1W08QTBGCY0RW.pcm

ExtractAppIntentsMetadata (in target 'MacKitUpdater' from project 'MacKit')
    cd /Users/geraltgraham/Codes/CPUKiller/app-macos/build/DerivedData/SourcePackages/checkouts/mac-kit-swift
    /Applications/Xcode.app/Contents/Developer/Toolchains/XcodeDefault.xctoolchain/usr/bin/appintentsmetadataprocessor --toolchain-dir /var/run/com.apple.security.cryptexd/mnt/com.apple.MobileAsset.MetalToolchain-v17.3.519.0.Mve7GT/Metal.xctoolchain --module-name MacKitUpdater --sdk-root /Applications/Xcode.app/Contents/Developer/Platforms/MacOSX.platform/Developer/SDKs/MacOSX26.2.sdk --xcode-version 17C519 --platform-family macOS --deployment-target 14.0 --bundle-identifier mac-kit-swift.MacKitUpdater --output /Users/geraltgraham/Codes/CPUKiller/app-macos/build/DerivedData/Build/Products/Release/MacKitUpdater.appintents --target-triple arm64-apple-macos14.0 --target-triple x86_64-apple-macos14.0 --binary-file /Users/geraltgraham/Codes/CPUKiller/app-macos/build/DerivedData/Build/Products/Release/MacKitUpdater.o --dependency-file /Users/geraltgraham/Codes/CPUKiller/app-macos/build/DerivedData/Build/Intermediates.noindex/MacKit.build/Release/MacKitUpdater.build/Objects-normal/arm64/MacKitUpdater_dependency_info.dat --dependency-file /Users/geraltgraham/Codes/CPUKiller/app-macos/build/DerivedData/Build/Intermediates.noindex/MacKit.build/Release/MacKitUpdater.build/Objects-normal/x86_64/MacKitUpdater_dependency_info.dat --stringsdata-file /Users/geraltgraham/Codes/CPUKiller/app-macos/build/DerivedData/Build/Intermediates.noindex/MacKit.build/Release/MacKitUpdater.build/Objects-normal/arm64/ExtractedAppShortcutsMetadata.stringsdata --stringsdata-file /Users/geraltgraham/Codes/CPUKiller/app-macos/build/DerivedData/Build/Intermediates.noindex/MacKit.build/Release/MacKitUpdater.build/Objects-normal/x86_64/ExtractedAppShortcutsMetadata.stringsdata --source-file-list /Users/geraltgraham/Codes/CPUKiller/app-macos/build/DerivedData/Build/Intermediates.noindex/MacKit.build/Release/MacKitUpdater.build/Objects-normal/arm64/MacKitUpdater.SwiftFileList --source-file-list /Users/geraltgraham/Codes/CPUKiller/app-macos/build/DerivedData/Build/Intermediates.noindex/MacKit.build/Release/MacKitUpdater.build/Objects-normal/x86_64/MacKitUpdater.SwiftFileList --metadata-file-list /Users/geraltgraham/Codes/CPUKiller/app-macos/build/DerivedData/Build/Intermediates.noindex/MacKit.build/Release/MacKitUpdater.build/MacKitUpdater.DependencyMetadataFileList --static-metadata-file-list /Users/geraltgraham/Codes/CPUKiller/app-macos/build/DerivedData/Build/Intermediates.noindex/MacKit.build/Release/MacKitUpdater.build/MacKitUpdater.DependencyStaticMetadataFileList --swift-const-vals-list /Users/geraltgraham/Codes/CPUKiller/app-macos/build/DerivedData/Build/Intermediates.noindex/MacKit.build/Release/MacKitUpdater.build/Objects-normal/arm64/MacKitUpdater.SwiftConstValuesFileList --swift-const-vals-list /Users/geraltgraham/Codes/CPUKiller/app-macos/build/DerivedData/Build/Intermediates.noindex/MacKit.build/Release/MacKitUpdater.build/Objects-normal/x86_64/MacKitUpdater.SwiftConstValuesFileList --force --compile-time-extraction --deployment-aware-processing --validate-assistant-intents --no-app-shortcuts-localization
2026-09-08 14:15:38.571 appintentsmetadataprocessor[97176:20953927] Starting appintentsmetadataprocessor export
2026-09-08 14:15:38.948 appintentsmetadataprocessor[97176:20953927] Extracted no relevant App Intents symbols, skipping writing output

SwiftExplicitDependencyGeneratePcm arm64 /Users/geraltgraham/Codes/CPUKiller/app-macos/build/DerivedData/ModuleCache.noindex/SwiftUICore-2B1IQ71L3BCK8R38KD4YKG19P.pcm

RegisterExecutionPolicyException /Users/geraltgraham/Codes/CPUKiller/app-macos/build/DerivedData/Build/Products/Release/MacKitUpdater.o (in target 'MacKitUpdater' from project 'MacKit')
    cd /Users/geraltgraham/Codes/CPUKiller/app-macos/build/DerivedData/SourcePackages/checkouts/mac-kit-swift
    builtin-RegisterExecutionPolicyException /Users/geraltgraham/Codes/CPUKiller/app-macos/build/DerivedData/Build/Products/Release/MacKitUpdater.o

SwiftExplicitDependencyGeneratePcm arm64 /Users/geraltgraham/Codes/CPUKiller/app-macos/build/DerivedData/ModuleCache.noindex/AppKit-8ARDI0N1SIGEH3GDYXBKRFYN4.pcm

RegisterExecutionPolicyException /Users/geraltgraham/Codes/CPUKiller/app-macos/build/DerivedData/Build/Products/Release/MacKitLaunchAtLogin.o (in target 'MacKitLaunchAtLogin' from project 'MacKit')
    cd /Users/geraltgraham/Codes/CPUKiller/app-macos/build/DerivedData/SourcePackages/checkouts/mac-kit-swift
    builtin-RegisterExecutionPolicyException /Users/geraltgraham/Codes/CPUKiller/app-macos/build/DerivedData/Build/Products/Release/MacKitLaunchAtLogin.o

SwiftCompile normal x86_64 Compiling\ OutsideClickMonitor.swift /Users/geraltgraham/Codes/CPUKiller/app-macos/build/DerivedData/SourcePackages/checkouts/mac-kit-swift/Sources/MacKitOverlay/OutsideClickMonitor.swift /Applications/Xcode.app/Contents/Developer/Toolchains/XcodeDefault.xctoolchain/usr/lib/swift/macosx/prebuilt-modules/26.2/simd.swiftmodule/x86_64-apple-macos.swiftmodule /Applications/Xcode.app/Contents/Developer/Toolchains/XcodeDefault.xctoolchain/usr/lib/swift/macosx/prebuilt-modules/26.2/Symbols.swiftmodule/x86_64-apple-macos.swiftmodule /Applications/Xcode.app/Contents/Developer/Toolchains/XcodeDefault.xctoolchain/usr/lib/swift/macosx/prebuilt-modules/26.2/_DarwinFoundation3.swiftmodule/x86_64-apple-macos.swiftmodule /Applications/Xcode.app/Contents/Developer/Toolchains/XcodeDefault.xctoolchain/usr/lib/swift/macosx/prebuilt-modules/26.2/CoreVideo.swiftmodule/x86_64-apple-macos.swiftmodule /Applications/Xcode.app/Contents/Developer/Toolchains/XcodeDefault.xctoolchain/usr/lib/swift/macosx/prebuilt-modules/26.2/DeveloperToolsSupport.swiftmodule/x86_64-apple-macos.swiftmodule /Applications/Xcode.app/Contents/Developer/Toolchains/XcodeDefault.xctoolchain/usr/lib/swift/macosx/prebuilt-modules/26.2/Combine.swiftmodule/x86_64-apple-macos.swiftmodule /Applications/Xcode.app/Contents/Developer/Toolchains/XcodeDefault.xctoolchain/usr/lib/swift/macosx/prebuilt-modules/26.2/SwiftUICore.swiftmodule/x86_64-apple-macos.swiftmodule /Applications/Xcode.app/Contents/Developer/Toolchains/XcodeDefault.xctoolchain/usr/lib/swift/macosx/prebuilt-modules/26.2/Swift.swiftmodule/x86_64-apple-macos.swiftmodule /Applications/Xcode.app/Contents/Developer/Toolchains/XcodeDefault.xctoolchain/usr/lib/swift/macosx/prebuilt-modules/26.2/_Concurrency.swiftmodule/x86_64-apple-macos.swiftmodule /Applications/Xcode.app/Contents/Developer/Toolchains/XcodeDefault.xctoolchain/usr/lib/swift/macosx/prebuilt-modules/26.2/UniformTypeIdentifiers.swiftmodule/x86_64-apple-macos.swiftmodule /Applications/Xcode.app/Contents/Developer/Toolchains/XcodeDefault.xctoolchain/usr/lib/swift/macosx/prebuilt-modules/26.2/Observation.swiftmodule/x86_64-apple-macos.swiftmodule /Applications/Xcode.app/Contents/Developer/Toolchains/XcodeDefault.xctoolchain/usr/lib/swift/macosx/prebuilt-modules/26.2/CoreData.swiftmodule/x86_64-apple-macos.swiftmodule /Applications/Xcode.app/Contents/Developer/Toolchains/XcodeDefault.xctoolchain/usr/lib/swift/macosx/prebuilt-modules/26.2/CoreText.swiftmodule/x86_64-apple-macos.swiftmodule /Users/geraltgraham/Codes/CPUKiller/app-macos/build/DerivedData/Build/Products/Release/MacKitCore.swiftmodule/x86_64-apple-macos.swiftmodule /Applications/Xcode.app/Contents/Developer/Toolchains/XcodeDefault.xctoolchain/usr/lib/swift/macosx/prebuilt-modules/26.2/CoreTransferable.swiftmodule/x86_64-apple-macos.swiftmodule /Applications/Xcode.app/Contents/Developer/Toolchains/XcodeDefault.xctoolchain/usr/lib/swift/macosx/prebuilt-modules/26.2/IOKit.swiftmodule/x86_64-apple-macos.swiftmodule /Applications/Xcode.app/Contents/Developer/Toolchains/XcodeDefault.xctoolchain/usr/lib/swift/macosx/prebuilt-modules/26.2/CoreImage.swiftmodule/x86_64-apple-macos.swiftmodule /Applications/Xcode.app/Contents/Developer/Toolchains/XcodeDefault.xctoolchain/usr/lib/swift/macosx/prebuilt-modules/26.2/os.swiftmodule/x86_64-apple-macos.swiftmodule /Applications/Xcode.app/Contents/Developer/Toolchains/XcodeDefault.xctoolchain/usr/lib/swift/macosx/prebuilt-modules/26.2/QuartzCore.swiftmodule/x86_64-apple-macos.swiftmodule /Applications/Xcode.app/Contents/Developer/Toolchains/XcodeDefault.xctoolchain/usr/lib/swift/macosx/prebuilt-modules/26.2/Dispatch.swiftmodule/x86_64-apple-macos.swiftmodule /Applications/Xcode.app/Contents/Developer/Toolchains/XcodeDefault.xctoolchain/usr/lib/swift/macosx/prebuilt-modules/26.2/_DarwinFoundation1.swiftmodule/x86_64-apple-macos.swiftmodule /Applications/Xcode.app/Contents/Developer/Toolchains/XcodeDefault.xctoolchain/usr/lib/swift/macosx/prebuilt-modules/26.2/DataDetection.swiftmodule/x86_64-apple-macos.swiftmodule /Applications/Xcode.app/Contents/Developer/Toolchains/XcodeDefault.xctoolchain/usr/lib/swift/macosx/prebuilt-modules/26.2/Foundation.swiftmodule/x86_64-apple-macos.swiftmodule /Applications/Xcode.app/Contents/Developer/Toolchains/XcodeDefault.xctoolchain/usr/lib/swift/macosx/prebuilt-modules/26.2/System.swiftmodule/x86_64-apple-macos.swiftmodule /Applications/Xcode.app/Contents/Developer/Toolchains/XcodeDefault.xctoolchain/usr/lib/swift/macosx/prebuilt-modules/26.2/AppKit.swiftmodule/x86_64-apple-macos.swiftmodule /Applications/Xcode.app/Contents/Developer/Toolchains/XcodeDefault.xctoolchain/usr/lib/swift/macosx/prebuilt-modules/26.2/_StringProcessing.swiftmodule/x86_64-apple-macos.swiftmodule /Applications/Xcode.app/Contents/Developer/Toolchains/XcodeDefault.xctoolchain/usr/lib/swift/macosx/prebuilt-modules/26.2/CoreGraphics.swiftmodule/x86_64-apple-macos.swiftmodule /Applications/Xcode.app/Contents/Developer/Toolchains/XcodeDefault.xctoolchain/usr/lib/swift/macosx/prebuilt-modules/26.2/Accessibility.swiftmodule/x86_64-apple-macos.swiftmodule /Applications/Xcode.app/Contents/Developer/Toolchains/XcodeDefault.xctoolchain/usr/lib/swift/macosx/prebuilt-modules/26.2/Metal.swiftmodule/x86_64-apple-macos.swiftmodule /Applications/Xcode.app/Contents/Developer/Toolchains/XcodeDefault.xctoolchain/usr/lib/swift/macosx/prebuilt-modules/26.2/_Builtin_float.swiftmodule/x86_64-apple-macos.swiftmodule /Applications/Xcode.app/Contents/Developer/Toolchains/XcodeDefault.xctoolchain/usr/lib/swift/macosx/prebuilt-modules/26.2/OSLog.swiftmodule/x86_64-apple-macos.swiftmodule /Applications/Xcode.app/Contents/Developer/Toolchains/XcodeDefault.xctoolchain/usr/lib/swift/macosx/prebuilt-modules/26.2/_DarwinFoundation2.swiftmodule/x86_64-apple-macos.swiftmodule /Applications/Xcode.app/Contents/Developer/Toolchains/XcodeDefault.xctoolchain/usr/lib/swift/macosx/prebuilt-modules/26.2/ObjectiveC.swiftmodule/x86_64-apple-macos.swiftmodule /Applications/Xcode.app/Contents/Developer/Toolchains/XcodeDefault.xctoolchain/usr/lib/swift/macosx/prebuilt-modules/26.2/XPC.swiftmodule/x86_64-apple-macos.swiftmodule /Applications/Xcode.app/Contents/Developer/Toolchains/XcodeDefault.xctoolchain/usr/lib/swift/macosx/prebuilt-modules/26.2/CoreFoundation.swiftmodule/x86_64-apple-macos.swiftmodule /Applications/Xcode.app/Contents/Developer/Toolchains/XcodeDefault.xctoolchain/usr/lib/swift/macosx/prebuilt-modules/26.2/Darwin.swiftmodule/x86_64-apple-macos.swiftmodule /Users/geraltgraham/Codes/CPUKiller/app-macos/build/DerivedData/ModuleCache.noindex/Accessibility-BN4Z756JLEGDNYWTNW9V28OG8.pcm /Users/geraltgraham/Codes/CPUKiller/app-macos/build/DerivedData/ModuleCache.noindex/OSLog-17YGRSK31OUH7I9GJH0F4GHLQ.pcm /Users/geraltgraham/Codes/CPUKiller/app-macos/build/DerivedData/ModuleCache.noindex/SwiftShims-5EHJJ6UM4UGURT6WDI783HEFO.pcm /Users/geraltgraham/Codes/CPUKiller/app-macos/build/DerivedData/ModuleCache.noindex/_Builtin_stdint-8RCQRNM4E8VSO0K9ACE13AFZT.pcm /Users/geraltgraham/Codes/CPUKiller/app-macos/build/DerivedData/ModuleCache.noindex/Symbols-EYQDT7HXWA1V6VAE7HOXJCRVV.pcm /Users/geraltgraham/Codes/CPUKiller/app-macos/build/DerivedData/ModuleCache.noindex/ColorSync-834VUPYVFTRJ0IQDYY8GZ7V0V.pcm /Users/geraltgraham/Codes/CPUKiller/app-macos/build/DerivedData/ModuleCache.noindex/IOKit-2YEOVPPRUD77T2A0Q9B54PU73.pcm /Users/geraltgraham/Codes/CPUKiller/app-macos/build/DerivedData/ModuleCache.noindex/_DarwinFoundation3-39RVXICOL0KXQQOCWV98MN89K.pcm /Users/geraltgraham/Codes/CPUKiller/app-macos/build/DerivedData/ModuleCache.noindex/_Builtin_limits-5ICRQ74QBY7BSMG5U3QWERVYS.pcm /Users/geraltgraham/Codes/CPUKiller/app-macos/build/DerivedData/ModuleCache.noindex/OpenGL-ZCMW8RZYGSA55SOY5O8OOPYJ.pcm /Users/geraltgraham/Codes/CPUKiller/app-macos/build/DerivedData/ModuleCache.noindex/XPC-4JQFBWHGK83OFJOCSK4RGC5Q5.pcm /Users/geraltgraham/Codes/CPUKiller/app-macos/build/DerivedData/ModuleCache.noindex/_Builtin_stdarg-DVLQMFYA7U80J2U9B5ZC83AQF.pcm /Users/geraltgraham/Codes/CPUKiller/app-macos/build/DerivedData/ModuleCache.noindex/UniformTypeIdentifiers-BJYGHYOMAY3WP560NXJOQ8MEI.pcm /Users/geraltgraham/Codes/CPUKiller/app-macos/build/DerivedData/ModuleCache.noindex/_DarwinFoundation1-F1OE3PTTYT2N266Q4JXJBUZZG.pcm /Users/geraltgraham/Codes/CPUKiller/app-macos/build/DerivedData/ModuleCache.noindex/_AvailabilityInternal-8UTE4PZN9WHAT2W3B55J9VM30.pcm /Users/geraltgraham/Codes/CPUKiller/app-macos/build/DerivedData/ModuleCache.noindex/MachO-8F1VPFSZK8W4NXTYSH2P0MBE8.pcm /Users/geraltgraham/Codes/CPUKiller/app-macos/build/DerivedData/ModuleCache.noindex/_Builtin_tgmath-D6WX2T3ZAG1NLOFDEMASOEW2E.pcm /Users/geraltgraham/Codes/CPUKiller/app-macos/build/DerivedData/ModuleCache.noindex/CoreServices-1LXOBRZ8VAVWE2V2V4HKV1YEV.pcm /Users/geraltgraham/Codes/CPUKiller/app-macos/build/DerivedData/ModuleCache.noindex/_SwiftConcurrencyShims-ABXR09DSJ21ZALCB7FX8BSMV1.pcm /Users/geraltgraham/Codes/CPUKiller/app-macos/build/DerivedData/ModuleCache.noindex/_Builtin_stddef-EF0O9O0K20UL7VEX6GIYUUJJY.pcm /Users/geraltgraham/Codes/CPUKiller/app-macos/build/DerivedData/ModuleCache.noindex/AppKit-AM9RO3T6C66G1W08QTBGCY0RW.pcm /Users/geraltgraham/Codes/CPUKiller/app-macos/build/DerivedData/ModuleCache.noindex/sys_types-40920ONM29XGZ4Q7OO7JVRJTP.pcm /Users/geraltgraham/Codes/CPUKiller/app-macos/build/DerivedData/ModuleCache.noindex/ptrcheck-7HXSO3KC6WATJ2CB84XSFQLX4.pcm /Users/geraltgraham/Codes/CPUKiller/app-macos/build/DerivedData/ModuleCache.noindex/SwiftUICore-PNVQ464BWNNKXR9UEN1X4U7B.pcm /Users/geraltgraham/Codes/CPUKiller/app-macos/build/DerivedData/ModuleCache.noindex/CoreData-AB77E4FNNEE23XNXM2PQ00HYU.pcm /Users/geraltgraham/Codes/CPUKiller/app-macos/build/DerivedData/ModuleCache.noindex/os_workgroup-A4XWIS7YN1MGQUPT5PHGTNGFQ.pcm /Users/geraltgraham/Codes/CPUKiller/app-macos/build/DerivedData/ModuleCache.noindex/_Builtin_float-6R94NXQ1GPYR7JRU81Z7HR3V5.pcm /Users/geraltgraham/Codes/CPUKiller/app-macos/build/DerivedData/ModuleCache.noindex/Foundation-1BO2HMOUGE389B8YGIVYF9A6B.pcm /Users/geraltgraham/Codes/CPUKiller/app-macos/build/DerivedData/ModuleCache.noindex/Metal-AHNPZOMBV8F6BIZHMELH8OYNA.pcm /Users/geraltgraham/Codes/CPUKiller/app-macos/build/DerivedData/ModuleCache.noindex/os_object-CYLLH1RYC4OCRPUBBSM6WDCLP.pcm /Users/geraltgraham/Codes/CPUKiller/app-macos/build/DerivedData/ModuleCache.noindex/CoreText-Z33538813L3U8TTDTATH1ESD.pcm /Users/geraltgraham/Codes/CPUKiller/app-macos/build/DerivedData/ModuleCache.noindex/CoreImage-87UWY2R7LCI7HGRJPWZB5FT2B.pcm /Users/geraltgraham/Codes/CPUKiller/app-macos/build/DerivedData/ModuleCache.noindex/ptrauth-ED1LCYQQNQMKE2RQ6QR7ENELU.pcm /Users/geraltgraham/Codes/CPUKiller/app-macos/build/DerivedData/ModuleCache.noindex/Darwin-CJCH7HMOZOJ4LV4W4AP86UQHN.pcm /Users/geraltgraham/Codes/CPUKiller/app-macos/build/DerivedData/ModuleCache.noindex/_DarwinFoundation2-BZAZTX3DGQKPWNZKHDNLQ4P7C.pcm /Users/geraltgraham/Codes/CPUKiller/app-macos/build/DerivedData/ModuleCache.noindex/DataDetection-6IJZHG7XCYNAGKQOOF0KGZBV0.pcm /Users/geraltgraham/Codes/CPUKiller/app-macos/build/DerivedData/ModuleCache.noindex/IOSurface-6OJ8V8A8DQI30NNAFDGOCQ1TB.pcm /Users/geraltgraham/Codes/CPUKiller/app-macos/build/DerivedData/ModuleCache.noindex/Dispatch-DOB1WM3U13EZWTMBBDQ901OC2.pcm /Users/geraltgraham/Codes/CPUKiller/app-macos/build/DerivedData/ModuleCache.noindex/_Builtin_stdbool-6P2BQ3GGFVUNTT6V15Q8AWCT8.pcm /Users/geraltgraham/Codes/CPUKiller/app-macos/build/DerivedData/ModuleCache.noindex/QuartzCore-AVPZOALZCHUF18RKZ0ATGJXE2.pcm /Users/geraltgraham/Codes/CPUKiller/app-macos/build/DerivedData/ModuleCache.noindex/DeveloperToolsSupport-BKAYP7F7IC7WKI9395X94PF6J.pcm /Users/geraltgraham/Codes/CPUKiller/app-macos/build/DerivedData/ModuleCache.noindex/DiskArbitration-EGPVWIIUMUKMS9O9437FUGMY9.pcm /Users/geraltgraham/Codes/CPUKiller/app-macos/build/DerivedData/ModuleCache.noindex/CoreVideo-8BQ2TN6HVFBZ2HQ7ALGRR687J.pcm /Users/geraltgraham/Codes/CPUKiller/app-macos/build/DerivedData/ModuleCache.noindex/CFNetwork-25DHICFEPFK87BNWGSE2HETCR.pcm /Users/geraltgraham/Codes/CPUKiller/app-macos/build/DerivedData/ModuleCache.noindex/CoreGraphics-C4EM545Z6O2DMEA7HJITDDAVB.pcm /Users/geraltgraham/Codes/CPUKiller/app-macos/build/DerivedData/ModuleCache.noindex/os-AJO2RLF89PG1W9TJIOVUQNAPE.pcm /Users/geraltgraham/Codes/CPUKiller/app-macos/build/DerivedData/ModuleCache.noindex/libDER-5DQ4BD5PG6GNGR79YVPKQL1W3.pcm /Users/geraltgraham/Codes/CPUKiller/app-macos/build/DerivedData/ModuleCache.noindex/ImageIO-15T4JSQ9N8O6OKEFC23572SQN.pcm /Users/geraltgraham/Codes/CPUKiller/app-macos/build/DerivedData/ModuleCache.noindex/_Builtin_intrinsics-3529X2JAWRUB4CNZNYF0ZJSQE.pcm /Users/geraltgraham/Codes/CPUKiller/app-macos/build/DerivedData/ModuleCache.noindex/libkern-3OL4B5TOQB3FN1AVCW0XY4VF6.pcm /Users/geraltgraham/Codes/CPUKiller/app-macos/build/DerivedData/ModuleCache.noindex/CoreFoundation-BV1EGUUXR3BL26IFMZ8U9CXR7.pcm /Users/geraltgraham/Codes/CPUKiller/app-macos/build/DerivedData/ModuleCache.noindex/CoreTransferable-AA2785ZKH5CPP6QHH5OLRN0C8.pcm /Users/geraltgraham/Codes/CPUKiller/app-macos/build/DerivedData/ModuleCache.noindex/CUPS-65W8D9TXFDWPNU5CMAJ9NNADH.pcm /Users/geraltgraham/Codes/CPUKiller/app-macos/build/DerivedData/ModuleCache.noindex/Security-86KT6UEI2R8M1QJXM2T3255R7.pcm /Users/geraltgraham/Codes/CPUKiller/app-macos/build/DerivedData/ModuleCache.noindex/_Builtin_stdatomic-9APOAWDNDKXQ1N7NJ8DJWU8SR.pcm /Users/geraltgraham/Codes/CPUKiller/app-macos/build/DerivedData/ModuleCache.noindex/simd-6TMKYE1JNEKZOB9PVC9INURT3.pcm /Users/geraltgraham/Codes/CPUKiller/app-macos/build/DerivedData/ModuleCache.noindex/ObjectiveC-DFXZWPVD8GU3HGX98F1MBLNI7.pcm /Users/geraltgraham/Codes/CPUKiller/app-macos/build/DerivedData/ModuleCache.noindex/ApplicationServices-6QSTVD1MFC5OPGLEDMUAPE59X.pcm /Users/geraltgraham/Codes/CPUKiller/app-macos/build/DerivedData/ModuleCache.noindex/launch-3I7M9M63UCJ6Y6E24O7RZM3U5.pcm /Users/geraltgraham/Codes/CPUKiller/app-macos/build/DerivedData/ModuleCache.noindex/_Builtin_inttypes-8D4J7PVSP78TEW9GODCS4RDZ6.pcm /Users/geraltgraham/Codes/CPUKiller/app-macos/build/DerivedData/Build/Intermediates.noindex/MacKit.build/Release/MacKitOverlay.build/Objects-normal/x86_64/MacKitOverlay-dependencies-1.json (in target 'MacKitOverlay' from project 'MacKit')
SwiftCompile normal x86_64 /Users/geraltgraham/Codes/CPUKiller/app-macos/build/DerivedData/SourcePackages/checkouts/mac-kit-swift/Sources/MacKitOverlay/OutsideClickMonitor.swift (in target 'MacKitOverlay' from project 'MacKit')
    cd /Users/geraltgraham/Codes/CPUKiller/app-macos/MacResourceMonitor.xcodeproj
    

SwiftCompile normal x86_64 Compiling\ AccessoryActivationSession.swift,\ AutofillHeuristicGuard.swift,\ LoginLaunchDetector.swift,\ TerminationGuard.swift /Users/geraltgraham/Codes/CPUKiller/app-macos/build/DerivedData/SourcePackages/checkouts/mac-kit-swift/Sources/MacKitLifecycle/AccessoryActivationSession.swift /Users/geraltgraham/Codes/CPUKiller/app-macos/build/DerivedData/SourcePackages/checkouts/mac-kit-swift/Sources/MacKitLifecycle/AutofillHeuristicGuard.swift /Users/geraltgraham/Codes/CPUKiller/app-macos/build/DerivedData/SourcePackages/checkouts/mac-kit-swift/Sources/MacKitLifecycle/LoginLaunchDetector.swift /Users/geraltgraham/Codes/CPUKiller/app-macos/build/DerivedData/SourcePackages/checkouts/mac-kit-swift/Sources/MacKitLifecycle/TerminationGuard.swift /Applications/Xcode.app/Contents/Developer/Toolchains/XcodeDefault.xctoolchain/usr/lib/swift/macosx/prebuilt-modules/26.2/QuartzCore.swiftmodule/x86_64-apple-macos.swiftmodule /Applications/Xcode.app/Contents/Developer/Toolchains/XcodeDefault.xctoolchain/usr/lib/swift/macosx/prebuilt-modules/26.2/Darwin.swiftmodule/x86_64-apple-macos.swiftmodule /Applications/Xcode.app/Contents/Developer/Toolchains/XcodeDefault.xctoolchain/usr/lib/swift/macosx/prebuilt-modules/26.2/CoreImage.swiftmodule/x86_64-apple-macos.swiftmodule /Applications/Xcode.app/Contents/Developer/Toolchains/XcodeDefault.xctoolchain/usr/lib/swift/macosx/prebuilt-modules/26.2/Foundation.swiftmodule/x86_64-apple-macos.swiftmodule /Applications/Xcode.app/Contents/Developer/Toolchains/XcodeDefault.xctoolchain/usr/lib/swift/macosx/prebuilt-modules/26.2/_Concurrency.swiftmodule/x86_64-apple-macos.swiftmodule /Applications/Xcode.app/Contents/Developer/Toolchains/XcodeDefault.xctoolchain/usr/lib/swift/macosx/prebuilt-modules/26.2/OSLog.swiftmodule/x86_64-apple-macos.swiftmodule /Applications/Xcode.app/Contents/Developer/Toolchains/XcodeDefault.xctoolchain/usr/lib/swift/macosx/prebuilt-modules/26.2/simd.swiftmodule/x86_64-apple-macos.swiftmodule /Applications/Xcode.app/Contents/Developer/Toolchains/XcodeDefault.xctoolchain/usr/lib/swift/macosx/prebuilt-modules/26.2/DeveloperToolsSupport.swiftmodule/x86_64-apple-macos.swiftmodule /Applications/Xcode.app/Contents/Developer/Toolchains/XcodeDefault.xctoolchain/usr/lib/swift/macosx/prebuilt-modules/26.2/_DarwinFoundation2.swiftmodule/x86_64-apple-macos.swiftmodule /Applications/Xcode.app/Contents/Developer/Toolchains/XcodeDefault.xctoolchain/usr/lib/swift/macosx/prebuilt-modules/26.2/Symbols.swiftmodule/x86_64-apple-macos.swiftmodule /Applications/Xcode.app/Contents/Developer/Toolchains/XcodeDefault.xctoolchain/usr/lib/swift/macosx/prebuilt-modules/26.2/_StringProcessing.swiftmodule/x86_64-apple-macos.swiftmodule /Applications/Xcode.app/Contents/Developer/Toolchains/XcodeDefault.xctoolchain/usr/lib/swift/macosx/prebuilt-modules/26.2/CoreGraphics.swiftmodule/x86_64-apple-macos.swiftmodule /Applications/Xcode.app/Contents/Developer/Toolchains/XcodeDefault.xctoolchain/usr/lib/swift/macosx/prebuilt-modules/26.2/CoreVideo.swiftmodule/x86_64-apple-macos.swiftmodule /Applications/Xcode.app/Contents/Developer/Toolchains/XcodeDefault.xctoolchain/usr/lib/swift/macosx/prebuilt-modules/26.2/UniformTypeIdentifiers.swiftmodule/x86_64-apple-macos.swiftmodule /Applications/Xcode.app/Contents/Developer/Toolchains/XcodeDefault.xctoolchain/usr/lib/swift/macosx/prebuilt-modules/26.2/Observation.swiftmodule/x86_64-apple-macos.swiftmodule /Applications/Xcode.app/Contents/Developer/Toolchains/XcodeDefault.xctoolchain/usr/lib/swift/macosx/prebuilt-modules/26.2/Swift.swiftmodule/x86_64-apple-macos.swiftmodule /Applications/Xcode.app/Contents/Developer/Toolchains/XcodeDefault.xctoolchain/usr/lib/swift/macosx/prebuilt-modules/26.2/_DarwinFoundation1.swiftmodule/x86_64-apple-macos.swiftmodule /Applications/Xcode.app/Contents/Developer/Toolchains/XcodeDefault.xctoolchain/usr/lib/swift/macosx/prebuilt-modules/26.2/CoreTransferable.swiftmodule/x86_64-apple-macos.swiftmodule /Applications/Xcode.app/Contents/Developer/Toolchains/XcodeDefault.xctoolchain/usr/lib/swift/macosx/prebuilt-modules/26.2/System.swiftmodule/x86_64-apple-macos.swiftmodule /Applications/Xcode.app/Contents/Developer/Toolchains/XcodeDefault.xctoolchain/usr/lib/swift/macosx/prebuilt-modules/26.2/Accessibility.swiftmodule/x86_64-apple-macos.swiftmodule /Applications/Xcode.app/Contents/Developer/Toolchains/XcodeDefault.xctoolchain/usr/lib/swift/macosx/prebuilt-modules/26.2/_Builtin_float.swiftmodule/x86_64-apple-macos.swiftmodule /Applications/Xcode.app/Contents/Developer/Toolchains/XcodeDefault.xctoolchain/usr/lib/swift/macosx/prebuilt-modules/26.2/Combine.swiftmodule/x86_64-apple-macos.swiftmodule /Applications/Xcode.app/Contents/Developer/Toolchains/XcodeDefault.xctoolchain/usr/lib/swift/macosx/prebuilt-modules/26.2/CoreFoundation.swiftmodule/x86_64-apple-macos.swiftmodule /Applications/Xcode.app/Contents/Developer/Toolchains/XcodeDefault.xctoolchain/usr/lib/swift/macosx/prebuilt-modules/26.2/XPC.swiftmodule/x86_64-apple-macos.swiftmodule /Applications/Xcode.app/Contents/Developer/Toolchains/XcodeDefault.xctoolchain/usr/lib/swift/macosx/prebuilt-modules/26.2/Dispatch.swiftmodule/x86_64-apple-macos.swiftmodule /Applications/Xcode.app/Contents/Developer/Toolchains/XcodeDefault.xctoolchain/usr/lib/swift/macosx/prebuilt-modules/26.2/CoreText.swiftmodule/x86_64-apple-macos.swiftmodule /Applications/Xcode.app/Contents/Developer/Toolchains/XcodeDefault.xctoolchain/usr/lib/swift/macosx/prebuilt-modules/26.2/DataDetection.swiftmodule/x86_64-apple-macos.swiftmodule /Applications/Xcode.app/Contents/Developer/Toolchains/XcodeDefault.xctoolchain/usr/lib/swift/macosx/prebuilt-modules/26.2/os.swiftmodule/x86_64-apple-macos.swiftmodule /Applications/Xcode.app/Contents/Developer/Toolchains/XcodeDefault.xctoolchain/usr/lib/swift/macosx/prebuilt-modules/26.2/Metal.swiftmodule/x86_64-apple-macos.swiftmodule /Applications/Xcode.app/Contents/Developer/Toolchains/XcodeDefault.xctoolchain/usr/lib/swift/macosx/prebuilt-modules/26.2/CoreData.swiftmodule/x86_64-apple-macos.swiftmodule /Applications/Xcode.app/Contents/Developer/Toolchains/XcodeDefault.xctoolchain/usr/lib/swift/macosx/prebuilt-modules/26.2/SwiftUICore.swiftmodule/x86_64-apple-macos.swiftmodule /Applications/Xcode.app/Contents/Developer/Toolchains/XcodeDefault.xctoolchain/usr/lib/swift/macosx/prebuilt-modules/26.2/_DarwinFoundation3.swiftmodule/x86_64-apple-macos.swiftmodule /Applications/Xcode.app/Contents/Developer/Toolchains/XcodeDefault.xctoolchain/usr/lib/swift/macosx/prebuilt-modules/26.2/AppKit.swiftmodule/x86_64-apple-macos.swiftmodule /Applications/Xcode.app/Contents/Developer/Toolchains/XcodeDefault.xctoolchain/usr/lib/swift/macosx/prebuilt-modules/26.2/IOKit.swiftmodule/x86_64-apple-macos.swiftmodule /Applications/Xcode.app/Contents/Developer/Toolchains/XcodeDefault.xctoolchain/usr/lib/swift/macosx/prebuilt-modules/26.2/ObjectiveC.swiftmodule/x86_64-apple-macos.swiftmodule /Users/geraltgraham/Codes/CPUKiller/app-macos/build/DerivedData/ModuleCache.noindex/OSLog-17YGRSK31OUH7I9GJH0F4GHLQ.pcm /Users/geraltgraham/Codes/CPUKiller/app-macos/build/DerivedData/ModuleCache.noindex/CoreServices-1LXOBRZ8VAVWE2V2V4HKV1YEV.pcm /Users/geraltgraham/Codes/CPUKiller/app-macos/build/DerivedData/ModuleCache.noindex/_DarwinFoundation3-39RVXICOL0KXQQOCWV98MN89K.pcm /Users/geraltgraham/Codes/CPUKiller/app-macos/build/DerivedData/ModuleCache.noindex/DiskArbitration-EGPVWIIUMUKMS9O9437FUGMY9.pcm /Users/geraltgraham/Codes/CPUKiller/app-macos/build/DerivedData/ModuleCache.noindex/ApplicationServices-6QSTVD1MFC5OPGLEDMUAPE59X.pcm /Users/geraltgraham/Codes/CPUKiller/app-macos/build/DerivedData/ModuleCache.noindex/ImageIO-15T4JSQ9N8O6OKEFC23572SQN.pcm /Users/geraltgraham/Codes/CPUKiller/app-macos/build/DerivedData/ModuleCache.noindex/CoreFoundation-BV1EGUUXR3BL26IFMZ8U9CXR7.pcm /Users/geraltgraham/Codes/CPUKiller/app-macos/build/DerivedData/ModuleCache.noindex/_Builtin_stdarg-DVLQMFYA7U80J2U9B5ZC83AQF.pcm /Users/geraltgraham/Codes/CPUKiller/app-macos/build/DerivedData/ModuleCache.noindex/CoreTransferable-AA2785ZKH5CPP6QHH5OLRN0C8.pcm /Users/geraltgraham/Codes/CPUKiller/app-macos/build/DerivedData/ModuleCache.noindex/libkern-3OL4B5TOQB3FN1AVCW0XY4VF6.pcm /Users/geraltgraham/Codes/CPUKiller/app-macos/build/DerivedData/ModuleCache.noindex/AppKit-AM9RO3T6C66G1W08QTBGCY0RW.pcm /Users/geraltgraham/Codes/CPUKiller/app-macos/build/DerivedData/ModuleCache.noindex/libDER-5DQ4BD5PG6GNGR79YVPKQL1W3.pcm /Users/geraltgraham/Codes/CPUKiller/app-macos/build/DerivedData/ModuleCache.noindex/CoreImage-87UWY2R7LCI7HGRJPWZB5FT2B.pcm /Users/geraltgraham/Codes/CPUKiller/app-macos/build/DerivedData/ModuleCache.noindex/DataDetection-6IJZHG7XCYNAGKQOOF0KGZBV0.pcm /Users/geraltgraham/Codes/CPUKiller/app-macos/build/DerivedData/ModuleCache.noindex/os-AJO2RLF89PG1W9TJIOVUQNAPE.pcm /Users/geraltgraham/Codes/CPUKiller/app-macos/build/DerivedData/ModuleCache.noindex/_AvailabilityInternal-8UTE4PZN9WHAT2W3B55J9VM30.pcm /Users/geraltgraham/Codes/CPUKiller/app-macos/build/DerivedData/ModuleCache.noindex/Metal-AHNPZOMBV8F6BIZHMELH8OYNA.pcm /Users/geraltgraham/Codes/CPUKiller/app-macos/build/DerivedData/ModuleCache.noindex/QuartzCore-AVPZOALZCHUF18RKZ0ATGJXE2.pcm /Users/geraltgraham/Codes/CPUKiller/app-macos/build/DerivedData/ModuleCache.noindex/_SwiftConcurrencyShims-ABXR09DSJ21ZALCB7FX8BSMV1.pcm /Users/geraltgraham/Codes/CPUKiller/app-macos/build/DerivedData/ModuleCache.noindex/IOSurface-6OJ8V8A8DQI30NNAFDGOCQ1TB.pcm /Users/geraltgraham/Codes/CPUKiller/app-macos/build/DerivedData/ModuleCache.noindex/_Builtin_stdbool-6P2BQ3GGFVUNTT6V15Q8AWCT8.pcm /Users/geraltgraham/Codes/CPUKiller/app-macos/build/DerivedData/ModuleCache.noindex/_Builtin_tgmath-D6WX2T3ZAG1NLOFDEMASOEW2E.pcm /Users/geraltgraham/Codes/CPUKiller/app-macos/build/DerivedData/ModuleCache.noindex/_Builtin_stdatomic-9APOAWDNDKXQ1N7NJ8DJWU8SR.pcm /Users/geraltgraham/Codes/CPUKiller/app-macos/build/DerivedData/ModuleCache.noindex/CFNetwork-25DHICFEPFK87BNWGSE2HETCR.pcm /Users/geraltgraham/Codes/CPUKiller/app-macos/build/DerivedData/ModuleCache.noindex/ObjectiveC-DFXZWPVD8GU3HGX98F1MBLNI7.pcm /Users/geraltgraham/Codes/CPUKiller/app-macos/build/DerivedData/ModuleCache.noindex/Accessibility-BN4Z756JLEGDNYWTNW9V28OG8.pcm /Users/geraltgraham/Codes/CPUKiller/app-macos/build/DerivedData/ModuleCache.noindex/Dispatch-DOB1WM3U13EZWTMBBDQ901OC2.pcm /Users/geraltgraham/Codes/CPUKiller/app-macos/build/DerivedData/ModuleCache.noindex/os_workgroup-A4XWIS7YN1MGQUPT5PHGTNGFQ.pcm /Users/geraltgraham/Codes/CPUKiller/app-macos/build/DerivedData/ModuleCache.noindex/os_object-CYLLH1RYC4OCRPUBBSM6WDCLP.pcm /Users/geraltgraham/Codes/CPUKiller/app-macos/build/DerivedData/ModuleCache.noindex/sys_types-40920ONM29XGZ4Q7OO7JVRJTP.pcm /Users/geraltgraham/Codes/CPUKiller/app-macos/build/DerivedData/ModuleCache.noindex/Darwin-CJCH7HMOZOJ4LV4W4AP86UQHN.pcm /Users/geraltgraham/Codes/CPUKiller/app-macos/build/DerivedData/ModuleCache.noindex/_Builtin_limits-5ICRQ74QBY7BSMG5U3QWERVYS.pcm /Users/geraltgraham/Codes/CPUKiller/app-macos/build/DerivedData/ModuleCache.noindex/ptrauth-ED1LCYQQNQMKE2RQ6QR7ENELU.pcm /Users/geraltgraham/Codes/CPUKiller/app-macos/build/DerivedData/ModuleCache.noindex/_Builtin_float-6R94NXQ1GPYR7JRU81Z7HR3V5.pcm /Users/geraltgraham/Codes/CPUKiller/app-macos/build/DerivedData/ModuleCache.noindex/_DarwinFoundation2-BZAZTX3DGQKPWNZKHDNLQ4P7C.pcm /Users/geraltgraham/Codes/CPUKiller/app-macos/build/DerivedData/ModuleCache.noindex/CoreVideo-8BQ2TN6HVFBZ2HQ7ALGRR687J.pcm /Users/geraltgraham/Codes/CPUKiller/app-macos/build/DerivedData/ModuleCache.noindex/Security-86KT6UEI2R8M1QJXM2T3255R7.pcm /Users/geraltgraham/Codes/CPUKiller/app-macos/build/DerivedData/ModuleCache.noindex/simd-6TMKYE1JNEKZOB9PVC9INURT3.pcm /Users/geraltgraham/Codes/CPUKiller/app-macos/build/DerivedData/ModuleCache.noindex/IOKit-2YEOVPPRUD77T2A0Q9B54PU73.pcm /Users/geraltgraham/Codes/CPUKiller/app-macos/build/DerivedData/ModuleCache.noindex/DeveloperToolsSupport-BKAYP7F7IC7WKI9395X94PF6J.pcm /Users/geraltgraham/Codes/CPUKiller/app-macos/build/DerivedData/ModuleCache.noindex/_DarwinFoundation1-F1OE3PTTYT2N266Q4JXJBUZZG.pcm /Users/geraltgraham/Codes/CPUKiller/app-macos/build/DerivedData/ModuleCache.noindex/CoreGraphics-C4EM545Z6O2DMEA7HJITDDAVB.pcm /Users/geraltgraham/Codes/CPUKiller/app-macos/build/DerivedData/ModuleCache.noindex/ColorSync-834VUPYVFTRJ0IQDYY8GZ7V0V.pcm /Users/geraltgraham/Codes/CPUKiller/app-macos/build/DerivedData/ModuleCache.noindex/CoreText-Z33538813L3U8TTDTATH1ESD.pcm /Users/geraltgraham/Codes/CPUKiller/app-macos/build/DerivedData/ModuleCache.noindex/CoreData-AB77E4FNNEE23XNXM2PQ00HYU.pcm /Users/geraltgraham/Codes/CPUKiller/app-macos/build/DerivedData/ModuleCache.noindex/_Builtin_inttypes-8D4J7PVSP78TEW9GODCS4RDZ6.pcm /Users/geraltgraham/Codes/CPUKiller/app-macos/build/DerivedData/ModuleCache.noindex/XPC-4JQFBWHGK83OFJOCSK4RGC5Q5.pcm /Users/geraltgraham/Codes/CPUKiller/app-macos/build/DerivedData/ModuleCache.noindex/_Builtin_stddef-EF0O9O0K20UL7VEX6GIYUUJJY.pcm /Users/geraltgraham/Codes/CPUKiller/app-macos/build/DerivedData/ModuleCache.noindex/launch-3I7M9M63UCJ6Y6E24O7RZM3U5.pcm /Users/geraltgraham/Codes/CPUKiller/app-macos/build/DerivedData/ModuleCache.noindex/_Builtin_stdint-8RCQRNM4E8VSO0K9ACE13AFZT.pcm /Users/geraltgraham/Codes/CPUKiller/app-macos/build/DerivedData/ModuleCache.noindex/SwiftUICore-PNVQ464BWNNKXR9UEN1X4U7B.pcm /Users/geraltgraham/Codes/CPUKiller/app-macos/build/DerivedData/ModuleCache.noindex/_Builtin_intrinsics-3529X2JAWRUB4CNZNYF0ZJSQE.pcm /Users/geraltgraham/Codes/CPUKiller/app-macos/build/DerivedData/ModuleCache.noindex/ptrcheck-7HXSO3KC6WATJ2CB84XSFQLX4.pcm /Users/geraltgraham/Codes/CPUKiller/app-macos/build/DerivedData/ModuleCache.noindex/OpenGL-ZCMW8RZYGSA55SOY5O8OOPYJ.pcm /Users/geraltgraham/Codes/CPUKiller/app-macos/build/DerivedData/ModuleCache.noindex/SwiftShims-5EHJJ6UM4UGURT6WDI783HEFO.pcm /Users/geraltgraham/Codes/CPUKiller/app-macos/build/DerivedData/ModuleCache.noindex/Symbols-EYQDT7HXWA1V6VAE7HOXJCRVV.pcm /Users/geraltgraham/Codes/CPUKiller/app-macos/build/DerivedData/ModuleCache.noindex/CUPS-65W8D9TXFDWPNU5CMAJ9NNADH.pcm /Users/geraltgraham/Codes/CPUKiller/app-macos/build/DerivedData/ModuleCache.noindex/UniformTypeIdentifiers-BJYGHYOMAY3WP560NXJOQ8MEI.pcm /Users/geraltgraham/Codes/CPUKiller/app-macos/build/DerivedData/ModuleCache.noindex/MachO-8F1VPFSZK8W4NXTYSH2P0MBE8.pcm /Users/geraltgraham/Codes/CPUKiller/app-macos/build/DerivedData/ModuleCache.noindex/Foundation-1BO2HMOUGE389B8YGIVYF9A6B.pcm /Users/geraltgraham/Codes/CPUKiller/app-macos/build/DerivedData/Build/Intermediates.noindex/MacKit.build/Release/MacKitLifecycle.build/Objects-normal/x86_64/MacKitLifecycle-dependencies-2.json (in target 'MacKitLifecycle' from project 'MacKit')

CompileSwift normal x86_64 (in target 'MacKitLifecycle' from project 'MacKit')
    cd /Users/geraltgraham/Codes/CPUKiller/app-macos/MacResourceMonitor.xcodeproj
    

SwiftCompile normal arm64 Compiling\ OutsideClickMonitor.swift /Users/geraltgraham/Codes/CPUKiller/app-macos/build/DerivedData/SourcePackages/checkouts/mac-kit-swift/Sources/MacKitOverlay/OutsideClickMonitor.swift /Applications/Xcode.app/Contents/Developer/Toolchains/XcodeDefault.xctoolchain/usr/lib/swift/macosx/prebuilt-modules/26.2/_StringProcessing.swiftmodule/arm64e-apple-macos.swiftmodule /Applications/Xcode.app/Contents/Developer/Toolchains/XcodeDefault.xctoolchain/usr/lib/swift/macosx/prebuilt-modules/26.2/Swift.swiftmodule/arm64e-apple-macos.swiftmodule /Applications/Xcode.app/Contents/Developer/Toolchains/XcodeDefault.xctoolchain/usr/lib/swift/macosx/prebuilt-modules/26.2/CoreTransferable.swiftmodule/arm64e-apple-macos.swiftmodule /Applications/Xcode.app/Contents/Developer/Toolchains/XcodeDefault.xctoolchain/usr/lib/swift/macosx/prebuilt-modules/26.2/os.swiftmodule/arm64e-apple-macos.swiftmodule /Applications/Xcode.app/Contents/Developer/Toolchains/XcodeDefault.xctoolchain/usr/lib/swift/macosx/prebuilt-modules/26.2/CoreText.swiftmodule/arm64e-apple-macos.swiftmodule /Applications/Xcode.app/Contents/Developer/Toolchains/XcodeDefault.xctoolchain/usr/lib/swift/macosx/prebuilt-modules/26.2/CoreData.swiftmodule/arm64e-apple-macos.swiftmodule /Applications/Xcode.app/Contents/Developer/Toolchains/XcodeDefault.xctoolchain/usr/lib/swift/macosx/prebuilt-modules/26.2/Metal.swiftmodule/arm64e-apple-macos.swiftmodule /Applications/Xcode.app/Contents/Developer/Toolchains/XcodeDefault.xctoolchain/usr/lib/swift/macosx/prebuilt-modules/26.2/System.swiftmodule/arm64e-apple-macos.swiftmodule /Applications/Xcode.app/Contents/Developer/Toolchains/XcodeDefault.xctoolchain/usr/lib/swift/macosx/prebuilt-modules/26.2/DeveloperToolsSupport.swiftmodule/arm64e-apple-macos.swiftmodule /Applications/Xcode.app/Contents/Developer/Toolchains/XcodeDefault.xctoolchain/usr/lib/swift/macosx/prebuilt-modules/26.2/CoreVideo.swiftmodule/arm64e-apple-macos.swiftmodule /Applications/Xcode.app/Contents/Developer/Toolchains/XcodeDefault.xctoolchain/usr/lib/swift/macosx/prebuilt-modules/26.2/UniformTypeIdentifiers.swiftmodule/arm64e-apple-macos.swiftmodule /Applications/Xcode.app/Contents/Developer/Toolchains/XcodeDefault.xctoolchain/usr/lib/swift/macosx/prebuilt-modules/26.2/Darwin.swiftmodule/arm64e-apple-macos.swiftmodule /Applications/Xcode.app/Contents/Developer/Toolchains/XcodeDefault.xctoolchain/usr/lib/swift/macosx/prebuilt-modules/26.2/OSLog.swiftmodule/arm64e-apple-macos.swiftmodule /Applications/Xcode.app/Contents/Developer/Toolchains/XcodeDefault.xctoolchain/usr/lib/swift/macosx/prebuilt-modules/26.2/_Builtin_float.swiftmodule/arm64e-apple-macos.swiftmodule /Applications/Xcode.app/Contents/Developer/Toolchains/XcodeDefault.xctoolchain/usr/lib/swift/macosx/prebuilt-modules/26.2/_DarwinFoundation3.swiftmodule/arm64e-apple-macos.swiftmodule /Applications/Xcode.app/Contents/Developer/Toolchains/XcodeDefault.xctoolchain/usr/lib/swift/macosx/prebuilt-modules/26.2/Dispatch.swiftmodule/arm64e-apple-macos.swiftmodule /Users/geraltgraham/Codes/CPUKiller/app-macos/build/DerivedData/Build/Products/Release/MacKitCore.swiftmodule/arm64-apple-macos.swiftmodule /Applications/Xcode.app/Contents/Developer/Toolchains/XcodeDefault.xctoolchain/usr/lib/swift/macosx/prebuilt-modules/26.2/CoreFoundation.swiftmodule/arm64e-apple-macos.swiftmodule /Applications/Xcode.app/Contents/Developer/Toolchains/XcodeDefault.xctoolchain/usr/lib/swift/macosx/prebuilt-modules/26.2/CoreImage.swiftmodule/arm64e-apple-macos.swiftmodule /Applications/Xcode.app/Contents/Developer/Toolchains/XcodeDefault.xctoolchain/usr/lib/swift/macosx/prebuilt-modules/26.2/_DarwinFoundation2.swiftmodule/arm64e-apple-macos.swiftmodule /Applications/Xcode.app/Contents/Developer/Toolchains/XcodeDefault.xctoolchain/usr/lib/swift/macosx/prebuilt-modules/26.2/IOKit.swiftmodule/arm64e-apple-macos.swiftmodule /Applications/Xcode.app/Contents/Developer/Toolchains/XcodeDefault.xctoolchain/usr/lib/swift/macosx/prebuilt-modules/26.2/SwiftUICore.swiftmodule/arm64e-apple-macos.swiftmodule /Applications/Xcode.app/Contents/Developer/Toolchains/XcodeDefault.xctoolchain/usr/lib/swift/macosx/prebuilt-modules/26.2/Foundation.swiftmodule/arm64e-apple-macos.swiftmodule /Applications/Xcode.app/Contents/Developer/Toolchains/XcodeDefault.xctoolchain/usr/lib/swift/macosx/prebuilt-modules/26.2/simd.swiftmodule/arm64e-apple-macos.swiftmodule /Applications/Xcode.app/Contents/Developer/Toolchains/XcodeDefault.xctoolchain/usr/lib/swift/macosx/prebuilt-modules/26.2/AppKit.swiftmodule/arm64e-apple-macos.swiftmodule /Applications/Xcode.app/Contents/Developer/Toolchains/XcodeDefault.xctoolchain/usr/lib/swift/macosx/prebuilt-modules/26.2/QuartzCore.swiftmodule/arm64e-apple-macos.swiftmodule /Applications/Xcode.app/Contents/Developer/Toolchains/XcodeDefault.xctoolchain/usr/lib/swift/macosx/prebuilt-modules/26.2/_Concurrency.swiftmodule/arm64e-apple-macos.swiftmodule /Applications/Xcode.app/Contents/Developer/Toolchains/XcodeDefault.xctoolchain/usr/lib/swift/macosx/prebuilt-modules/26.2/_DarwinFoundation1.swiftmodule/arm64e-apple-macos.swiftmodule /Applications/Xcode.app/Contents/Developer/Toolchains/XcodeDefault.xctoolchain/usr/lib/swift/macosx/prebuilt-modules/26.2/Combine.swiftmodule/arm64e-apple-macos.swiftmodule /Applications/Xcode.app/Contents/Developer/Toolchains/XcodeDefault.xctoolchain/usr/lib/swift/macosx/prebuilt-modules/26.2/ObjectiveC.swiftmodule/arm64e-apple-macos.swiftmodule /Applications/Xcode.app/Contents/Developer/Toolchains/XcodeDefault.xctoolchain/usr/lib/swift/macosx/prebuilt-modules/26.2/XPC.swiftmodule/arm64e-apple-macos.swiftmodule /Applications/Xcode.app/Contents/Developer/Toolchains/XcodeDefault.xctoolchain/usr/lib/swift/macosx/prebuilt-modules/26.2/Symbols.swiftmodule/arm64e-apple-macos.swiftmodule /Applications/Xcode.app/Contents/Developer/Toolchains/XcodeDefault.xctoolchain/usr/lib/swift/macosx/prebuilt-modules/26.2/Observation.swiftmodule/arm64e-apple-macos.swiftmodule /Applications/Xcode.app/Contents/Developer/Toolchains/XcodeDefault.xctoolchain/usr/lib/swift/macosx/prebuilt-modules/26.2/CoreGraphics.swiftmodule/arm64e-apple-macos.swiftmodule /Applications/Xcode.app/Contents/Developer/Toolchains/XcodeDefault.xctoolchain/usr/lib/swift/macosx/prebuilt-modules/26.2/DataDetection.swiftmodule/arm64e-apple-macos.swiftmodule /Applications/Xcode.app/Contents/Developer/Toolchains/XcodeDefault.xctoolchain/usr/lib/swift/macosx/prebuilt-modules/26.2/Accessibility.swiftmodule/arm64e-apple-macos.swiftmodule /Users/geraltgraham/Codes/CPUKiller/app-macos/build/DerivedData/ModuleCache.noindex/QuartzCore-E1P6HS1F5UFHROW74XJ74B67A.pcm /Users/geraltgraham/Codes/CPUKiller/app-macos/build/DerivedData/ModuleCache.noindex/ptrauth-2PV9D3IY0IDFXISAPZZOPG4BK.pcm /Users/geraltgraham/Codes/CPUKiller/app-macos/build/DerivedData/ModuleCache.noindex/SwiftUICore-2B1IQ71L3BCK8R38KD4YKG19P.pcm /Users/geraltgraham/Codes/CPUKiller/app-macos/build/DerivedData/ModuleCache.noindex/IOSurface-9GITNS51N1HGQU67MN6PKN22F.pcm /Users/geraltgraham/Codes/CPUKiller/app-macos/build/DerivedData/ModuleCache.noindex/ptrcheck-A433K8CCQMWG8U41FBM6RMKOU.pcm /Users/geraltgraham/Codes/CPUKiller/app-macos/build/DerivedData/ModuleCache.noindex/SwiftShims-6QJJCK6N4HGMVIR0W35XGNH99.pcm /Users/geraltgraham/Codes/CPUKiller/app-macos/build/DerivedData/ModuleCache.noindex/MachO-1A8WDCH3ZQTZXTFCEZ4AKFD8.pcm /Users/geraltgraham/Codes/CPUKiller/app-macos/build/DerivedData/ModuleCache.noindex/IOKit-295X47CQRPV9GOIDOU6261HB7.pcm /Users/geraltgraham/Codes/CPUKiller/app-macos/build/DerivedData/ModuleCache.noindex/OpenGL-8YTE7OM1KBMJ2UCF7V26XD8VZ.pcm /Users/geraltgraham/Codes/CPUKiller/app-macos/build/DerivedData/ModuleCache.noindex/libDER-92CPAOEYUHPVKBFHXZHR36VIY.pcm /Users/geraltgraham/Codes/CPUKiller/app-macos/build/DerivedData/ModuleCache.noindex/_Builtin_limits-3FLGP92K105V5NZU3CAUBCDIP.pcm /Users/geraltgraham/Codes/CPUKiller/app-macos/build/DerivedData/ModuleCache.noindex/DataDetection-4Q88WIT0OXSFQKJKA9QTPAUPW.pcm /Users/geraltgraham/Codes/CPUKiller/app-macos/build/DerivedData/ModuleCache.noindex/simd-BPJ5HFALFVQZOPVKOW3HCKQE6.pcm /Users/geraltgraham/Codes/CPUKiller/app-macos/build/DerivedData/ModuleCache.noindex/_DarwinFoundation3-2HZ55IY4BAGADBBEPXSM8EU2I.pcm /Users/geraltgraham/Codes/CPUKiller/app-macos/build/DerivedData/ModuleCache.noindex/Symbols-9KSA9LATT5G53MKZ1GMVEUDH6.pcm /Users/geraltgraham/Codes/CPUKiller/app-macos/build/DerivedData/ModuleCache.noindex/_AvailabilityInternal-C1SN215U497T520NB3NDFWGIX.pcm /Users/geraltgraham/Codes/CPUKiller/app-macos/build/DerivedData/ModuleCache.noindex/Darwin-585NMT2REGNKHDIPSOX8HH0DW.pcm /Users/geraltgraham/Codes/CPUKiller/app-macos/build/DerivedData/ModuleCache.noindex/_Builtin_stdatomic-EET65OSTPT6786XT2MQRCG3S9.pcm /Users/geraltgraham/Codes/CPUKiller/app-macos/build/DerivedData/ModuleCache.noindex/ImageIO-A0Q0YUF4WEEQKQSU1GAYNRQL9.pcm /Users/geraltgraham/Codes/CPUKiller/app-macos/build/DerivedData/ModuleCache.noindex/CoreServices-CJ4L8RUPIBVJW3S5ICJ0NPJIE.pcm /Users/geraltgraham/Codes/CPUKiller/app-macos/build/DerivedData/ModuleCache.noindex/Accessibility-C1JJ2X4OKGWW6NKDPSB0YYOIJ.pcm /Users/geraltgraham/Codes/CPUKiller/app-macos/build/DerivedData/ModuleCache.noindex/Security-4W2RUZPM0UMSHBL3IMD78WD5L.pcm /Users/geraltgraham/Codes/CPUKiller/app-macos/build/DerivedData/ModuleCache.noindex/_Builtin_stdint-ES7ENVO1KRMAE031B421N4VKD.pcm /Users/geraltgraham/Codes/CPUKiller/app-macos/build/DerivedData/ModuleCache.noindex/DeveloperToolsSupport-5FML1DDWTGSNTEMISJW6PO5EC.pcm /Users/geraltgraham/Codes/CPUKiller/app-macos/build/DerivedData/ModuleCache.noindex/_Builtin_stdarg-CEKV28JNEVJH7B0F4GVIHPSCG.pcm /Users/geraltgraham/Codes/CPUKiller/app-macos/build/DerivedData/ModuleCache.noindex/CUPS-CBB6HCZ322GLMFTUEZXY0H9MH.pcm /Users/geraltgraham/Codes/CPUKiller/app-macos/build/DerivedData/ModuleCache.noindex/CoreGraphics-8HWDL16R0Z7RU4NT552VOKG7Z.pcm /Users/geraltgraham/Codes/CPUKiller/app-macos/build/DerivedData/ModuleCache.noindex/launch-7OFFNIU9TF0W936BQL1ZBLTPB.pcm /Users/geraltgraham/Codes/CPUKiller/app-macos/build/DerivedData/ModuleCache.noindex/CoreText-8PJHBQIZE8C788S87FKMMCRAN.pcm /Users/geraltgraham/Codes/CPUKiller/app-macos/build/DerivedData/ModuleCache.noindex/Foundation-83MXW86TRUHZ8JM11NQ83FIPJ.pcm /Users/geraltgraham/Codes/CPUKiller/app-macos/build/DerivedData/ModuleCache.noindex/Metal-6OH3O9NLYUM6G8MYU4SB3G7AM.pcm /Users/geraltgraham/Codes/CPUKiller/app-macos/build/DerivedData/ModuleCache.noindex/_DarwinFoundation1-CAZKEHPNVJ1G1VL16I7KUUIB2.pcm /Users/geraltgraham/Codes/CPUKiller/app-macos/build/DerivedData/ModuleCache.noindex/CoreTransferable-CX5Z39MXJNFJVTBL98RYB1HZ8.pcm /Users/geraltgraham/Codes/CPUKiller/app-macos/build/DerivedData/ModuleCache.noindex/_DarwinFoundation2-8UFDX3XEY0LQBA65GY9CS5L9B.pcm /Users/geraltgraham/Codes/CPUKiller/app-macos/build/DerivedData/ModuleCache.noindex/sys_types-R1VRKBYKJ71EMKRLNHHS9PN1.pcm /Users/geraltgraham/Codes/CPUKiller/app-macos/build/DerivedData/ModuleCache.noindex/UniformTypeIdentifiers-1Q07MN6YLIG82UFP6OHW42U0I.pcm /Users/geraltgraham/Codes/CPUKiller/app-macos/build/DerivedData/ModuleCache.noindex/_SwiftConcurrencyShims-2VMW40U7UNOWDDWUX97WLSQLM.pcm /Users/geraltgraham/Codes/CPUKiller/app-macos/build/DerivedData/ModuleCache.noindex/CoreData-QK58EDS79TWUBW76MJ9LW536.pcm /Users/geraltgraham/Codes/CPUKiller/app-macos/build/DerivedData/ModuleCache.noindex/_Builtin_intrinsics-9XWEXEY39V6GJBB0HFJHFMGF1.pcm /Users/geraltgraham/Codes/CPUKiller/app-macos/build/DerivedData/ModuleCache.noindex/_Builtin_tgmath-BURGNKO6YQ0DKL2DVGZQ1U2J7.pcm /Users/geraltgraham/Codes/CPUKiller/app-macos/build/DerivedData/ModuleCache.noindex/CoreImage-DXQLZLNJ7EADVAKQQX45SE0LI.pcm /Users/geraltgraham/Codes/CPUKiller/app-macos/build/DerivedData/ModuleCache.noindex/libkern-2BGDMGYSIKVVLHEVZWH780WKP.pcm /Users/geraltgraham/Codes/CPUKiller/app-macos/build/DerivedData/ModuleCache.noindex/OSLog-8V1QXKZU5ZBF4LE99DLFU7DLI.pcm /Users/geraltgraham/Codes/CPUKiller/app-macos/build/DerivedData/ModuleCache.noindex/os-61CSEHX1QXBPM3S1O5BG14VSE.pcm /Users/geraltgraham/Codes/CPUKiller/app-macos/build/DerivedData/ModuleCache.noindex/_Builtin_inttypes-1KXANVN8QY2FKXLBILKMS8XKV.pcm /Users/geraltgraham/Codes/CPUKiller/app-macos/build/DerivedData/ModuleCache.noindex/XPC-2RAWVVM3MG0MI4T1UUN55E5WA.pcm /Users/geraltgraham/Codes/CPUKiller/app-macos/build/DerivedData/ModuleCache.noindex/_Builtin_float-3UBFMRHQZKYJAYUJEMAE0QESH.pcm /Users/geraltgraham/Codes/CPUKiller/app-macos/build/DerivedData/ModuleCache.noindex/ApplicationServices-1KLL62OFZ637BO8XFYK3JOQK1.pcm /Users/geraltgraham/Codes/CPUKiller/app-macos/build/DerivedData/ModuleCache.noindex/Dispatch-DY5H6ZBBNHF5F90W18H34UQ0P.pcm /Users/geraltgraham/Codes/CPUKiller/app-macos/build/DerivedData/ModuleCache.noindex/AppKit-8ARDI0N1SIGEH3GDYXBKRFYN4.pcm /Users/geraltgraham/Codes/CPUKiller/app-macos/build/DerivedData/ModuleCache.noindex/DiskArbitration-51WUS5IYOIU2QKX3M34HBAZX6.pcm /Users/geraltgraham/Codes/CPUKiller/app-macos/build/DerivedData/ModuleCache.noindex/CoreFoundation-F4SHXSZG07U9EIXBN02LWIYT2.pcm /Users/geraltgraham/Codes/CPUKiller/app-macos/build/DerivedData/ModuleCache.noindex/_Builtin_stdbool-2CXP9FGOFWNUSH8JNWXX6CXE9.pcm /Users/geraltgraham/Codes/CPUKiller/app-macos/build/DerivedData/ModuleCache.noindex/CoreVideo-7QDLWWYFUZ7V0445RBZ4BIGQ5.pcm /Users/geraltgraham/Codes/CPUKiller/app-macos/build/DerivedData/ModuleCache.noindex/os_workgroup-OT8FQX5YG5UA57ND61SFZAI.pcm /Users/geraltgraham/Codes/CPUKiller/app-macos/build/DerivedData/ModuleCache.noindex/CFNetwork-9VX8ETKZUMNVYAM0MU5NBBK3U.pcm /Users/geraltgraham/Codes/CPUKiller/app-macos/build/DerivedData/ModuleCache.noindex/ColorSync-1ZEW5299PZ03BDW7KG7HXFKOX.pcm /Users/geraltgraham/Codes/CPUKiller/app-macos/build/DerivedData/ModuleCache.noindex/os_object-778IUJ6P88EWXH92OZLEBG58N.pcm /Users/geraltgraham/Codes/CPUKiller/app-macos/build/DerivedData/ModuleCache.noindex/ObjectiveC-B79HKZ0NN2ATT9HZ2DOXZ6GLA.pcm /Users/geraltgraham/Codes/CPUKiller/app-macos/build/DerivedData/ModuleCache.noindex/_Builtin_stddef-DA80TFX1ST6YS430PRF5KGABO.pcm /Users/geraltgraham/Codes/CPUKiller/app-macos/build/DerivedData/Build/Intermediates.noindex/MacKit.build/Release/MacKitOverlay.build/Objects-normal/arm64/MacKitOverlay-dependencies-2.json (in target 'MacKitOverlay' from project 'MacKit')
SwiftCompile normal arm64 /Users/geraltgraham/Codes/CPUKiller/app-macos/build/DerivedData/SourcePackages/checkouts/mac-kit-swift/Sources/MacKitOverlay/OutsideClickMonitor.swift (in target 'MacKitOverlay' from project 'MacKit')
    cd /Users/geraltgraham/Codes/CPUKiller/app-macos/MacResourceMonitor.xcodeproj
    

SwiftCompile normal arm64 Compiling\ AccessoryActivationSession.swift,\ AutofillHeuristicGuard.swift,\ LoginLaunchDetector.swift,\ TerminationGuard.swift /Users/geraltgraham/Codes/CPUKiller/app-macos/build/DerivedData/SourcePackages/checkouts/mac-kit-swift/Sources/MacKitLifecycle/AccessoryActivationSession.swift /Users/geraltgraham/Codes/CPUKiller/app-macos/build/DerivedData/SourcePackages/checkouts/mac-kit-swift/Sources/MacKitLifecycle/AutofillHeuristicGuard.swift /Users/geraltgraham/Codes/CPUKiller/app-macos/build/DerivedData/SourcePackages/checkouts/mac-kit-swift/Sources/MacKitLifecycle/LoginLaunchDetector.swift /Users/geraltgraham/Codes/CPUKiller/app-macos/build/DerivedData/SourcePackages/checkouts/mac-kit-swift/Sources/MacKitLifecycle/TerminationGuard.swift /Applications/Xcode.app/Contents/Developer/Toolchains/XcodeDefault.xctoolchain/usr/lib/swift/macosx/prebuilt-modules/26.2/DeveloperToolsSupport.swiftmodule/arm64e-apple-macos.swiftmodule /Applications/Xcode.app/Contents/Developer/Toolchains/XcodeDefault.xctoolchain/usr/lib/swift/macosx/prebuilt-modules/26.2/CoreFoundation.swiftmodule/arm64e-apple-macos.swiftmodule /Applications/Xcode.app/Contents/Developer/Toolchains/XcodeDefault.xctoolchain/usr/lib/swift/macosx/prebuilt-modules/26.2/os.swiftmodule/arm64e-apple-macos.swiftmodule /Applications/Xcode.app/Contents/Developer/Toolchains/XcodeDefault.xctoolchain/usr/lib/swift/macosx/prebuilt-modules/26.2/Metal.swiftmodule/arm64e-apple-macos.swiftmodule /Applications/Xcode.app/Contents/Developer/Toolchains/XcodeDefault.xctoolchain/usr/lib/swift/macosx/prebuilt-modules/26.2/Dispatch.swiftmodule/arm64e-apple-macos.swiftmodule /Applications/Xcode.app/Contents/Developer/Toolchains/XcodeDefault.xctoolchain/usr/lib/swift/macosx/prebuilt-modules/26.2/Foundation.swiftmodule/arm64e-apple-macos.swiftmodule /Applications/Xcode.app/Contents/Developer/Toolchains/XcodeDefault.xctoolchain/usr/lib/swift/macosx/prebuilt-modules/26.2/Observation.swiftmodule/arm64e-apple-macos.swiftmodule /Applications/Xcode.app/Contents/Developer/Toolchains/XcodeDefault.xctoolchain/usr/lib/swift/macosx/prebuilt-modules/26.2/simd.swiftmodule/arm64e-apple-macos.swiftmodule /Applications/Xcode.app/Contents/Developer/Toolchains/XcodeDefault.xctoolchain/usr/lib/swift/macosx/prebuilt-modules/26.2/XPC.swiftmodule/arm64e-apple-macos.swiftmodule /Applications/Xcode.app/Contents/Developer/Toolchains/XcodeDefault.xctoolchain/usr/lib/swift/macosx/prebuilt-modules/26.2/QuartzCore.swiftmodule/arm64e-apple-macos.swiftmodule /Applications/Xcode.app/Contents/Developer/Toolchains/XcodeDefault.xctoolchain/usr/lib/swift/macosx/prebuilt-modules/26.2/SwiftUICore.swiftmodule/arm64e-apple-macos.swiftmodule /Applications/Xcode.app/Contents/Developer/Toolchains/XcodeDefault.xctoolchain/usr/lib/swift/macosx/prebuilt-modules/26.2/AppKit.swiftmodule/arm64e-apple-macos.swiftmodule /Applications/Xcode.app/Contents/Developer/Toolchains/XcodeDefault.xctoolchain/usr/lib/swift/macosx/prebuilt-modules/26.2/IOKit.swiftmodule/arm64e-apple-macos.swiftmodule /Applications/Xcode.app/Contents/Developer/Toolchains/XcodeDefault.xctoolchain/usr/lib/swift/macosx/prebuilt-modules/26.2/CoreVideo.swiftmodule/arm64e-apple-macos.swiftmodule /Applications/Xcode.app/Contents/Developer/Toolchains/XcodeDefault.xctoolchain/usr/lib/swift/macosx/prebuilt-modules/26.2/Darwin.swiftmodule/arm64e-apple-macos.swiftmodule /Applications/Xcode.app/Contents/Developer/Toolchains/XcodeDefault.xctoolchain/usr/lib/swift/macosx/prebuilt-modules/26.2/System.swiftmodule/arm64e-apple-macos.swiftmodule /Applications/Xcode.app/Contents/Developer/Toolchains/XcodeDefault.xctoolchain/usr/lib/swift/macosx/prebuilt-modules/26.2/_Builtin_float.swiftmodule/arm64e-apple-macos.swiftmodule /Applications/Xcode.app/Contents/Developer/Toolchains/XcodeDefault.xctoolchain/usr/lib/swift/macosx/prebuilt-modules/26.2/_DarwinFoundation2.swiftmodule/arm64e-apple-macos.swiftmodule /Applications/Xcode.app/Contents/Developer/Toolchains/XcodeDefault.xctoolchain/usr/lib/swift/macosx/prebuilt-modules/26.2/Combine.swiftmodule/arm64e-apple-macos.swiftmodule /Applications/Xcode.app/Contents/Developer/Toolchains/XcodeDefault.xctoolchain/usr/lib/swift/macosx/prebuilt-modules/26.2/CoreText.swiftmodule/arm64e-apple-macos.swiftmodule /Applications/Xcode.app/Contents/Developer/Toolchains/XcodeDefault.xctoolchain/usr/lib/swift/macosx/prebuilt-modules/26.2/_Concurrency.swiftmodule/arm64e-apple-macos.swiftmodule /Applications/Xcode.app/Contents/Developer/Toolchains/XcodeDefault.xctoolchain/usr/lib/swift/macosx/prebuilt-modules/26.2/CoreGraphics.swiftmodule/arm64e-apple-macos.swiftmodule /Applications/Xcode.app/Contents/Developer/Toolchains/XcodeDefault.xctoolchain/usr/lib/swift/macosx/prebuilt-modules/26.2/Swift.swiftmodule/arm64e-apple-macos.swiftmodule /Applications/Xcode.app/Contents/Developer/Toolchains/XcodeDefault.xctoolchain/usr/lib/swift/macosx/prebuilt-modules/26.2/UniformTypeIdentifiers.swiftmodule/arm64e-apple-macos.swiftmodule /Applications/Xcode.app/Contents/Developer/Toolchains/XcodeDefault.xctoolchain/usr/lib/swift/macosx/prebuilt-modules/26.2/CoreTransferable.swiftmodule/arm64e-apple-macos.swiftmodule /Applications/Xcode.app/Contents/Developer/Toolchains/XcodeDefault.xctoolchain/usr/lib/swift/macosx/prebuilt-modules/26.2/ObjectiveC.swiftmodule/arm64e-apple-macos.swiftmodule /Applications/Xcode.app/Contents/Developer/Toolchains/XcodeDefault.xctoolchain/usr/lib/swift/macosx/prebuilt-modules/26.2/OSLog.swiftmodule/arm64e-apple-macos.swiftmodule /Applications/Xcode.app/Contents/Developer/Toolchains/XcodeDefault.xctoolchain/usr/lib/swift/macosx/prebuilt-modules/26.2/CoreData.swiftmodule/arm64e-apple-macos.swiftmodule /Applications/Xcode.app/Contents/Developer/Toolchains/XcodeDefault.xctoolchain/usr/lib/swift/macosx/prebuilt-modules/26.2/_StringProcessing.swiftmodule/arm64e-apple-macos.swiftmodule /Applications/Xcode.app/Contents/Developer/Toolchains/XcodeDefault.xctoolchain/usr/lib/swift/macosx/prebuilt-modules/26.2/_DarwinFoundation3.swiftmodule/arm64e-apple-macos.swiftmodule /Applications/Xcode.app/Contents/Developer/Toolchains/XcodeDefault.xctoolchain/usr/lib/swift/macosx/prebuilt-modules/26.2/CoreImage.swiftmodule/arm64e-apple-macos.swiftmodule /Applications/Xcode.app/Contents/Developer/Toolchains/XcodeDefault.xctoolchain/usr/lib/swift/macosx/prebuilt-modules/26.2/DataDetection.swiftmodule/arm64e-apple-macos.swiftmodule /Applications/Xcode.app/Contents/Developer/Toolchains/XcodeDefault.xctoolchain/usr/lib/swift/macosx/prebuilt-modules/26.2/_DarwinFoundation1.swiftmodule/arm64e-apple-macos.swiftmodule /Applications/Xcode.app/Contents/Developer/Toolchains/XcodeDefault.xctoolchain/usr/lib/swift/macosx/prebuilt-modules/26.2/Accessibility.swiftmodule/arm64e-apple-macos.swiftmodule /Applications/Xcode.app/Contents/Developer/Toolchains/XcodeDefault.xctoolchain/usr/lib/swift/macosx/prebuilt-modules/26.2/Symbols.swiftmodule/arm64e-apple-macos.swiftmodule /Users/geraltgraham/Codes/CPUKiller/app-macos/build/DerivedData/ModuleCache.noindex/_Builtin_limits-3FLGP92K105V5NZU3CAUBCDIP.pcm /Users/geraltgraham/Codes/CPUKiller/app-macos/build/DerivedData/ModuleCache.noindex/sys_types-R1VRKBYKJ71EMKRLNHHS9PN1.pcm /Users/geraltgraham/Codes/CPUKiller/app-macos/build/DerivedData/ModuleCache.noindex/os_object-778IUJ6P88EWXH92OZLEBG58N.pcm /Users/geraltgraham/Codes/CPUKiller/app-macos/build/DerivedData/ModuleCache.noindex/_Builtin_inttypes-1KXANVN8QY2FKXLBILKMS8XKV.pcm /Users/geraltgraham/Codes/CPUKiller/app-macos/build/DerivedData/ModuleCache.noindex/ColorSync-1ZEW5299PZ03BDW7KG7HXFKOX.pcm /Users/geraltgraham/Codes/CPUKiller/app-macos/build/DerivedData/ModuleCache.noindex/os_workgroup-OT8FQX5YG5UA57ND61SFZAI.pcm /Users/geraltgraham/Codes/CPUKiller/app-macos/build/DerivedData/ModuleCache.noindex/_Builtin_stdint-ES7ENVO1KRMAE031B421N4VKD.pcm /Users/geraltgraham/Codes/CPUKiller/app-macos/build/DerivedData/ModuleCache.noindex/_Builtin_stddef-DA80TFX1ST6YS430PRF5KGABO.pcm /Users/geraltgraham/Codes/CPUKiller/app-macos/build/DerivedData/ModuleCache.noindex/_Builtin_float-3UBFMRHQZKYJAYUJEMAE0QESH.pcm /Users/geraltgraham/Codes/CPUKiller/app-macos/build/DerivedData/ModuleCache.noindex/os-61CSEHX1QXBPM3S1O5BG14VSE.pcm /Users/geraltgraham/Codes/CPUKiller/app-macos/build/DerivedData/ModuleCache.noindex/libkern-2BGDMGYSIKVVLHEVZWH780WKP.pcm /Users/geraltgraham/Codes/CPUKiller/app-macos/build/DerivedData/ModuleCache.noindex/AppKit-8ARDI0N1SIGEH3GDYXBKRFYN4.pcm /Users/geraltgraham/Codes/CPUKiller/app-macos/build/DerivedData/ModuleCache.noindex/launch-7OFFNIU9TF0W936BQL1ZBLTPB.pcm /Users/geraltgraham/Codes/CPUKiller/app-macos/build/DerivedData/ModuleCache.noindex/CoreText-8PJHBQIZE8C788S87FKMMCRAN.pcm /Users/geraltgraham/Codes/CPUKiller/app-macos/build/DerivedData/ModuleCache.noindex/ImageIO-A0Q0YUF4WEEQKQSU1GAYNRQL9.pcm /Users/geraltgraham/Codes/CPUKiller/app-macos/build/DerivedData/ModuleCache.noindex/MachO-1A8WDCH3ZQTZXTFCEZ4AKFD8.pcm /Users/geraltgraham/Codes/CPUKiller/app-macos/build/DerivedData/ModuleCache.noindex/XPC-2RAWVVM3MG0MI4T1UUN55E5WA.pcm /Users/geraltgraham/Codes/CPUKiller/app-macos/build/DerivedData/ModuleCache.noindex/_DarwinFoundation1-CAZKEHPNVJ1G1VL16I7KUUIB2.pcm /Users/geraltgraham/Codes/CPUKiller/app-macos/build/DerivedData/ModuleCache.noindex/SwiftShims-6QJJCK6N4HGMVIR0W35XGNH99.pcm /Users/geraltgraham/Codes/CPUKiller/app-macos/build/DerivedData/ModuleCache.noindex/UniformTypeIdentifiers-1Q07MN6YLIG82UFP6OHW42U0I.pcm /Users/geraltgraham/Codes/CPUKiller/app-macos/build/DerivedData/ModuleCache.noindex/Accessibility-C1JJ2X4OKGWW6NKDPSB0YYOIJ.pcm /Users/geraltgraham/Codes/CPUKiller/app-macos/build/DerivedData/ModuleCache.noindex/CFNetwork-9VX8ETKZUMNVYAM0MU5NBBK3U.pcm /Users/geraltgraham/Codes/CPUKiller/app-macos/build/DerivedData/ModuleCache.noindex/_Builtin_stdarg-CEKV28JNEVJH7B0F4GVIHPSCG.pcm /Users/geraltgraham/Codes/CPUKiller/app-macos/build/DerivedData/ModuleCache.noindex/Foundation-83MXW86TRUHZ8JM11NQ83FIPJ.pcm /Users/geraltgraham/Codes/CPUKiller/app-macos/build/DerivedData/ModuleCache.noindex/_AvailabilityInternal-C1SN215U497T520NB3NDFWGIX.pcm /Users/geraltgraham/Codes/CPUKiller/app-macos/build/DerivedData/ModuleCache.noindex/CoreFoundation-F4SHXSZG07U9EIXBN02LWIYT2.pcm /Users/geraltgraham/Codes/CPUKiller/app-macos/build/DerivedData/ModuleCache.noindex/CoreImage-DXQLZLNJ7EADVAKQQX45SE0LI.pcm /Users/geraltgraham/Codes/CPUKiller/app-macos/build/DerivedData/ModuleCache.noindex/CoreVideo-7QDLWWYFUZ7V0445RBZ4BIGQ5.pcm /Users/geraltgraham/Codes/CPUKiller/app-macos/build/DerivedData/ModuleCache.noindex/IOKit-295X47CQRPV9GOIDOU6261HB7.pcm /Users/geraltgraham/Codes/CPUKiller/app-macos/build/DerivedData/ModuleCache.noindex/_SwiftConcurrencyShims-2VMW40U7UNOWDDWUX97WLSQLM.pcm /Users/geraltgraham/Codes/CPUKiller/app-macos/build/DerivedData/ModuleCache.noindex/DiskArbitration-51WUS5IYOIU2QKX3M34HBAZX6.pcm /Users/geraltgraham/Codes/CPUKiller/app-macos/build/DerivedData/ModuleCache.noindex/_Builtin_stdatomic-EET65OSTPT6786XT2MQRCG3S9.pcm /Users/geraltgraham/Codes/CPUKiller/app-macos/build/DerivedData/ModuleCache.noindex/Dispatch-DY5H6ZBBNHF5F90W18H34UQ0P.pcm /Users/geraltgraham/Codes/CPUKiller/app-macos/build/DerivedData/ModuleCache.noindex/CoreServices-CJ4L8RUPIBVJW3S5ICJ0NPJIE.pcm /Users/geraltgraham/Codes/CPUKiller/app-macos/build/DerivedData/ModuleCache.noindex/DeveloperToolsSupport-5FML1DDWTGSNTEMISJW6PO5EC.pcm /Users/geraltgraham/Codes/CPUKiller/app-macos/build/DerivedData/ModuleCache.noindex/_Builtin_stdbool-2CXP9FGOFWNUSH8JNWXX6CXE9.pcm /Users/geraltgraham/Codes/CPUKiller/app-macos/build/DerivedData/ModuleCache.noindex/Metal-6OH3O9NLYUM6G8MYU4SB3G7AM.pcm /Users/geraltgraham/Codes/CPUKiller/app-macos/build/DerivedData/ModuleCache.noindex/CoreGraphics-8HWDL16R0Z7RU4NT552VOKG7Z.pcm /Users/geraltgraham/Codes/CPUKiller/app-macos/build/DerivedData/ModuleCache.noindex/libDER-92CPAOEYUHPVKBFHXZHR36VIY.pcm /Users/geraltgraham/Codes/CPUKiller/app-macos/build/DerivedData/ModuleCache.noindex/QuartzCore-E1P6HS1F5UFHROW74XJ74B67A.pcm /Users/geraltgraham/Codes/CPUKiller/app-macos/build/DerivedData/ModuleCache.noindex/OpenGL-8YTE7OM1KBMJ2UCF7V26XD8VZ.pcm /Users/geraltgraham/Codes/CPUKiller/app-macos/build/DerivedData/ModuleCache.noindex/ptrauth-2PV9D3IY0IDFXISAPZZOPG4BK.pcm /Users/geraltgraham/Codes/CPUKiller/app-macos/build/DerivedData/ModuleCache.noindex/_Builtin_tgmath-BURGNKO6YQ0DKL2DVGZQ1U2J7.pcm /Users/geraltgraham/Codes/CPUKiller/app-macos/build/DerivedData/ModuleCache.noindex/ptrcheck-A433K8CCQMWG8U41FBM6RMKOU.pcm /Users/geraltgraham/Codes/CPUKiller/app-macos/build/DerivedData/ModuleCache.noindex/CUPS-CBB6HCZ322GLMFTUEZXY0H9MH.pcm /Users/geraltgraham/Codes/CPUKiller/app-macos/build/DerivedData/ModuleCache.noindex/CoreTransferable-CX5Z39MXJNFJVTBL98RYB1HZ8.pcm /Users/geraltgraham/Codes/CPUKiller/app-macos/build/DerivedData/ModuleCache.noindex/ObjectiveC-B79HKZ0NN2ATT9HZ2DOXZ6GLA.pcm /Users/geraltgraham/Codes/CPUKiller/app-macos/build/DerivedData/ModuleCache.noindex/_DarwinFoundation2-8UFDX3XEY0LQBA65GY9CS5L9B.pcm /Users/geraltgraham/Codes/CPUKiller/app-macos/build/DerivedData/ModuleCache.noindex/OSLog-8V1QXKZU5ZBF4LE99DLFU7DLI.pcm /Users/geraltgraham/Codes/CPUKiller/app-macos/build/DerivedData/ModuleCache.noindex/CoreData-QK58EDS79TWUBW76MJ9LW536.pcm /Users/geraltgraham/Codes/CPUKiller/app-macos/build/DerivedData/ModuleCache.noindex/_Builtin_intrinsics-9XWEXEY39V6GJBB0HFJHFMGF1.pcm /Users/geraltgraham/Codes/CPUKiller/app-macos/build/DerivedData/ModuleCache.noindex/_DarwinFoundation3-2HZ55IY4BAGADBBEPXSM8EU2I.pcm /Users/geraltgraham/Codes/CPUKiller/app-macos/build/DerivedData/ModuleCache.noindex/ApplicationServices-1KLL62OFZ637BO8XFYK3JOQK1.pcm /Users/geraltgraham/Codes/CPUKiller/app-macos/build/DerivedData/ModuleCache.noindex/simd-BPJ5HFALFVQZOPVKOW3HCKQE6.pcm /Users/geraltgraham/Codes/CPUKiller/app-macos/build/DerivedData/ModuleCache.noindex/Darwin-585NMT2REGNKHDIPSOX8HH0DW.pcm /Users/geraltgraham/Codes/CPUKiller/app-macos/build/DerivedData/ModuleCache.noindex/Security-4W2RUZPM0UMSHBL3IMD78WD5L.pcm /Users/geraltgraham/Codes/CPUKiller/app-macos/build/DerivedData/ModuleCache.noindex/SwiftUICore-2B1IQ71L3BCK8R38KD4YKG19P.pcm /Users/geraltgraham/Codes/CPUKiller/app-macos/build/DerivedData/ModuleCache.noindex/Symbols-9KSA9LATT5G53MKZ1GMVEUDH6.pcm /Users/geraltgraham/Codes/CPUKiller/app-macos/build/DerivedData/ModuleCache.noindex/IOSurface-9GITNS51N1HGQU67MN6PKN22F.pcm /Users/geraltgraham/Codes/CPUKiller/app-macos/build/DerivedData/ModuleCache.noindex/DataDetection-4Q88WIT0OXSFQKJKA9QTPAUPW.pcm /Users/geraltgraham/Codes/CPUKiller/app-macos/build/DerivedData/Build/Intermediates.noindex/MacKit.build/Release/MacKitLifecycle.build/Objects-normal/arm64/MacKitLifecycle-dependencies-1.json (in target 'MacKitLifecycle' from project 'MacKit')

CompileSwift normal arm64 (in target 'MacKitLifecycle' from project 'MacKit')
    cd /Users/geraltgraham/Codes/CPUKiller/app-macos/MacResourceMonitor.xcodeproj
    

SwiftDriverJobDiscovery normal x86_64 Compiling AccessoryActivationSession.swift, AutofillHeuristicGuard.swift, LoginLaunchDetector.swift, TerminationGuard.swift (in target 'MacKitLifecycle' from project 'MacKit')

SwiftDriver\ Compilation\ Requirements MacKitLifecycle normal x86_64 com.apple.xcode.tools.swift.compiler (in target 'MacKitLifecycle' from project 'MacKit')
    cd /Users/geraltgraham/Codes/CPUKiller/app-macos/MacResourceMonitor.xcodeproj
    builtin-Swift-Compilation-Requirements -- /Applications/Xcode.app/Contents/Developer/Toolchains/XcodeDefault.xctoolchain/usr/bin/swiftc -module-name MacKitLifecycle -O -whole-module-optimization -enforce-exclusivity\=checked @/Users/geraltgraham/Codes/CPUKiller/app-macos/build/DerivedData/Build/Intermediates.noindex/MacKit.build/Release/MacKitLifecycle.build/Objects-normal/x86_64/MacKitLifecycle.SwiftFileList -DSWIFT_PACKAGE -DSWIFT_MODULE_RESOURCE_BUNDLE_UNAVAILABLE -DXcode -plugin-path /Applications/Xcode.app/Contents/Developer/Toolchains/XcodeDefault.xctoolchain/usr/lib/swift/host/plugins/testing -enable-experimental-feature DebugDescriptionMacro -sdk /Applications/Xcode.app/Contents/Developer/Platforms/MacOSX.platform/Developer/SDKs/MacOSX26.2.sdk -target x86_64-apple-macos14.0 -g -module-cache-path /Users/geraltgraham/Codes/CPUKiller/app-macos/build/DerivedData/ModuleCache.noindex -Xfrontend -serialize-debugging-options -suppress-warnings -swift-version 6 -I /Users/geraltgraham/Codes/CPUKiller/app-macos/build/DerivedData/Build/Products/Release -Isystem /Applications/Xcode.app/Contents/Developer/Platforms/MacOSX.platform/Developer/usr/lib -F /Users/geraltgraham/Codes/CPUKiller/app-macos/build/DerivedData/Build/Products/Release -F /Applications/Xcode.app/Contents/Developer/Platforms/MacOSX.platform/Developer/Library/Frameworks -c -num-threads 8 -Xcc -ivfsstatcache -Xcc /Users/geraltgraham/Codes/CPUKiller/app-macos/build/DerivedData/SDKStatCaches.noindex/macosx26.2-25C58-e8867d0c40613ffc63e0238af232dc5000fa09913b459cbbc988d1f6730289ae.sdkstatcache -output-file-map /Users/geraltgraham/Codes/CPUKiller/app-macos/build/DerivedData/Build/Intermediates.noindex/MacKit.build/Release/MacKitLifecycle.build/Objects-normal/x86_64/MacKitLifecycle-OutputFileMap.json -use-frontend-parseable-output -save-temps -no-color-diagnostics -explicit-module-build -module-cache-path /Users/geraltgraham/Codes/CPUKiller/app-macos/build/DerivedData/Build/Intermediates.noindex/SwiftExplicitPrecompiledModules -clang-scanner-module-cache-path /Users/geraltgraham/Codes/CPUKiller/app-macos/build/DerivedData/ModuleCache.noindex -sdk-module-cache-path /Users/geraltgraham/Codes/CPUKiller/app-macos/build/DerivedData/ModuleCache.noindex -serialize-diagnostics -emit-dependencies -emit-module -emit-module-path /Users/geraltgraham/Codes/CPUKiller/app-macos/build/DerivedData/Build/Intermediates.noindex/MacKit.build/Release/MacKitLifecycle.build/Objects-normal/x86_64/MacKitLifecycle.swiftmodule -user-module-version 0.1.4 -validate-clang-modules-once -clang-build-session-file /Users/geraltgraham/Codes/CPUKiller/app-macos/build/DerivedData/ModuleCache.noindex/Session.modulevalidation -package-name mac_kit_swift -Xcc -I/Users/geraltgraham/Codes/CPUKiller/app-macos/build/DerivedData/Build/Intermediates.noindex/MacKit.build/Release/MacKitLifecycle.build/swift-overrides.hmap -emit-const-values -Xfrontend -const-gather-protocols-file -Xfrontend /Users/geraltgraham/Codes/CPUKiller/app-macos/build/DerivedData/Build/Intermediates.noindex/MacKit.build/Release/MacKitLifecycle.build/Objects-normal/x86_64/MacKitLifecycle_const_extract_protocols.json -Xcc -I/Users/geraltgraham/Codes/CPUKiller/app-macos/build/DerivedData/Build/Products/Release/include -Xcc -I/Users/geraltgraham/Codes/CPUKiller/app-macos/build/DerivedData/Build/Intermediates.noindex/MacKit.build/Release/MacKitLifecycle.build/DerivedSources-normal/x86_64 -Xcc -I/Users/geraltgraham/Codes/CPUKiller/app-macos/build/DerivedData/Build/Intermediates.noindex/MacKit.build/Release/MacKitLifecycle.build/DerivedSources/x86_64 -Xcc -I/Users/geraltgraham/Codes/CPUKiller/app-macos/build/DerivedData/Build/Intermediates.noindex/MacKit.build/Release/MacKitLifecycle.build/DerivedSources -Xcc -DSWIFT_PACKAGE -emit-objc-header -emit-objc-header-path /Users/geraltgraham/Codes/CPUKiller/app-macos/build/DerivedData/Build/Intermediates.noindex/MacKit.build/Release/MacKitLifecycle.build/Objects-normal/x86_64/MacKitLifecycle-Swift.h -working-directory /Users/geraltgraham/Codes/CPUKiller/app-macos/MacResourceMonitor.xcodeproj -no-emit-module-separately-wmo

Copy /Users/geraltgraham/Codes/CPUKiller/app-macos/build/DerivedData/Build/Products/Release/MacKitLifecycle.swiftmodule/x86_64-apple-macos.swiftdoc /Users/geraltgraham/Codes/CPUKiller/app-macos/build/DerivedData/Build/Intermediates.noindex/MacKit.build/Release/MacKitLifecycle.build/Objects-normal/x86_64/MacKitLifecycle.swiftdoc (in target 'MacKitLifecycle' from project 'MacKit')
    cd /Users/geraltgraham/Codes/CPUKiller/app-macos/build/DerivedData/SourcePackages/checkouts/mac-kit-swift
    builtin-copy -exclude .DS_Store -exclude CVS -exclude .svn -exclude .git -exclude .hg -strip-unsigned-binaries -strip-deterministic -strip-tool /Applications/Xcode.app/Contents/Developer/Toolchains/XcodeDefault.xctoolchain/usr/bin/strip -resolve-src-symlinks -rename /Users/geraltgraham/Codes/CPUKiller/app-macos/build/DerivedData/Build/Intermediates.noindex/MacKit.build/Release/MacKitLifecycle.build/Objects-normal/x86_64/MacKitLifecycle.swiftdoc /Users/geraltgraham/Codes/CPUKiller/app-macos/build/DerivedData/Build/Products/Release/MacKitLifecycle.swiftmodule/x86_64-apple-macos.swiftdoc

Copy /Users/geraltgraham/Codes/CPUKiller/app-macos/build/DerivedData/Build/Products/Release/MacKitLifecycle.swiftmodule/x86_64-apple-macos.abi.json /Users/geraltgraham/Codes/CPUKiller/app-macos/build/DerivedData/Build/Intermediates.noindex/MacKit.build/Release/MacKitLifecycle.build/Objects-normal/x86_64/MacKitLifecycle.abi.json (in target 'MacKitLifecycle' from project 'MacKit')
    cd /Users/geraltgraham/Codes/CPUKiller/app-macos/build/DerivedData/SourcePackages/checkouts/mac-kit-swift
    builtin-copy -exclude .DS_Store -exclude CVS -exclude .svn -exclude .git -exclude .hg -strip-unsigned-binaries -strip-deterministic -strip-tool /Applications/Xcode.app/Contents/Developer/Toolchains/XcodeDefault.xctoolchain/usr/bin/strip -resolve-src-symlinks -rename /Users/geraltgraham/Codes/CPUKiller/app-macos/build/DerivedData/Build/Intermediates.noindex/MacKit.build/Release/MacKitLifecycle.build/Objects-normal/x86_64/MacKitLifecycle.abi.json /Users/geraltgraham/Codes/CPUKiller/app-macos/build/DerivedData/Build/Products/Release/MacKitLifecycle.swiftmodule/x86_64-apple-macos.abi.json

Copy /Users/geraltgraham/Codes/CPUKiller/app-macos/build/DerivedData/Build/Products/Release/MacKitLifecycle.swiftmodule/Project/x86_64-apple-macos.swiftsourceinfo /Users/geraltgraham/Codes/CPUKiller/app-macos/build/DerivedData/Build/Intermediates.noindex/MacKit.build/Release/MacKitLifecycle.build/Objects-normal/x86_64/MacKitLifecycle.swiftsourceinfo (in target 'MacKitLifecycle' from project 'MacKit')
    cd /Users/geraltgraham/Codes/CPUKiller/app-macos/build/DerivedData/SourcePackages/checkouts/mac-kit-swift
    builtin-copy -exclude .DS_Store -exclude CVS -exclude .svn -exclude .git -exclude .hg -strip-unsigned-binaries -strip-deterministic -strip-tool /Applications/Xcode.app/Contents/Developer/Toolchains/XcodeDefault.xctoolchain/usr/bin/strip -resolve-src-symlinks -rename /Users/geraltgraham/Codes/CPUKiller/app-macos/build/DerivedData/Build/Intermediates.noindex/MacKit.build/Release/MacKitLifecycle.build/Objects-normal/x86_64/MacKitLifecycle.swiftsourceinfo /Users/geraltgraham/Codes/CPUKiller/app-macos/build/DerivedData/Build/Products/Release/MacKitLifecycle.swiftmodule/Project/x86_64-apple-macos.swiftsourceinfo

Copy /Users/geraltgraham/Codes/CPUKiller/app-macos/build/DerivedData/Build/Products/Release/MacKitLifecycle.swiftmodule/x86_64-apple-macos.swiftmodule /Users/geraltgraham/Codes/CPUKiller/app-macos/build/DerivedData/Build/Intermediates.noindex/MacKit.build/Release/MacKitLifecycle.build/Objects-normal/x86_64/MacKitLifecycle.swiftmodule (in target 'MacKitLifecycle' from project 'MacKit')
    cd /Users/geraltgraham/Codes/CPUKiller/app-macos/build/DerivedData/SourcePackages/checkouts/mac-kit-swift
    builtin-copy -exclude .DS_Store -exclude CVS -exclude .svn -exclude .git -exclude .hg -strip-unsigned-binaries -strip-deterministic -strip-tool /Applications/Xcode.app/Contents/Developer/Toolchains/XcodeDefault.xctoolchain/usr/bin/strip -resolve-src-symlinks -rename /Users/geraltgraham/Codes/CPUKiller/app-macos/build/DerivedData/Build/Intermediates.noindex/MacKit.build/Release/MacKitLifecycle.build/Objects-normal/x86_64/MacKitLifecycle.swiftmodule /Users/geraltgraham/Codes/CPUKiller/app-macos/build/DerivedData/Build/Products/Release/MacKitLifecycle.swiftmodule/x86_64-apple-macos.swiftmodule

SwiftDriverJobDiscovery normal arm64 Compiling AccessoryActivationSession.swift, AutofillHeuristicGuard.swift, LoginLaunchDetector.swift, TerminationGuard.swift (in target 'MacKitLifecycle' from project 'MacKit')

SwiftDriver\ Compilation\ Requirements MacKitLifecycle normal arm64 com.apple.xcode.tools.swift.compiler (in target 'MacKitLifecycle' from project 'MacKit')
    cd /Users/geraltgraham/Codes/CPUKiller/app-macos/MacResourceMonitor.xcodeproj
    builtin-Swift-Compilation-Requirements -- /Applications/Xcode.app/Contents/Developer/Toolchains/XcodeDefault.xctoolchain/usr/bin/swiftc -module-name MacKitLifecycle -O -whole-module-optimization -enforce-exclusivity\=checked @/Users/geraltgraham/Codes/CPUKiller/app-macos/build/DerivedData/Build/Intermediates.noindex/MacKit.build/Release/MacKitLifecycle.build/Objects-normal/arm64/MacKitLifecycle.SwiftFileList -DSWIFT_PACKAGE -DSWIFT_MODULE_RESOURCE_BUNDLE_UNAVAILABLE -DXcode -plugin-path /Applications/Xcode.app/Contents/Developer/Toolchains/XcodeDefault.xctoolchain/usr/lib/swift/host/plugins/testing -enable-experimental-feature DebugDescriptionMacro -sdk /Applications/Xcode.app/Contents/Developer/Platforms/MacOSX.platform/Developer/SDKs/MacOSX26.2.sdk -target arm64-apple-macos14.0 -g -module-cache-path /Users/geraltgraham/Codes/CPUKiller/app-macos/build/DerivedData/ModuleCache.noindex -Xfrontend -serialize-debugging-options -suppress-warnings -swift-version 6 -I /Users/geraltgraham/Codes/CPUKiller/app-macos/build/DerivedData/Build/Products/Release -Isystem /Applications/Xcode.app/Contents/Developer/Platforms/MacOSX.platform/Developer/usr/lib -F /Users/geraltgraham/Codes/CPUKiller/app-macos/build/DerivedData/Build/Products/Release -F /Applications/Xcode.app/Contents/Developer/Platforms/MacOSX.platform/Developer/Library/Frameworks -c -num-threads 8 -Xcc -ivfsstatcache -Xcc /Users/geraltgraham/Codes/CPUKiller/app-macos/build/DerivedData/SDKStatCaches.noindex/macosx26.2-25C58-e8867d0c40613ffc63e0238af232dc5000fa09913b459cbbc988d1f6730289ae.sdkstatcache -output-file-map /Users/geraltgraham/Codes/CPUKiller/app-macos/build/DerivedData/Build/Intermediates.noindex/MacKit.build/Release/MacKitLifecycle.build/Objects-normal/arm64/MacKitLifecycle-OutputFileMap.json -use-frontend-parseable-output -save-temps -no-color-diagnostics -explicit-module-build -module-cache-path /Users/geraltgraham/Codes/CPUKiller/app-macos/build/DerivedData/Build/Intermediates.noindex/SwiftExplicitPrecompiledModules -clang-scanner-module-cache-path /Users/geraltgraham/Codes/CPUKiller/app-macos/build/DerivedData/ModuleCache.noindex -sdk-module-cache-path /Users/geraltgraham/Codes/CPUKiller/app-macos/build/DerivedData/ModuleCache.noindex -serialize-diagnostics -emit-dependencies -emit-module -emit-module-path /Users/geraltgraham/Codes/CPUKiller/app-macos/build/DerivedData/Build/Intermediates.noindex/MacKit.build/Release/MacKitLifecycle.build/Objects-normal/arm64/MacKitLifecycle.swiftmodule -user-module-version 0.1.4 -validate-clang-modules-once -clang-build-session-file /Users/geraltgraham/Codes/CPUKiller/app-macos/build/DerivedData/ModuleCache.noindex/Session.modulevalidation -package-name mac_kit_swift -Xcc -I/Users/geraltgraham/Codes/CPUKiller/app-macos/build/DerivedData/Build/Intermediates.noindex/MacKit.build/Release/MacKitLifecycle.build/swift-overrides.hmap -emit-const-values -Xfrontend -const-gather-protocols-file -Xfrontend /Users/geraltgraham/Codes/CPUKiller/app-macos/build/DerivedData/Build/Intermediates.noindex/MacKit.build/Release/MacKitLifecycle.build/Objects-normal/arm64/MacKitLifecycle_const_extract_protocols.json -Xcc -I/Users/geraltgraham/Codes/CPUKiller/app-macos/build/DerivedData/Build/Products/Release/include -Xcc -I/Users/geraltgraham/Codes/CPUKiller/app-macos/build/DerivedData/Build/Intermediates.noindex/MacKit.build/Release/MacKitLifecycle.build/DerivedSources-normal/arm64 -Xcc -I/Users/geraltgraham/Codes/CPUKiller/app-macos/build/DerivedData/Build/Intermediates.noindex/MacKit.build/Release/MacKitLifecycle.build/DerivedSources/arm64 -Xcc -I/Users/geraltgraham/Codes/CPUKiller/app-macos/build/DerivedData/Build/Intermediates.noindex/MacKit.build/Release/MacKitLifecycle.build/DerivedSources -Xcc -DSWIFT_PACKAGE -emit-objc-header -emit-objc-header-path /Users/geraltgraham/Codes/CPUKiller/app-macos/build/DerivedData/Build/Intermediates.noindex/MacKit.build/Release/MacKitLifecycle.build/Objects-normal/arm64/MacKitLifecycle-Swift.h -working-directory /Users/geraltgraham/Codes/CPUKiller/app-macos/MacResourceMonitor.xcodeproj -no-emit-module-separately-wmo

Copy /Users/geraltgraham/Codes/CPUKiller/app-macos/build/DerivedData/Build/Products/Release/MacKitLifecycle.swiftmodule/arm64-apple-macos.swiftmodule /Users/geraltgraham/Codes/CPUKiller/app-macos/build/DerivedData/Build/Intermediates.noindex/MacKit.build/Release/MacKitLifecycle.build/Objects-normal/arm64/MacKitLifecycle.swiftmodule (in target 'MacKitLifecycle' from project 'MacKit')
    cd /Users/geraltgraham/Codes/CPUKiller/app-macos/build/DerivedData/SourcePackages/checkouts/mac-kit-swift
    builtin-copy -exclude .DS_Store -exclude CVS -exclude .svn -exclude .git -exclude .hg -strip-unsigned-binaries -strip-deterministic -strip-tool /Applications/Xcode.app/Contents/Developer/Toolchains/XcodeDefault.xctoolchain/usr/bin/strip -resolve-src-symlinks -rename /Users/geraltgraham/Codes/CPUKiller/app-macos/build/DerivedData/Build/Intermediates.noindex/MacKit.build/Release/MacKitLifecycle.build/Objects-normal/arm64/MacKitLifecycle.swiftmodule /Users/geraltgraham/Codes/CPUKiller/app-macos/build/DerivedData/Build/Products/Release/MacKitLifecycle.swiftmodule/arm64-apple-macos.swiftmodule

SwiftMergeGeneratedHeaders /Users/geraltgraham/Codes/CPUKiller/app-macos/build/DerivedData/Build/Intermediates.noindex/GeneratedModuleMaps/MacKitLifecycle-Swift.h /Users/geraltgraham/Codes/CPUKiller/app-macos/build/DerivedData/Build/Intermediates.noindex/MacKit.build/Release/MacKitLifecycle.build/Objects-normal/arm64/MacKitLifecycle-Swift.h /Users/geraltgraham/Codes/CPUKiller/app-macos/build/DerivedData/Build/Intermediates.noindex/MacKit.build/Release/MacKitLifecycle.build/Objects-normal/x86_64/MacKitLifecycle-Swift.h (in target 'MacKitLifecycle' from project 'MacKit')
    cd /Users/geraltgraham/Codes/CPUKiller/app-macos/build/DerivedData/SourcePackages/checkouts/mac-kit-swift
    builtin-swiftHeaderTool -arch arm64 /Users/geraltgraham/Codes/CPUKiller/app-macos/build/DerivedData/Build/Intermediates.noindex/MacKit.build/Release/MacKitLifecycle.build/Objects-normal/arm64/MacKitLifecycle-Swift.h -arch x86_64 /Users/geraltgraham/Codes/CPUKiller/app-macos/build/DerivedData/Build/Intermediates.noindex/MacKit.build/Release/MacKitLifecycle.build/Objects-normal/x86_64/MacKitLifecycle-Swift.h -o /Users/geraltgraham/Codes/CPUKiller/app-macos/build/DerivedData/Build/Intermediates.noindex/GeneratedModuleMaps/MacKitLifecycle-Swift.h

Copy /Users/geraltgraham/Codes/CPUKiller/app-macos/build/DerivedData/Build/Products/Release/MacKitLifecycle.swiftmodule/arm64-apple-macos.swiftdoc /Users/geraltgraham/Codes/CPUKiller/app-macos/build/DerivedData/Build/Intermediates.noindex/MacKit.build/Release/MacKitLifecycle.build/Objects-normal/arm64/MacKitLifecycle.swiftdoc (in target 'MacKitLifecycle' from project 'MacKit')
    cd /Users/geraltgraham/Codes/CPUKiller/app-macos/build/DerivedData/SourcePackages/checkouts/mac-kit-swift
    builtin-copy -exclude .DS_Store -exclude CVS -exclude .svn -exclude .git -exclude .hg -strip-unsigned-binaries -strip-deterministic -strip-tool /Applications/Xcode.app/Contents/Developer/Toolchains/XcodeDefault.xctoolchain/usr/bin/strip -resolve-src-symlinks -rename /Users/geraltgraham/Codes/CPUKiller/app-macos/build/DerivedData/Build/Intermediates.noindex/MacKit.build/Release/MacKitLifecycle.build/Objects-normal/arm64/MacKitLifecycle.swiftdoc /Users/geraltgraham/Codes/CPUKiller/app-macos/build/DerivedData/Build/Products/Release/MacKitLifecycle.swiftmodule/arm64-apple-macos.swiftdoc

Copy /Users/geraltgraham/Codes/CPUKiller/app-macos/build/DerivedData/Build/Products/Release/MacKitLifecycle.swiftmodule/arm64-apple-macos.abi.json /Users/geraltgraham/Codes/CPUKiller/app-macos/build/DerivedData/Build/Intermediates.noindex/MacKit.build/Release/MacKitLifecycle.build/Objects-normal/arm64/MacKitLifecycle.abi.json (in target 'MacKitLifecycle' from project 'MacKit')
    cd /Users/geraltgraham/Codes/CPUKiller/app-macos/build/DerivedData/SourcePackages/checkouts/mac-kit-swift
    builtin-copy -exclude .DS_Store -exclude CVS -exclude .svn -exclude .git -exclude .hg -strip-unsigned-binaries -strip-deterministic -strip-tool /Applications/Xcode.app/Contents/Developer/Toolchains/XcodeDefault.xctoolchain/usr/bin/strip -resolve-src-symlinks -rename /Users/geraltgraham/Codes/CPUKiller/app-macos/build/DerivedData/Build/Intermediates.noindex/MacKit.build/Release/MacKitLifecycle.build/Objects-normal/arm64/MacKitLifecycle.abi.json /Users/geraltgraham/Codes/CPUKiller/app-macos/build/DerivedData/Build/Products/Release/MacKitLifecycle.swiftmodule/arm64-apple-macos.abi.json

Copy /Users/geraltgraham/Codes/CPUKiller/app-macos/build/DerivedData/Build/Products/Release/MacKitLifecycle.swiftmodule/Project/arm64-apple-macos.swiftsourceinfo /Users/geraltgraham/Codes/CPUKiller/app-macos/build/DerivedData/Build/Intermediates.noindex/MacKit.build/Release/MacKitLifecycle.build/Objects-normal/arm64/MacKitLifecycle.swiftsourceinfo (in target 'MacKitLifecycle' from project 'MacKit')
    cd /Users/geraltgraham/Codes/CPUKiller/app-macos/build/DerivedData/SourcePackages/checkouts/mac-kit-swift
    builtin-copy -exclude .DS_Store -exclude CVS -exclude .svn -exclude .git -exclude .hg -strip-unsigned-binaries -strip-deterministic -strip-tool /Applications/Xcode.app/Contents/Developer/Toolchains/XcodeDefault.xctoolchain/usr/bin/strip -resolve-src-symlinks -rename /Users/geraltgraham/Codes/CPUKiller/app-macos/build/DerivedData/Build/Intermediates.noindex/MacKit.build/Release/MacKitLifecycle.build/Objects-normal/arm64/MacKitLifecycle.swiftsourceinfo /Users/geraltgraham/Codes/CPUKiller/app-macos/build/DerivedData/Build/Products/Release/MacKitLifecycle.swiftmodule/Project/arm64-apple-macos.swiftsourceinfo

Ld /Users/geraltgraham/Codes/CPUKiller/app-macos/build/DerivedData/Build/Intermediates.noindex/MacKit.build/Release/MacKitLifecycle.build/Objects-normal/arm64/Binary/MacKitLifecycle.o normal arm64 (in target 'MacKitLifecycle' from project 'MacKit')
    cd /Users/geraltgraham/Codes/CPUKiller/app-macos/build/DerivedData/SourcePackages/checkouts/mac-kit-swift
    /Applications/Xcode.app/Contents/Developer/Toolchains/XcodeDefault.xctoolchain/usr/bin/clang -Xlinker -reproducible -target arm64-apple-macos14.0 -r -isysroot /Applications/Xcode.app/Contents/Developer/Platforms/MacOSX.platform/Developer/SDKs/MacOSX26.2.sdk -Os -w -L/Users/geraltgraham/Codes/CPUKiller/app-macos/build/DerivedData/Build/Intermediates.noindex/EagerLinkingTBDs/Release -L/Users/geraltgraham/Codes/CPUKiller/app-macos/build/DerivedData/Build/Products/Release -L/Applications/Xcode.app/Contents/Developer/Platforms/MacOSX.platform/Developer/usr/lib -F/Users/geraltgraham/Codes/CPUKiller/app-macos/build/DerivedData/Build/Intermediates.noindex/EagerLinkingTBDs/Release -F/Users/geraltgraham/Codes/CPUKiller/app-macos/build/DerivedData/Build/Products/Release -iframework /Applications/Xcode.app/Contents/Developer/Platforms/MacOSX.platform/Developer/Library/Frameworks -filelist /Users/geraltgraham/Codes/CPUKiller/app-macos/build/DerivedData/Build/Intermediates.noindex/MacKit.build/Release/MacKitLifecycle.build/Objects-normal/arm64/MacKitLifecycle.LinkFileList -nostdlib -Xlinker -object_path_lto -Xlinker /Users/geraltgraham/Codes/CPUKiller/app-macos/build/DerivedData/Build/Intermediates.noindex/MacKit.build/Release/MacKitLifecycle.build/Objects-normal/arm64/MacKitLifecycle_lto.o -Xlinker -dependency_info -Xlinker /Users/geraltgraham/Codes/CPUKiller/app-macos/build/DerivedData/Build/Intermediates.noindex/MacKit.build/Release/MacKitLifecycle.build/Objects-normal/arm64/MacKitLifecycle_dependency_info.dat -fobjc-link-runtime -L/Applications/Xcode.app/Contents/Developer/Toolchains/XcodeDefault.xctoolchain/usr/lib/swift/macosx -L/usr/lib/swift -Xlinker -add_ast_path -Xlinker /Users/geraltgraham/Codes/CPUKiller/app-macos/build/DerivedData/Build/Intermediates.noindex/MacKit.build/Release/MacKitLifecycle.build/Objects-normal/arm64/MacKitLifecycle.swiftmodule @/Users/geraltgraham/Codes/CPUKiller/app-macos/build/DerivedData/Build/Intermediates.noindex/MacKit.build/Release/MacKitLifecycle.build/Objects-normal/arm64/MacKitLifecycle-linker-args.resp -o /Users/geraltgraham/Codes/CPUKiller/app-macos/build/DerivedData/Build/Intermediates.noindex/MacKit.build/Release/MacKitLifecycle.build/Objects-normal/arm64/Binary/MacKitLifecycle.o

Ld /Users/geraltgraham/Codes/CPUKiller/app-macos/build/DerivedData/Build/Intermediates.noindex/MacKit.build/Release/MacKitLifecycle.build/Objects-normal/x86_64/Binary/MacKitLifecycle.o normal x86_64 (in target 'MacKitLifecycle' from project 'MacKit')
    cd /Users/geraltgraham/Codes/CPUKiller/app-macos/build/DerivedData/SourcePackages/checkouts/mac-kit-swift
    /Applications/Xcode.app/Contents/Developer/Toolchains/XcodeDefault.xctoolchain/usr/bin/clang -Xlinker -reproducible -target x86_64-apple-macos14.0 -r -isysroot /Applications/Xcode.app/Contents/Developer/Platforms/MacOSX.platform/Developer/SDKs/MacOSX26.2.sdk -Os -w -L/Users/geraltgraham/Codes/CPUKiller/app-macos/build/DerivedData/Build/Intermediates.noindex/EagerLinkingTBDs/Release -L/Users/geraltgraham/Codes/CPUKiller/app-macos/build/DerivedData/Build/Products/Release -L/Applications/Xcode.app/Contents/Developer/Platforms/MacOSX.platform/Developer/usr/lib -F/Users/geraltgraham/Codes/CPUKiller/app-macos/build/DerivedData/Build/Intermediates.noindex/EagerLinkingTBDs/Release -F/Users/geraltgraham/Codes/CPUKiller/app-macos/build/DerivedData/Build/Products/Release -iframework /Applications/Xcode.app/Contents/Developer/Platforms/MacOSX.platform/Developer/Library/Frameworks -filelist /Users/geraltgraham/Codes/CPUKiller/app-macos/build/DerivedData/Build/Intermediates.noindex/MacKit.build/Release/MacKitLifecycle.build/Objects-normal/x86_64/MacKitLifecycle.LinkFileList -nostdlib -Xlinker -object_path_lto -Xlinker /Users/geraltgraham/Codes/CPUKiller/app-macos/build/DerivedData/Build/Intermediates.noindex/MacKit.build/Release/MacKitLifecycle.build/Objects-normal/x86_64/MacKitLifecycle_lto.o -Xlinker -dependency_info -Xlinker /Users/geraltgraham/Codes/CPUKiller/app-macos/build/DerivedData/Build/Intermediates.noindex/MacKit.build/Release/MacKitLifecycle.build/Objects-normal/x86_64/MacKitLifecycle_dependency_info.dat -fobjc-link-runtime -L/Applications/Xcode.app/Contents/Developer/Toolchains/XcodeDefault.xctoolchain/usr/lib/swift/macosx -L/usr/lib/swift -Xlinker -add_ast_path -Xlinker /Users/geraltgraham/Codes/CPUKiller/app-macos/build/DerivedData/Build/Intermediates.noindex/MacKit.build/Release/MacKitLifecycle.build/Objects-normal/x86_64/MacKitLifecycle.swiftmodule @/Users/geraltgraham/Codes/CPUKiller/app-macos/build/DerivedData/Build/Intermediates.noindex/MacKit.build/Release/MacKitLifecycle.build/Objects-normal/x86_64/MacKitLifecycle-linker-args.resp -o /Users/geraltgraham/Codes/CPUKiller/app-macos/build/DerivedData/Build/Intermediates.noindex/MacKit.build/Release/MacKitLifecycle.build/Objects-normal/x86_64/Binary/MacKitLifecycle.o

CreateUniversalBinary /Users/geraltgraham/Codes/CPUKiller/app-macos/build/DerivedData/Build/Products/Release/MacKitLifecycle.o normal arm64\ x86_64 (in target 'MacKitLifecycle' from project 'MacKit')
    cd /Users/geraltgraham/Codes/CPUKiller/app-macos/build/DerivedData/SourcePackages/checkouts/mac-kit-swift
    /Applications/Xcode.app/Contents/Developer/Toolchains/XcodeDefault.xctoolchain/usr/bin/lipo -create /Users/geraltgraham/Codes/CPUKiller/app-macos/build/DerivedData/Build/Intermediates.noindex/MacKit.build/Release/MacKitLifecycle.build/Objects-normal/arm64/Binary/MacKitLifecycle.o /Users/geraltgraham/Codes/CPUKiller/app-macos/build/DerivedData/Build/Intermediates.noindex/MacKit.build/Release/MacKitLifecycle.build/Objects-normal/x86_64/Binary/MacKitLifecycle.o -output /Users/geraltgraham/Codes/CPUKiller/app-macos/build/DerivedData/Build/Products/Release/MacKitLifecycle.o

ExtractAppIntentsMetadata (in target 'MacKitLifecycle' from project 'MacKit')
    cd /Users/geraltgraham/Codes/CPUKiller/app-macos/build/DerivedData/SourcePackages/checkouts/mac-kit-swift
    /Applications/Xcode.app/Contents/Developer/Toolchains/XcodeDefault.xctoolchain/usr/bin/appintentsmetadataprocessor --toolchain-dir /var/run/com.apple.security.cryptexd/mnt/com.apple.MobileAsset.MetalToolchain-v17.3.519.0.Mve7GT/Metal.xctoolchain --module-name MacKitLifecycle --sdk-root /Applications/Xcode.app/Contents/Developer/Platforms/MacOSX.platform/Developer/SDKs/MacOSX26.2.sdk --xcode-version 17C519 --platform-family macOS --deployment-target 14.0 --bundle-identifier mac-kit-swift.MacKitLifecycle --output /Users/geraltgraham/Codes/CPUKiller/app-macos/build/DerivedData/Build/Products/Release/MacKitLifecycle.appintents --target-triple arm64-apple-macos14.0 --target-triple x86_64-apple-macos14.0 --binary-file /Users/geraltgraham/Codes/CPUKiller/app-macos/build/DerivedData/Build/Products/Release/MacKitLifecycle.o --dependency-file /Users/geraltgraham/Codes/CPUKiller/app-macos/build/DerivedData/Build/Intermediates.noindex/MacKit.build/Release/MacKitLifecycle.build/Objects-normal/arm64/MacKitLifecycle_dependency_info.dat --dependency-file /Users/geraltgraham/Codes/CPUKiller/app-macos/build/DerivedData/Build/Intermediates.noindex/MacKit.build/Release/MacKitLifecycle.build/Objects-normal/x86_64/MacKitLifecycle_dependency_info.dat --stringsdata-file /Users/geraltgraham/Codes/CPUKiller/app-macos/build/DerivedData/Build/Intermediates.noindex/MacKit.build/Release/MacKitLifecycle.build/Objects-normal/arm64/ExtractedAppShortcutsMetadata.stringsdata --stringsdata-file /Users/geraltgraham/Codes/CPUKiller/app-macos/build/DerivedData/Build/Intermediates.noindex/MacKit.build/Release/MacKitLifecycle.build/Objects-normal/x86_64/ExtractedAppShortcutsMetadata.stringsdata --source-file-list /Users/geraltgraham/Codes/CPUKiller/app-macos/build/DerivedData/Build/Intermediates.noindex/MacKit.build/Release/MacKitLifecycle.build/Objects-normal/arm64/MacKitLifecycle.SwiftFileList --source-file-list /Users/geraltgraham/Codes/CPUKiller/app-macos/build/DerivedData/Build/Intermediates.noindex/MacKit.build/Release/MacKitLifecycle.build/Objects-normal/x86_64/MacKitLifecycle.SwiftFileList --metadata-file-list /Users/geraltgraham/Codes/CPUKiller/app-macos/build/DerivedData/Build/Intermediates.noindex/MacKit.build/Release/MacKitLifecycle.build/MacKitLifecycle.DependencyMetadataFileList --static-metadata-file-list /Users/geraltgraham/Codes/CPUKiller/app-macos/build/DerivedData/Build/Intermediates.noindex/MacKit.build/Release/MacKitLifecycle.build/MacKitLifecycle.DependencyStaticMetadataFileList --swift-const-vals-list /Users/geraltgraham/Codes/CPUKiller/app-macos/build/DerivedData/Build/Intermediates.noindex/MacKit.build/Release/MacKitLifecycle.build/Objects-normal/arm64/MacKitLifecycle.SwiftConstValuesFileList --swift-const-vals-list /Users/geraltgraham/Codes/CPUKiller/app-macos/build/DerivedData/Build/Intermediates.noindex/MacKit.build/Release/MacKitLifecycle.build/Objects-normal/x86_64/MacKitLifecycle.SwiftConstValuesFileList --force --compile-time-extraction --deployment-aware-processing --validate-assistant-intents --no-app-shortcuts-localization
2026-09-08 14:15:41.469 appintentsmetadataprocessor[97342:20954468] Starting appintentsmetadataprocessor export
2026-09-08 14:15:41.736 appintentsmetadataprocessor[97342:20954468] Extracted no relevant App Intents symbols, skipping writing output

SwiftDriverJobDiscovery normal x86_64 Compiling OutsideClickMonitor.swift (in target 'MacKitOverlay' from project 'MacKit')

SwiftDriver\ Compilation\ Requirements MacKitOverlay normal x86_64 com.apple.xcode.tools.swift.compiler (in target 'MacKitOverlay' from project 'MacKit')
    cd /Users/geraltgraham/Codes/CPUKiller/app-macos/MacResourceMonitor.xcodeproj
    builtin-Swift-Compilation-Requirements -- /Applications/Xcode.app/Contents/Developer/Toolchains/XcodeDefault.xctoolchain/usr/bin/swiftc -module-name MacKitOverlay -O -whole-module-optimization -enforce-exclusivity\=checked @/Users/geraltgraham/Codes/CPUKiller/app-macos/build/DerivedData/Build/Intermediates.noindex/MacKit.build/Release/MacKitOverlay.build/Objects-normal/x86_64/MacKitOverlay.SwiftFileList -DSWIFT_PACKAGE -DSWIFT_MODULE_RESOURCE_BUNDLE_UNAVAILABLE -DXcode -plugin-path /Applications/Xcode.app/Contents/Developer/Toolchains/XcodeDefault.xctoolchain/usr/lib/swift/host/plugins/testing -enable-experimental-feature DebugDescriptionMacro -sdk /Applications/Xcode.app/Contents/Developer/Platforms/MacOSX.platform/Developer/SDKs/MacOSX26.2.sdk -target x86_64-apple-macos14.0 -g -module-cache-path /Users/geraltgraham/Codes/CPUKiller/app-macos/build/DerivedData/ModuleCache.noindex -Xfrontend -serialize-debugging-options -suppress-warnings -swift-version 6 -I /Users/geraltgraham/Codes/CPUKiller/app-macos/build/DerivedData/Build/Products/Release -Isystem /Applications/Xcode.app/Contents/Developer/Platforms/MacOSX.platform/Developer/usr/lib -F /Users/geraltgraham/Codes/CPUKiller/app-macos/build/DerivedData/Build/Products/Release/PackageFrameworks -F /Users/geraltgraham/Codes/CPUKiller/app-macos/build/DerivedData/Build/Products/Release -F /Applications/Xcode.app/Contents/Developer/Platforms/MacOSX.platform/Developer/Library/Frameworks -parse-as-library -c -num-threads 8 -Xcc -ivfsstatcache -Xcc /Users/geraltgraham/Codes/CPUKiller/app-macos/build/DerivedData/SDKStatCaches.noindex/macosx26.2-25C58-e8867d0c40613ffc63e0238af232dc5000fa09913b459cbbc988d1f6730289ae.sdkstatcache -output-file-map /Users/geraltgraham/Codes/CPUKiller/app-macos/build/DerivedData/Build/Intermediates.noindex/MacKit.build/Release/MacKitOverlay.build/Objects-normal/x86_64/MacKitOverlay-OutputFileMap.json -use-frontend-parseable-output -save-temps -no-color-diagnostics -explicit-module-build -module-cache-path /Users/geraltgraham/Codes/CPUKiller/app-macos/build/DerivedData/Build/Intermediates.noindex/SwiftExplicitPrecompiledModules -clang-scanner-module-cache-path /Users/geraltgraham/Codes/CPUKiller/app-macos/build/DerivedData/ModuleCache.noindex -sdk-module-cache-path /Users/geraltgraham/Codes/CPUKiller/app-macos/build/DerivedData/ModuleCache.noindex -serialize-diagnostics -emit-dependencies -emit-module -emit-module-path /Users/geraltgraham/Codes/CPUKiller/app-macos/build/DerivedData/Build/Intermediates.noindex/MacKit.build/Release/MacKitOverlay.build/Objects-normal/x86_64/MacKitOverlay.swiftmodule -user-module-version 0.1.4 -validate-clang-modules-once -clang-build-session-file /Users/geraltgraham/Codes/CPUKiller/app-macos/build/DerivedData/ModuleCache.noindex/Session.modulevalidation -package-name mac_kit_swift -Xcc -I/Users/geraltgraham/Codes/CPUKiller/app-macos/build/DerivedData/Build/Intermediates.noindex/MacKit.build/Release/MacKitOverlay.build/swift-overrides.hmap -emit-const-values -Xfrontend -const-gather-protocols-file -Xfrontend /Users/geraltgraham/Codes/CPUKiller/app-macos/build/DerivedData/Build/Intermediates.noindex/MacKit.build/Release/MacKitOverlay.build/Objects-normal/x86_64/MacKitOverlay_const_extract_protocols.json -Xcc -I/Users/geraltgraham/Codes/CPUKiller/app-macos/build/DerivedData/Build/Products/Release/include -Xcc -I/Users/geraltgraham/Codes/CPUKiller/app-macos/build/DerivedData/Build/Intermediates.noindex/MacKit.build/Release/MacKitOverlay.build/DerivedSources-normal/x86_64 -Xcc -I/Users/geraltgraham/Codes/CPUKiller/app-macos/build/DerivedData/Build/Intermediates.noindex/MacKit.build/Release/MacKitOverlay.build/DerivedSources/x86_64 -Xcc -I/Users/geraltgraham/Codes/CPUKiller/app-macos/build/DerivedData/Build/Intermediates.noindex/MacKit.build/Release/MacKitOverlay.build/DerivedSources -Xcc -DSWIFT_PACKAGE -emit-objc-header -emit-objc-header-path /Users/geraltgraham/Codes/CPUKiller/app-macos/build/DerivedData/Build/Intermediates.noindex/MacKit.build/Release/MacKitOverlay.build/Objects-normal/x86_64/MacKitOverlay-Swift.h -working-directory /Users/geraltgraham/Codes/CPUKiller/app-macos/MacResourceMonitor.xcodeproj -no-emit-module-separately-wmo

Copy /Users/geraltgraham/Codes/CPUKiller/app-macos/build/DerivedData/Build/Products/Release/MacKitOverlay.swiftmodule/x86_64-apple-macos.swiftdoc /Users/geraltgraham/Codes/CPUKiller/app-macos/build/DerivedData/Build/Intermediates.noindex/MacKit.build/Release/MacKitOverlay.build/Objects-normal/x86_64/MacKitOverlay.swiftdoc (in target 'MacKitOverlay' from project 'MacKit')
    cd /Users/geraltgraham/Codes/CPUKiller/app-macos/build/DerivedData/SourcePackages/checkouts/mac-kit-swift
    builtin-copy -exclude .DS_Store -exclude CVS -exclude .svn -exclude .git -exclude .hg -strip-unsigned-binaries -strip-deterministic -strip-tool /Applications/Xcode.app/Contents/Developer/Toolchains/XcodeDefault.xctoolchain/usr/bin/strip -resolve-src-symlinks -rename /Users/geraltgraham/Codes/CPUKiller/app-macos/build/DerivedData/Build/Intermediates.noindex/MacKit.build/Release/MacKitOverlay.build/Objects-normal/x86_64/MacKitOverlay.swiftdoc /Users/geraltgraham/Codes/CPUKiller/app-macos/build/DerivedData/Build/Products/Release/MacKitOverlay.swiftmodule/x86_64-apple-macos.swiftdoc

Copy /Users/geraltgraham/Codes/CPUKiller/app-macos/build/DerivedData/Build/Products/Release/MacKitOverlay.swiftmodule/x86_64-apple-macos.abi.json /Users/geraltgraham/Codes/CPUKiller/app-macos/build/DerivedData/Build/Intermediates.noindex/MacKit.build/Release/MacKitOverlay.build/Objects-normal/x86_64/MacKitOverlay.abi.json (in target 'MacKitOverlay' from project 'MacKit')
    cd /Users/geraltgraham/Codes/CPUKiller/app-macos/build/DerivedData/SourcePackages/checkouts/mac-kit-swift
    builtin-copy -exclude .DS_Store -exclude CVS -exclude .svn -exclude .git -exclude .hg -strip-unsigned-binaries -strip-deterministic -strip-tool /Applications/Xcode.app/Contents/Developer/Toolchains/XcodeDefault.xctoolchain/usr/bin/strip -resolve-src-symlinks -rename /Users/geraltgraham/Codes/CPUKiller/app-macos/build/DerivedData/Build/Intermediates.noindex/MacKit.build/Release/MacKitOverlay.build/Objects-normal/x86_64/MacKitOverlay.abi.json /Users/geraltgraham/Codes/CPUKiller/app-macos/build/DerivedData/Build/Products/Release/MacKitOverlay.swiftmodule/x86_64-apple-macos.abi.json

Copy /Users/geraltgraham/Codes/CPUKiller/app-macos/build/DerivedData/Build/Products/Release/MacKitOverlay.swiftmodule/x86_64-apple-macos.swiftmodule /Users/geraltgraham/Codes/CPUKiller/app-macos/build/DerivedData/Build/Intermediates.noindex/MacKit.build/Release/MacKitOverlay.build/Objects-normal/x86_64/MacKitOverlay.swiftmodule (in target 'MacKitOverlay' from project 'MacKit')
    cd /Users/geraltgraham/Codes/CPUKiller/app-macos/build/DerivedData/SourcePackages/checkouts/mac-kit-swift
    builtin-copy -exclude .DS_Store -exclude CVS -exclude .svn -exclude .git -exclude .hg -strip-unsigned-binaries -strip-deterministic -strip-tool /Applications/Xcode.app/Contents/Developer/Toolchains/XcodeDefault.xctoolchain/usr/bin/strip -resolve-src-symlinks -rename /Users/geraltgraham/Codes/CPUKiller/app-macos/build/DerivedData/Build/Intermediates.noindex/MacKit.build/Release/MacKitOverlay.build/Objects-normal/x86_64/MacKitOverlay.swiftmodule /Users/geraltgraham/Codes/CPUKiller/app-macos/build/DerivedData/Build/Products/Release/MacKitOverlay.swiftmodule/x86_64-apple-macos.swiftmodule

Copy /Users/geraltgraham/Codes/CPUKiller/app-macos/build/DerivedData/Build/Products/Release/MacKitOverlay.swiftmodule/Project/x86_64-apple-macos.swiftsourceinfo /Users/geraltgraham/Codes/CPUKiller/app-macos/build/DerivedData/Build/Intermediates.noindex/MacKit.build/Release/MacKitOverlay.build/Objects-normal/x86_64/MacKitOverlay.swiftsourceinfo (in target 'MacKitOverlay' from project 'MacKit')
    cd /Users/geraltgraham/Codes/CPUKiller/app-macos/build/DerivedData/SourcePackages/checkouts/mac-kit-swift
    builtin-copy -exclude .DS_Store -exclude CVS -exclude .svn -exclude .git -exclude .hg -strip-unsigned-binaries -strip-deterministic -strip-tool /Applications/Xcode.app/Contents/Developer/Toolchains/XcodeDefault.xctoolchain/usr/bin/strip -resolve-src-symlinks -rename /Users/geraltgraham/Codes/CPUKiller/app-macos/build/DerivedData/Build/Intermediates.noindex/MacKit.build/Release/MacKitOverlay.build/Objects-normal/x86_64/MacKitOverlay.swiftsourceinfo /Users/geraltgraham/Codes/CPUKiller/app-macos/build/DerivedData/Build/Products/Release/MacKitOverlay.swiftmodule/Project/x86_64-apple-macos.swiftsourceinfo

RegisterExecutionPolicyException /Users/geraltgraham/Codes/CPUKiller/app-macos/build/DerivedData/Build/Products/Release/MacKitLifecycle.o (in target 'MacKitLifecycle' from project 'MacKit')
    cd /Users/geraltgraham/Codes/CPUKiller/app-macos/build/DerivedData/SourcePackages/checkouts/mac-kit-swift
    builtin-RegisterExecutionPolicyException /Users/geraltgraham/Codes/CPUKiller/app-macos/build/DerivedData/Build/Products/Release/MacKitLifecycle.o

SwiftDriverJobDiscovery normal arm64 Compiling OutsideClickMonitor.swift (in target 'MacKitOverlay' from project 'MacKit')

SwiftDriver\ Compilation\ Requirements MacKitOverlay normal arm64 com.apple.xcode.tools.swift.compiler (in target 'MacKitOverlay' from project 'MacKit')
    cd /Users/geraltgraham/Codes/CPUKiller/app-macos/MacResourceMonitor.xcodeproj
    builtin-Swift-Compilation-Requirements -- /Applications/Xcode.app/Contents/Developer/Toolchains/XcodeDefault.xctoolchain/usr/bin/swiftc -module-name MacKitOverlay -O -whole-module-optimization -enforce-exclusivity\=checked @/Users/geraltgraham/Codes/CPUKiller/app-macos/build/DerivedData/Build/Intermediates.noindex/MacKit.build/Release/MacKitOverlay.build/Objects-normal/arm64/MacKitOverlay.SwiftFileList -DSWIFT_PACKAGE -DSWIFT_MODULE_RESOURCE_BUNDLE_UNAVAILABLE -DXcode -plugin-path /Applications/Xcode.app/Contents/Developer/Toolchains/XcodeDefault.xctoolchain/usr/lib/swift/host/plugins/testing -enable-experimental-feature DebugDescriptionMacro -sdk /Applications/Xcode.app/Contents/Developer/Platforms/MacOSX.platform/Developer/SDKs/MacOSX26.2.sdk -target arm64-apple-macos14.0 -g -module-cache-path /Users/geraltgraham/Codes/CPUKiller/app-macos/build/DerivedData/ModuleCache.noindex -Xfrontend -serialize-debugging-options -suppress-warnings -swift-version 6 -I /Users/geraltgraham/Codes/CPUKiller/app-macos/build/DerivedData/Build/Products/Release -Isystem /Applications/Xcode.app/Contents/Developer/Platforms/MacOSX.platform/Developer/usr/lib -F /Users/geraltgraham/Codes/CPUKiller/app-macos/build/DerivedData/Build/Products/Release/PackageFrameworks -F /Users/geraltgraham/Codes/CPUKiller/app-macos/build/DerivedData/Build/Products/Release -F /Applications/Xcode.app/Contents/Developer/Platforms/MacOSX.platform/Developer/Library/Frameworks -parse-as-library -c -num-threads 8 -Xcc -ivfsstatcache -Xcc /Users/geraltgraham/Codes/CPUKiller/app-macos/build/DerivedData/SDKStatCaches.noindex/macosx26.2-25C58-e8867d0c40613ffc63e0238af232dc5000fa09913b459cbbc988d1f6730289ae.sdkstatcache -output-file-map /Users/geraltgraham/Codes/CPUKiller/app-macos/build/DerivedData/Build/Intermediates.noindex/MacKit.build/Release/MacKitOverlay.build/Objects-normal/arm64/MacKitOverlay-OutputFileMap.json -use-frontend-parseable-output -save-temps -no-color-diagnostics -explicit-module-build -module-cache-path /Users/geraltgraham/Codes/CPUKiller/app-macos/build/DerivedData/Build/Intermediates.noindex/SwiftExplicitPrecompiledModules -clang-scanner-module-cache-path /Users/geraltgraham/Codes/CPUKiller/app-macos/build/DerivedData/ModuleCache.noindex -sdk-module-cache-path /Users/geraltgraham/Codes/CPUKiller/app-macos/build/DerivedData/ModuleCache.noindex -serialize-diagnostics -emit-dependencies -emit-module -emit-module-path /Users/geraltgraham/Codes/CPUKiller/app-macos/build/DerivedData/Build/Intermediates.noindex/MacKit.build/Release/MacKitOverlay.build/Objects-normal/arm64/MacKitOverlay.swiftmodule -user-module-version 0.1.4 -validate-clang-modules-once -clang-build-session-file /Users/geraltgraham/Codes/CPUKiller/app-macos/build/DerivedData/ModuleCache.noindex/Session.modulevalidation -package-name mac_kit_swift -Xcc -I/Users/geraltgraham/Codes/CPUKiller/app-macos/build/DerivedData/Build/Intermediates.noindex/MacKit.build/Release/MacKitOverlay.build/swift-overrides.hmap -emit-const-values -Xfrontend -const-gather-protocols-file -Xfrontend /Users/geraltgraham/Codes/CPUKiller/app-macos/build/DerivedData/Build/Intermediates.noindex/MacKit.build/Release/MacKitOverlay.build/Objects-normal/arm64/MacKitOverlay_const_extract_protocols.json -Xcc -I/Users/geraltgraham/Codes/CPUKiller/app-macos/build/DerivedData/Build/Products/Release/include -Xcc -I/Users/geraltgraham/Codes/CPUKiller/app-macos/build/DerivedData/Build/Intermediates.noindex/MacKit.build/Release/MacKitOverlay.build/DerivedSources-normal/arm64 -Xcc -I/Users/geraltgraham/Codes/CPUKiller/app-macos/build/DerivedData/Build/Intermediates.noindex/MacKit.build/Release/MacKitOverlay.build/DerivedSources/arm64 -Xcc -I/Users/geraltgraham/Codes/CPUKiller/app-macos/build/DerivedData/Build/Intermediates.noindex/MacKit.build/Release/MacKitOverlay.build/DerivedSources -Xcc -DSWIFT_PACKAGE -emit-objc-header -emit-objc-header-path /Users/geraltgraham/Codes/CPUKiller/app-macos/build/DerivedData/Build/Intermediates.noindex/MacKit.build/Release/MacKitOverlay.build/Objects-normal/arm64/MacKitOverlay-Swift.h -working-directory /Users/geraltgraham/Codes/CPUKiller/app-macos/MacResourceMonitor.xcodeproj -no-emit-module-separately-wmo

SwiftMergeGeneratedHeaders /Users/geraltgraham/Codes/CPUKiller/app-macos/build/DerivedData/Build/Intermediates.noindex/GeneratedModuleMaps/MacKitOverlay-Swift.h /Users/geraltgraham/Codes/CPUKiller/app-macos/build/DerivedData/Build/Intermediates.noindex/MacKit.build/Release/MacKitOverlay.build/Objects-normal/arm64/MacKitOverlay-Swift.h /Users/geraltgraham/Codes/CPUKiller/app-macos/build/DerivedData/Build/Intermediates.noindex/MacKit.build/Release/MacKitOverlay.build/Objects-normal/x86_64/MacKitOverlay-Swift.h (in target 'MacKitOverlay' from project 'MacKit')
    cd /Users/geraltgraham/Codes/CPUKiller/app-macos/build/DerivedData/SourcePackages/checkouts/mac-kit-swift
    builtin-swiftHeaderTool -arch arm64 /Users/geraltgraham/Codes/CPUKiller/app-macos/build/DerivedData/Build/Intermediates.noindex/MacKit.build/Release/MacKitOverlay.build/Objects-normal/arm64/MacKitOverlay-Swift.h -arch x86_64 /Users/geraltgraham/Codes/CPUKiller/app-macos/build/DerivedData/Build/Intermediates.noindex/MacKit.build/Release/MacKitOverlay.build/Objects-normal/x86_64/MacKitOverlay-Swift.h -o /Users/geraltgraham/Codes/CPUKiller/app-macos/build/DerivedData/Build/Intermediates.noindex/GeneratedModuleMaps/MacKitOverlay-Swift.h

Copy /Users/geraltgraham/Codes/CPUKiller/app-macos/build/DerivedData/Build/Products/Release/MacKitOverlay.swiftmodule/arm64-apple-macos.swiftmodule /Users/geraltgraham/Codes/CPUKiller/app-macos/build/DerivedData/Build/Intermediates.noindex/MacKit.build/Release/MacKitOverlay.build/Objects-normal/arm64/MacKitOverlay.swiftmodule (in target 'MacKitOverlay' from project 'MacKit')
    cd /Users/geraltgraham/Codes/CPUKiller/app-macos/build/DerivedData/SourcePackages/checkouts/mac-kit-swift
    builtin-copy -exclude .DS_Store -exclude CVS -exclude .svn -exclude .git -exclude .hg -strip-unsigned-binaries -strip-deterministic -strip-tool /Applications/Xcode.app/Contents/Developer/Toolchains/XcodeDefault.xctoolchain/usr/bin/strip -resolve-src-symlinks -rename /Users/geraltgraham/Codes/CPUKiller/app-macos/build/DerivedData/Build/Intermediates.noindex/MacKit.build/Release/MacKitOverlay.build/Objects-normal/arm64/MacKitOverlay.swiftmodule /Users/geraltgraham/Codes/CPUKiller/app-macos/build/DerivedData/Build/Products/Release/MacKitOverlay.swiftmodule/arm64-apple-macos.swiftmodule

Copy /Users/geraltgraham/Codes/CPUKiller/app-macos/build/DerivedData/Build/Products/Release/MacKitOverlay.swiftmodule/Project/arm64-apple-macos.swiftsourceinfo /Users/geraltgraham/Codes/CPUKiller/app-macos/build/DerivedData/Build/Intermediates.noindex/MacKit.build/Release/MacKitOverlay.build/Objects-normal/arm64/MacKitOverlay.swiftsourceinfo (in target 'MacKitOverlay' from project 'MacKit')
    cd /Users/geraltgraham/Codes/CPUKiller/app-macos/build/DerivedData/SourcePackages/checkouts/mac-kit-swift
    builtin-copy -exclude .DS_Store -exclude CVS -exclude .svn -exclude .git -exclude .hg -strip-unsigned-binaries -strip-deterministic -strip-tool /Applications/Xcode.app/Contents/Developer/Toolchains/XcodeDefault.xctoolchain/usr/bin/strip -resolve-src-symlinks -rename /Users/geraltgraham/Codes/CPUKiller/app-macos/build/DerivedData/Build/Intermediates.noindex/MacKit.build/Release/MacKitOverlay.build/Objects-normal/arm64/MacKitOverlay.swiftsourceinfo /Users/geraltgraham/Codes/CPUKiller/app-macos/build/DerivedData/Build/Products/Release/MacKitOverlay.swiftmodule/Project/arm64-apple-macos.swiftsourceinfo

Copy /Users/geraltgraham/Codes/CPUKiller/app-macos/build/DerivedData/Build/Products/Release/MacKitOverlay.swiftmodule/arm64-apple-macos.abi.json /Users/geraltgraham/Codes/CPUKiller/app-macos/build/DerivedData/Build/Intermediates.noindex/MacKit.build/Release/MacKitOverlay.build/Objects-normal/arm64/MacKitOverlay.abi.json (in target 'MacKitOverlay' from project 'MacKit')
    cd /Users/geraltgraham/Codes/CPUKiller/app-macos/build/DerivedData/SourcePackages/checkouts/mac-kit-swift
    builtin-copy -exclude .DS_Store -exclude CVS -exclude .svn -exclude .git -exclude .hg -strip-unsigned-binaries -strip-deterministic -strip-tool /Applications/Xcode.app/Contents/Developer/Toolchains/XcodeDefault.xctoolchain/usr/bin/strip -resolve-src-symlinks -rename /Users/geraltgraham/Codes/CPUKiller/app-macos/build/DerivedData/Build/Intermediates.noindex/MacKit.build/Release/MacKitOverlay.build/Objects-normal/arm64/MacKitOverlay.abi.json /Users/geraltgraham/Codes/CPUKiller/app-macos/build/DerivedData/Build/Products/Release/MacKitOverlay.swiftmodule/arm64-apple-macos.abi.json

Copy /Users/geraltgraham/Codes/CPUKiller/app-macos/build/DerivedData/Build/Products/Release/MacKitOverlay.swiftmodule/arm64-apple-macos.swiftdoc /Users/geraltgraham/Codes/CPUKiller/app-macos/build/DerivedData/Build/Intermediates.noindex/MacKit.build/Release/MacKitOverlay.build/Objects-normal/arm64/MacKitOverlay.swiftdoc (in target 'MacKitOverlay' from project 'MacKit')
    cd /Users/geraltgraham/Codes/CPUKiller/app-macos/build/DerivedData/SourcePackages/checkouts/mac-kit-swift
    builtin-copy -exclude .DS_Store -exclude CVS -exclude .svn -exclude .git -exclude .hg -strip-unsigned-binaries -strip-deterministic -strip-tool /Applications/Xcode.app/Contents/Developer/Toolchains/XcodeDefault.xctoolchain/usr/bin/strip -resolve-src-symlinks -rename /Users/geraltgraham/Codes/CPUKiller/app-macos/build/DerivedData/Build/Intermediates.noindex/MacKit.build/Release/MacKitOverlay.build/Objects-normal/arm64/MacKitOverlay.swiftdoc /Users/geraltgraham/Codes/CPUKiller/app-macos/build/DerivedData/Build/Products/Release/MacKitOverlay.swiftmodule/arm64-apple-macos.swiftdoc

Ld /Users/geraltgraham/Codes/CPUKiller/app-macos/build/DerivedData/Build/Intermediates.noindex/MacKit.build/Release/MacKitOverlay.build/Objects-normal/x86_64/Binary/MacKitOverlay.o normal x86_64 (in target 'MacKitOverlay' from project 'MacKit')
    cd /Users/geraltgraham/Codes/CPUKiller/app-macos/build/DerivedData/SourcePackages/checkouts/mac-kit-swift
    /Applications/Xcode.app/Contents/Developer/Toolchains/XcodeDefault.xctoolchain/usr/bin/clang -Xlinker -reproducible -target x86_64-apple-macos14.0 -r -isysroot /Applications/Xcode.app/Contents/Developer/Platforms/MacOSX.platform/Developer/SDKs/MacOSX26.2.sdk -Os -w -L/Users/geraltgraham/Codes/CPUKiller/app-macos/build/DerivedData/Build/Intermediates.noindex/EagerLinkingTBDs/Release -L/Users/geraltgraham/Codes/CPUKiller/app-macos/build/DerivedData/Build/Products/Release -L/Applications/Xcode.app/Contents/Developer/Platforms/MacOSX.platform/Developer/usr/lib -F/Users/geraltgraham/Codes/CPUKiller/app-macos/build/DerivedData/Build/Intermediates.noindex/EagerLinkingTBDs/Release -F/Users/geraltgraham/Codes/CPUKiller/app-macos/build/DerivedData/Build/Products/Release/PackageFrameworks -F/Users/geraltgraham/Codes/CPUKiller/app-macos/build/DerivedData/Build/Products/Release -iframework /Applications/Xcode.app/Contents/Developer/Platforms/MacOSX.platform/Developer/Library/Frameworks -filelist /Users/geraltgraham/Codes/CPUKiller/app-macos/build/DerivedData/Build/Intermediates.noindex/MacKit.build/Release/MacKitOverlay.build/Objects-normal/x86_64/MacKitOverlay.LinkFileList -nostdlib -Xlinker -object_path_lto -Xlinker /Users/geraltgraham/Codes/CPUKiller/app-macos/build/DerivedData/Build/Intermediates.noindex/MacKit.build/Release/MacKitOverlay.build/Objects-normal/x86_64/MacKitOverlay_lto.o -Xlinker -dependency_info -Xlinker /Users/geraltgraham/Codes/CPUKiller/app-macos/build/DerivedData/Build/Intermediates.noindex/MacKit.build/Release/MacKitOverlay.build/Objects-normal/x86_64/MacKitOverlay_dependency_info.dat -fobjc-link-runtime -L/Applications/Xcode.app/Contents/Developer/Toolchains/XcodeDefault.xctoolchain/usr/lib/swift/macosx -L/usr/lib/swift -Xlinker -add_ast_path -Xlinker /Users/geraltgraham/Codes/CPUKiller/app-macos/build/DerivedData/Build/Intermediates.noindex/MacKit.build/Release/MacKitOverlay.build/Objects-normal/x86_64/MacKitOverlay.swiftmodule @/Users/geraltgraham/Codes/CPUKiller/app-macos/build/DerivedData/Build/Intermediates.noindex/MacKit.build/Release/MacKitOverlay.build/Objects-normal/x86_64/MacKitOverlay-linker-args.resp -o /Users/geraltgraham/Codes/CPUKiller/app-macos/build/DerivedData/Build/Intermediates.noindex/MacKit.build/Release/MacKitOverlay.build/Objects-normal/x86_64/Binary/MacKitOverlay.o

Ld /Users/geraltgraham/Codes/CPUKiller/app-macos/build/DerivedData/Build/Intermediates.noindex/MacKit.build/Release/MacKitOverlay.build/Objects-normal/arm64/Binary/MacKitOverlay.o normal arm64 (in target 'MacKitOverlay' from project 'MacKit')
    cd /Users/geraltgraham/Codes/CPUKiller/app-macos/build/DerivedData/SourcePackages/checkouts/mac-kit-swift
    /Applications/Xcode.app/Contents/Developer/Toolchains/XcodeDefault.xctoolchain/usr/bin/clang -Xlinker -reproducible -target arm64-apple-macos14.0 -r -isysroot /Applications/Xcode.app/Contents/Developer/Platforms/MacOSX.platform/Developer/SDKs/MacOSX26.2.sdk -Os -w -L/Users/geraltgraham/Codes/CPUKiller/app-macos/build/DerivedData/Build/Intermediates.noindex/EagerLinkingTBDs/Release -L/Users/geraltgraham/Codes/CPUKiller/app-macos/build/DerivedData/Build/Products/Release -L/Applications/Xcode.app/Contents/Developer/Platforms/MacOSX.platform/Developer/usr/lib -F/Users/geraltgraham/Codes/CPUKiller/app-macos/build/DerivedData/Build/Intermediates.noindex/EagerLinkingTBDs/Release -F/Users/geraltgraham/Codes/CPUKiller/app-macos/build/DerivedData/Build/Products/Release/PackageFrameworks -F/Users/geraltgraham/Codes/CPUKiller/app-macos/build/DerivedData/Build/Products/Release -iframework /Applications/Xcode.app/Contents/Developer/Platforms/MacOSX.platform/Developer/Library/Frameworks -filelist /Users/geraltgraham/Codes/CPUKiller/app-macos/build/DerivedData/Build/Intermediates.noindex/MacKit.build/Release/MacKitOverlay.build/Objects-normal/arm64/MacKitOverlay.LinkFileList -nostdlib -Xlinker -object_path_lto -Xlinker /Users/geraltgraham/Codes/CPUKiller/app-macos/build/DerivedData/Build/Intermediates.noindex/MacKit.build/Release/MacKitOverlay.build/Objects-normal/arm64/MacKitOverlay_lto.o -Xlinker -dependency_info -Xlinker /Users/geraltgraham/Codes/CPUKiller/app-macos/build/DerivedData/Build/Intermediates.noindex/MacKit.build/Release/MacKitOverlay.build/Objects-normal/arm64/MacKitOverlay_dependency_info.dat -fobjc-link-runtime -L/Applications/Xcode.app/Contents/Developer/Toolchains/XcodeDefault.xctoolchain/usr/lib/swift/macosx -L/usr/lib/swift -Xlinker -add_ast_path -Xlinker /Users/geraltgraham/Codes/CPUKiller/app-macos/build/DerivedData/Build/Intermediates.noindex/MacKit.build/Release/MacKitOverlay.build/Objects-normal/arm64/MacKitOverlay.swiftmodule @/Users/geraltgraham/Codes/CPUKiller/app-macos/build/DerivedData/Build/Intermediates.noindex/MacKit.build/Release/MacKitOverlay.build/Objects-normal/arm64/MacKitOverlay-linker-args.resp -o /Users/geraltgraham/Codes/CPUKiller/app-macos/build/DerivedData/Build/Intermediates.noindex/MacKit.build/Release/MacKitOverlay.build/Objects-normal/arm64/Binary/MacKitOverlay.o

ProcessProductPackaging /Users/geraltgraham/Codes/CPUKiller/app-macos/MacResourceMonitor/MacResourceMonitor.entitlements /Users/geraltgraham/Codes/CPUKiller/app-macos/build/DerivedData/Build/Intermediates.noindex/MacResourceMonitor.build/Release/MacResourceMonitor.build/Mac\ Resource\ Monitor.app.xcent (in target 'MacResourceMonitor' from project 'MacResourceMonitor')
    cd /Users/geraltgraham/Codes/CPUKiller/app-macos
    
    Entitlements:
    
    {
}
    
    builtin-productPackagingUtility /Users/geraltgraham/Codes/CPUKiller/app-macos/MacResourceMonitor/MacResourceMonitor.entitlements -entitlements -format xml -o /Users/geraltgraham/Codes/CPUKiller/app-macos/build/DerivedData/Build/Intermediates.noindex/MacResourceMonitor.build/Release/MacResourceMonitor.build/Mac\ Resource\ Monitor.app.xcent

ProcessProductPackagingDER /Users/geraltgraham/Codes/CPUKiller/app-macos/build/DerivedData/Build/Intermediates.noindex/MacResourceMonitor.build/Release/MacResourceMonitor.build/Mac\ Resource\ Monitor.app.xcent /Users/geraltgraham/Codes/CPUKiller/app-macos/build/DerivedData/Build/Intermediates.noindex/MacResourceMonitor.build/Release/MacResourceMonitor.build/Mac\ Resource\ Monitor.app.xcent.der (in target 'MacResourceMonitor' from project 'MacResourceMonitor')
    cd /Users/geraltgraham/Codes/CPUKiller/app-macos
    /usr/bin/derq query -f xml -i /Users/geraltgraham/Codes/CPUKiller/app-macos/build/DerivedData/Build/Intermediates.noindex/MacResourceMonitor.build/Release/MacResourceMonitor.build/Mac\ Resource\ Monitor.app.xcent -o /Users/geraltgraham/Codes/CPUKiller/app-macos/build/DerivedData/Build/Intermediates.noindex/MacResourceMonitor.build/Release/MacResourceMonitor.build/Mac\ Resource\ Monitor.app.xcent.der --raw

MkDir /Users/geraltgraham/Codes/CPUKiller/app-macos/build/DerivedData/Build/Intermediates.noindex/MacResourceMonitor.build/Release/MacResourceMonitor.build/assetcatalog_output/thinned (in target 'MacResourceMonitor' from project 'MacResourceMonitor')
    cd /Users/geraltgraham/Codes/CPUKiller/app-macos
    /bin/mkdir -p /Users/geraltgraham/Codes/CPUKiller/app-macos/build/DerivedData/Build/Intermediates.noindex/MacResourceMonitor.build/Release/MacResourceMonitor.build/assetcatalog_output/thinned

MkDir /Users/geraltgraham/Codes/CPUKiller/app-macos/build/DerivedData/Build/Intermediates.noindex/MacResourceMonitor.build/Release/MacResourceMonitor.build/assetcatalog_output/unthinned (in target 'MacResourceMonitor' from project 'MacResourceMonitor')
    cd /Users/geraltgraham/Codes/CPUKiller/app-macos
    /bin/mkdir -p /Users/geraltgraham/Codes/CPUKiller/app-macos/build/DerivedData/Build/Intermediates.noindex/MacResourceMonitor.build/Release/MacResourceMonitor.build/assetcatalog_output/unthinned

GenerateStringSymbols /Users/geraltgraham/Codes/CPUKiller/app-macos/build/DerivedData/Build/Intermediates.noindex/MacResourceMonitor.build/Release/MacResourceMonitor.build/DerivedSources/GeneratedStringSymbols_Localizable.swift /Users/geraltgraham/Codes/CPUKiller/app-macos/MacResourceMonitor/Localizable.xcstrings (in target 'MacResourceMonitor' from project 'MacResourceMonitor')
    cd /Users/geraltgraham/Codes/CPUKiller/app-macos
    /Applications/Xcode.app/Contents/Developer/usr/bin/xcstringstool generate-symbols --language swift --output-directory /Users/geraltgraham/Codes/CPUKiller/app-macos/build/DerivedData/Build/Intermediates.noindex/MacResourceMonitor.build/Release/MacResourceMonitor.build/DerivedSources /Users/geraltgraham/Codes/CPUKiller/app-macos/MacResourceMonitor/Localizable.xcstrings

GenerateAssetSymbols /Users/geraltgraham/Codes/CPUKiller/app-macos/MacResourceMonitor/Assets.xcassets (in target 'MacResourceMonitor' from project 'MacResourceMonitor')
    cd /Users/geraltgraham/Codes/CPUKiller/app-macos
    /Applications/Xcode.app/Contents/Developer/usr/bin/actool /Users/geraltgraham/Codes/CPUKiller/app-macos/MacResourceMonitor/Assets.xcassets --compile /Users/geraltgraham/Codes/CPUKiller/app-macos/build/DerivedData/Build/Products/Release/Mac\ Resource\ Monitor.app/Contents/Resources --output-format human-readable-text --notices --warnings --export-dependency-info /Users/geraltgraham/Codes/CPUKiller/app-macos/build/DerivedData/Build/Intermediates.noindex/MacResourceMonitor.build/Release/MacResourceMonitor.build/assetcatalog_dependencies --output-partial-info-plist /Users/geraltgraham/Codes/CPUKiller/app-macos/build/DerivedData/Build/Intermediates.noindex/MacResourceMonitor.build/Release/MacResourceMonitor.build/assetcatalog_generated_info.plist --app-icon AppIcon --enable-on-demand-resources NO --development-region en --target-device mac --minimum-deployment-target 26.0 --platform macosx --bundle-identifier top.caozc.MacResourceMonitor --generate-swift-asset-symbols /Users/geraltgraham/Codes/CPUKiller/app-macos/build/DerivedData/Build/Intermediates.noindex/MacResourceMonitor.build/Release/MacResourceMonitor.build/DerivedSources/GeneratedAssetSymbols.swift --generate-objc-asset-symbols /Users/geraltgraham/Codes/CPUKiller/app-macos/build/DerivedData/Build/Intermediates.noindex/MacResourceMonitor.build/Release/MacResourceMonitor.build/DerivedSources/GeneratedAssetSymbols.h --generate-asset-symbol-index /Users/geraltgraham/Codes/CPUKiller/app-macos/build/DerivedData/Build/Intermediates.noindex/MacResourceMonitor.build/Release/MacResourceMonitor.build/DerivedSources/GeneratedAssetSymbols-Index.plist
/* com.apple.actool.compilation-results */
/Users/geraltgraham/Codes/CPUKiller/app-macos/build/DerivedData/Build/Intermediates.noindex/MacResourceMonitor.build/Release/MacResourceMonitor.build/DerivedSources/GeneratedAssetSymbols-Index.plist
/Users/geraltgraham/Codes/CPUKiller/app-macos/build/DerivedData/Build/Intermediates.noindex/MacResourceMonitor.build/Release/MacResourceMonitor.build/DerivedSources/GeneratedAssetSymbols.h
/Users/geraltgraham/Codes/CPUKiller/app-macos/build/DerivedData/Build/Intermediates.noindex/MacResourceMonitor.build/Release/MacResourceMonitor.build/DerivedSources/GeneratedAssetSymbols.swift


CompileXCStrings /Users/geraltgraham/Codes/CPUKiller/app-macos/build/DerivedData/Build/Intermediates.noindex/MacResourceMonitor.build/Release/MacResourceMonitor.build/ /Users/geraltgraham/Codes/CPUKiller/app-macos/MacResourceMonitor/Localizable.xcstrings (in target 'MacResourceMonitor' from project 'MacResourceMonitor')
    cd /Users/geraltgraham/Codes/CPUKiller/app-macos
    /Applications/Xcode.app/Contents/Developer/usr/bin/xcstringstool compile --output-directory /Users/geraltgraham/Codes/CPUKiller/app-macos/build/DerivedData/Build/Intermediates.noindex/MacResourceMonitor.build/Release/MacResourceMonitor.build /Users/geraltgraham/Codes/CPUKiller/app-macos/MacResourceMonitor/Localizable.xcstrings

CompileAssetCatalogVariant thinned /Users/geraltgraham/Codes/CPUKiller/app-macos/build/DerivedData/Build/Products/Release/Mac\ Resource\ Monitor.app/Contents/Resources /Users/geraltgraham/Codes/CPUKiller/app-macos/MacResourceMonitor/Assets.xcassets (in target 'MacResourceMonitor' from project 'MacResourceMonitor')
    cd /Users/geraltgraham/Codes/CPUKiller/app-macos
    /Applications/Xcode.app/Contents/Developer/usr/bin/actool /Users/geraltgraham/Codes/CPUKiller/app-macos/MacResourceMonitor/Assets.xcassets --compile /Users/geraltgraham/Codes/CPUKiller/app-macos/build/DerivedData/Build/Intermediates.noindex/MacResourceMonitor.build/Release/MacResourceMonitor.build/assetcatalog_output/thinned --output-format human-readable-text --notices --warnings --export-dependency-info /Users/geraltgraham/Codes/CPUKiller/app-macos/build/DerivedData/Build/Intermediates.noindex/MacResourceMonitor.build/Release/MacResourceMonitor.build/assetcatalog_dependencies_thinned --output-partial-info-plist /Users/geraltgraham/Codes/CPUKiller/app-macos/build/DerivedData/Build/Intermediates.noindex/MacResourceMonitor.build/Release/MacResourceMonitor.build/assetcatalog_generated_info.plist_thinned --app-icon AppIcon --enable-on-demand-resources NO --development-region en --target-device mac --minimum-deployment-target 26.0 --platform macosx
/* com.apple.actool.compilation-results */
/Users/geraltgraham/Codes/CPUKiller/app-macos/build/DerivedData/Build/Intermediates.noindex/MacResourceMonitor.build/Release/MacResourceMonitor.build/assetcatalog_generated_info.plist_thinned
/Users/geraltgraham/Codes/CPUKiller/app-macos/build/DerivedData/Build/Intermediates.noindex/MacResourceMonitor.build/Release/MacResourceMonitor.build/assetcatalog_output/thinned/AppIcon.icns
/Users/geraltgraham/Codes/CPUKiller/app-macos/build/DerivedData/Build/Intermediates.noindex/MacResourceMonitor.build/Release/MacResourceMonitor.build/assetcatalog_output/thinned/Assets.car


CreateUniversalBinary /Users/geraltgraham/Codes/CPUKiller/app-macos/build/DerivedData/Build/Products/Release/MacKitOverlay.o normal arm64\ x86_64 (in target 'MacKitOverlay' from project 'MacKit')
    cd /Users/geraltgraham/Codes/CPUKiller/app-macos/build/DerivedData/SourcePackages/checkouts/mac-kit-swift
    /Applications/Xcode.app/Contents/Developer/Toolchains/XcodeDefault.xctoolchain/usr/bin/lipo -create /Users/geraltgraham/Codes/CPUKiller/app-macos/build/DerivedData/Build/Intermediates.noindex/MacKit.build/Release/MacKitOverlay.build/Objects-normal/arm64/Binary/MacKitOverlay.o /Users/geraltgraham/Codes/CPUKiller/app-macos/build/DerivedData/Build/Intermediates.noindex/MacKit.build/Release/MacKitOverlay.build/Objects-normal/x86_64/Binary/MacKitOverlay.o -output /Users/geraltgraham/Codes/CPUKiller/app-macos/build/DerivedData/Build/Products/Release/MacKitOverlay.o

ExtractAppIntentsMetadata (in target 'MacKitOverlay' from project 'MacKit')
    cd /Users/geraltgraham/Codes/CPUKiller/app-macos/build/DerivedData/SourcePackages/checkouts/mac-kit-swift
    /Applications/Xcode.app/Contents/Developer/Toolchains/XcodeDefault.xctoolchain/usr/bin/appintentsmetadataprocessor --toolchain-dir /var/run/com.apple.security.cryptexd/mnt/com.apple.MobileAsset.MetalToolchain-v17.3.519.0.Mve7GT/Metal.xctoolchain --module-name MacKitOverlay --sdk-root /Applications/Xcode.app/Contents/Developer/Platforms/MacOSX.platform/Developer/SDKs/MacOSX26.2.sdk --xcode-version 17C519 --platform-family macOS --deployment-target 14.0 --bundle-identifier mac-kit-swift.MacKitOverlay --output /Users/geraltgraham/Codes/CPUKiller/app-macos/build/DerivedData/Build/Products/Release/MacKitOverlay.appintents --target-triple arm64-apple-macos14.0 --target-triple x86_64-apple-macos14.0 --binary-file /Users/geraltgraham/Codes/CPUKiller/app-macos/build/DerivedData/Build/Products/Release/MacKitOverlay.o --dependency-file /Users/geraltgraham/Codes/CPUKiller/app-macos/build/DerivedData/Build/Intermediates.noindex/MacKit.build/Release/MacKitOverlay.build/Objects-normal/arm64/MacKitOverlay_dependency_info.dat --dependency-file /Users/geraltgraham/Codes/CPUKiller/app-macos/build/DerivedData/Build/Intermediates.noindex/MacKit.build/Release/MacKitOverlay.build/Objects-normal/x86_64/MacKitOverlay_dependency_info.dat --stringsdata-file /Users/geraltgraham/Codes/CPUKiller/app-macos/build/DerivedData/Build/Intermediates.noindex/MacKit.build/Release/MacKitOverlay.build/Objects-normal/arm64/ExtractedAppShortcutsMetadata.stringsdata --stringsdata-file /Users/geraltgraham/Codes/CPUKiller/app-macos/build/DerivedData/Build/Intermediates.noindex/MacKit.build/Release/MacKitOverlay.build/Objects-normal/x86_64/ExtractedAppShortcutsMetadata.stringsdata --source-file-list /Users/geraltgraham/Codes/CPUKiller/app-macos/build/DerivedData/Build/Intermediates.noindex/MacKit.build/Release/MacKitOverlay.build/Objects-normal/arm64/MacKitOverlay.SwiftFileList --source-file-list /Users/geraltgraham/Codes/CPUKiller/app-macos/build/DerivedData/Build/Intermediates.noindex/MacKit.build/Release/MacKitOverlay.build/Objects-normal/x86_64/MacKitOverlay.SwiftFileList --metadata-file-list /Users/geraltgraham/Codes/CPUKiller/app-macos/build/DerivedData/Build/Intermediates.noindex/MacKit.build/Release/MacKitOverlay.build/MacKitOverlay.DependencyMetadataFileList --static-metadata-file-list /Users/geraltgraham/Codes/CPUKiller/app-macos/build/DerivedData/Build/Intermediates.noindex/MacKit.build/Release/MacKitOverlay.build/MacKitOverlay.DependencyStaticMetadataFileList --swift-const-vals-list /Users/geraltgraham/Codes/CPUKiller/app-macos/build/DerivedData/Build/Intermediates.noindex/MacKit.build/Release/MacKitOverlay.build/Objects-normal/arm64/MacKitOverlay.SwiftConstValuesFileList --swift-const-vals-list /Users/geraltgraham/Codes/CPUKiller/app-macos/build/DerivedData/Build/Intermediates.noindex/MacKit.build/Release/MacKitOverlay.build/Objects-normal/x86_64/MacKitOverlay.SwiftConstValuesFileList --force --compile-time-extraction --deployment-aware-processing --validate-assistant-intents --no-app-shortcuts-localization
2026-09-08 14:15:41.846 appintentsmetadataprocessor[97375:20954549] Starting appintentsmetadataprocessor export
2026-09-08 14:15:42.160 appintentsmetadataprocessor[97375:20954549] Extracted no relevant App Intents symbols, skipping writing output

CopyStringsFile /Users/geraltgraham/Codes/CPUKiller/app-macos/build/DerivedData/Build/Products/Release/Mac\ Resource\ Monitor.app/Contents/Resources/en.lproj/Localizable.strings /Users/geraltgraham/Codes/CPUKiller/app-macos/build/DerivedData/Build/Intermediates.noindex/MacResourceMonitor.build/Release/MacResourceMonitor.build/en.lproj/Localizable.strings (in target 'MacResourceMonitor' from project 'MacResourceMonitor')
    cd /Users/geraltgraham/Codes/CPUKiller/app-macos
    builtin-copyStrings --validate --outputencoding UTF-16 --outfilename Localizable.strings --outdir /Users/geraltgraham/Codes/CPUKiller/app-macos/build/DerivedData/Build/Products/Release/Mac\ Resource\ Monitor.app/Contents/Resources/en.lproj -- /Users/geraltgraham/Codes/CPUKiller/app-macos/build/DerivedData/Build/Intermediates.noindex/MacResourceMonitor.build/Release/MacResourceMonitor.build/en.lproj/Localizable.strings
/Users/geraltgraham/Codes/CPUKiller/app-macos/build/DerivedData/Build/Intermediates.noindex/MacResourceMonitor.build/Release/MacResourceMonitor.build/en.lproj/Localizable.strings:1:1: note: detected encoding of input file as Unicode (UTF-8) (in target 'MacResourceMonitor' from project 'MacResourceMonitor')

CopyStringsFile /Users/geraltgraham/Codes/CPUKiller/app-macos/build/DerivedData/Build/Products/Release/Mac\ Resource\ Monitor.app/Contents/Resources/zh-Hans.lproj/Localizable.strings /Users/geraltgraham/Codes/CPUKiller/app-macos/build/DerivedData/Build/Intermediates.noindex/MacResourceMonitor.build/Release/MacResourceMonitor.build/zh-Hans.lproj/Localizable.strings (in target 'MacResourceMonitor' from project 'MacResourceMonitor')
    cd /Users/geraltgraham/Codes/CPUKiller/app-macos
    builtin-copyStrings --validate --outputencoding UTF-16 --outfilename Localizable.strings --outdir /Users/geraltgraham/Codes/CPUKiller/app-macos/build/DerivedData/Build/Products/Release/Mac\ Resource\ Monitor.app/Contents/Resources/zh-Hans.lproj -- /Users/geraltgraham/Codes/CPUKiller/app-macos/build/DerivedData/Build/Intermediates.noindex/MacResourceMonitor.build/Release/MacResourceMonitor.build/zh-Hans.lproj/Localizable.strings
/Users/geraltgraham/Codes/CPUKiller/app-macos/build/DerivedData/Build/Intermediates.noindex/MacResourceMonitor.build/Release/MacResourceMonitor.build/zh-Hans.lproj/Localizable.strings:1:1: note: detected encoding of input file as Unicode (UTF-8) (in target 'MacResourceMonitor' from project 'MacResourceMonitor')

RegisterExecutionPolicyException /Users/geraltgraham/Codes/CPUKiller/app-macos/build/DerivedData/Build/Products/Release/MacKitOverlay.o (in target 'MacKitOverlay' from project 'MacKit')
    cd /Users/geraltgraham/Codes/CPUKiller/app-macos/build/DerivedData/SourcePackages/checkouts/mac-kit-swift
    builtin-RegisterExecutionPolicyException /Users/geraltgraham/Codes/CPUKiller/app-macos/build/DerivedData/Build/Products/Release/MacKitOverlay.o

Copy /Users/geraltgraham/Codes/CPUKiller/app-macos/build/DerivedData/Build/Products/Release/Mac\ Resource\ Monitor.app/Contents/Frameworks/Sparkle.framework /Users/geraltgraham/Codes/CPUKiller/app-macos/build/DerivedData/SourcePackages/artifacts/sparkle/Sparkle/Sparkle.xcframework/macos-arm64_x86_64/Sparkle.framework (in target 'MacResourceMonitor' from project 'MacResourceMonitor')
    cd /Users/geraltgraham/Codes/CPUKiller/app-macos
    builtin-copy -exclude .DS_Store -exclude CVS -exclude .svn -exclude .git -exclude .hg -exclude Headers -exclude PrivateHeaders -exclude Modules -exclude \*.tbd -resolve-src-symlinks -remove-static-executable /Users/geraltgraham/Codes/CPUKiller/app-macos/build/DerivedData/SourcePackages/artifacts/sparkle/Sparkle/Sparkle.xcframework/macos-arm64_x86_64/Sparkle.framework /Users/geraltgraham/Codes/CPUKiller/app-macos/build/DerivedData/Build/Products/Release/Mac\ Resource\ Monitor.app/Contents/Frameworks

CodeSign /Users/geraltgraham/Codes/CPUKiller/app-macos/build/DerivedData/Build/Products/Release/Mac\ Resource\ Monitor.app/Contents/Frameworks/Sparkle.framework/Versions/B (in target 'MacResourceMonitor' from project 'MacResourceMonitor')
    cd /Users/geraltgraham/Codes/CPUKiller/app-macos
    
    Signing Identity:     "Developer ID Application: Zhichao Cao (SHZQ3MWP3B)"
    
    /usr/bin/codesign --force --sign EF6CEF412676C14640AACB1ADDABE839D52AF6EE --timestamp -o runtime --requirements \=designated\ \=\>\ anchor\ apple\ generic\ \ and\ identifier\ \"\$self.identifier\"\ and\ \(\(cert\ leaf\[field.1.2.840.113635.100.6.1.9\]\ exists\)\ or\ \(\ certificate\ 1\[field.1.2.840.113635.100.6.2.6\]\ exists\ and\ certificate\ leaf\[field.1.2.840.113635.100.6.1.13\]\ exists\ \ and\ certificate\ leaf\[subject.OU\]\ \=\ \"SHZQ3MWP3B\"\ \)\) --preserve-metadata\=identifier,entitlements,flags --generate-entitlement-der /Users/geraltgraham/Codes/CPUKiller/app-macos/build/DerivedData/Build/Products/Release/Mac\ Resource\ Monitor.app/Contents/Frameworks/Sparkle.framework/Versions/B
/Users/geraltgraham/Codes/CPUKiller/app-macos/build/DerivedData/Build/Products/Release/Mac Resource Monitor.app/Contents/Frameworks/Sparkle.framework/Versions/B: replacing existing signature

LinkAssetCatalog /Users/geraltgraham/Codes/CPUKiller/app-macos/MacResourceMonitor/Assets.xcassets (in target 'MacResourceMonitor' from project 'MacResourceMonitor')
    cd /Users/geraltgraham/Codes/CPUKiller/app-macos
    builtin-linkAssetCatalog --thinned /Users/geraltgraham/Codes/CPUKiller/app-macos/build/DerivedData/Build/Intermediates.noindex/MacResourceMonitor.build/Release/MacResourceMonitor.build/assetcatalog_output/thinned --thinned-dependencies /Users/geraltgraham/Codes/CPUKiller/app-macos/build/DerivedData/Build/Intermediates.noindex/MacResourceMonitor.build/Release/MacResourceMonitor.build/assetcatalog_dependencies_thinned --thinned-info-plist-content /Users/geraltgraham/Codes/CPUKiller/app-macos/build/DerivedData/Build/Intermediates.noindex/MacResourceMonitor.build/Release/MacResourceMonitor.build/assetcatalog_generated_info.plist_thinned --unthinned /Users/geraltgraham/Codes/CPUKiller/app-macos/build/DerivedData/Build/Intermediates.noindex/MacResourceMonitor.build/Release/MacResourceMonitor.build/assetcatalog_output/unthinned --unthinned-dependencies /Users/geraltgraham/Codes/CPUKiller/app-macos/build/DerivedData/Build/Intermediates.noindex/MacResourceMonitor.build/Release/MacResourceMonitor.build/assetcatalog_dependencies_unthinned --unthinned-info-plist-content /Users/geraltgraham/Codes/CPUKiller/app-macos/build/DerivedData/Build/Intermediates.noindex/MacResourceMonitor.build/Release/MacResourceMonitor.build/assetcatalog_generated_info.plist_unthinned --output /Users/geraltgraham/Codes/CPUKiller/app-macos/build/DerivedData/Build/Products/Release/Mac\ Resource\ Monitor.app/Contents/Resources --plist-output /Users/geraltgraham/Codes/CPUKiller/app-macos/build/DerivedData/Build/Intermediates.noindex/MacResourceMonitor.build/Release/MacResourceMonitor.build/assetcatalog_generated_info.plist
note: Emplaced /Users/geraltgraham/Codes/CPUKiller/app-macos/build/DerivedData/Build/Products/Release/Mac Resource Monitor.app/Contents/Resources/AppIcon.icns (in target 'MacResourceMonitor' from project 'MacResourceMonitor')
note: Emplaced /Users/geraltgraham/Codes/CPUKiller/app-macos/build/DerivedData/Build/Products/Release/Mac Resource Monitor.app/Contents/Resources/Assets.car (in target 'MacResourceMonitor' from project 'MacResourceMonitor')

ProcessInfoPlistFile /Users/geraltgraham/Codes/CPUKiller/app-macos/build/DerivedData/Build/Products/Release/Mac\ Resource\ Monitor.app/Contents/Info.plist /Users/geraltgraham/Codes/CPUKiller/app-macos/MacResourceMonitor/Info.plist (in target 'MacResourceMonitor' from project 'MacResourceMonitor')
    cd /Users/geraltgraham/Codes/CPUKiller/app-macos
    builtin-infoPlistUtility /Users/geraltgraham/Codes/CPUKiller/app-macos/MacResourceMonitor/Info.plist -producttype com.apple.product-type.application -genpkginfo /Users/geraltgraham/Codes/CPUKiller/app-macos/build/DerivedData/Build/Products/Release/Mac\ Resource\ Monitor.app/Contents/PkgInfo -expandbuildsettings -platform macosx -additionalcontentfile /Users/geraltgraham/Codes/CPUKiller/app-macos/build/DerivedData/Build/Intermediates.noindex/MacResourceMonitor.build/Release/MacResourceMonitor.build/assetcatalog_generated_info.plist -scanforprivacyfile /Users/geraltgraham/Codes/CPUKiller/app-macos/build/DerivedData/Build/Products/Release/Mac\ Resource\ Monitor.app/Contents/Frameworks/Sparkle.framework -o /Users/geraltgraham/Codes/CPUKiller/app-macos/build/DerivedData/Build/Products/Release/Mac\ Resource\ Monitor.app/Contents/Info.plist

SwiftDriver MacResourceMonitor normal arm64 com.apple.xcode.tools.swift.compiler (in target 'MacResourceMonitor' from project 'MacResourceMonitor')
    cd /Users/geraltgraham/Codes/CPUKiller/app-macos
    builtin-SwiftDriver -- /Applications/Xcode.app/Contents/Developer/Toolchains/XcodeDefault.xctoolchain/usr/bin/swiftc -module-name MacResourceMonitor -O -whole-module-optimization -enforce-exclusivity\=checked @/Users/geraltgraham/Codes/CPUKiller/app-macos/build/DerivedData/Build/Intermediates.noindex/MacResourceMonitor.build/Release/MacResourceMonitor.build/Objects-normal/arm64/Mac\ Resource\ Monitor.SwiftFileList -default-isolation\=MainActor -enable-upcoming-feature InferIsolatedConformances -enable-upcoming-feature NonisolatedNonsendingByDefault -enable-experimental-feature DebugDescriptionMacro -sdk /Applications/Xcode.app/Contents/Developer/Platforms/MacOSX.platform/Developer/SDKs/MacOSX26.2.sdk -target arm64-apple-macos26.0 -g -module-cache-path /Users/geraltgraham/Codes/CPUKiller/app-macos/build/DerivedData/ModuleCache.noindex -Xfrontend -serialize-debugging-options -swift-version 6 -I /Users/geraltgraham/Codes/CPUKiller/app-macos/build/DerivedData/Build/Products/Release -F /Users/geraltgraham/Codes/CPUKiller/app-macos/build/DerivedData/Build/Products/Release/PackageFrameworks -F /Users/geraltgraham/Codes/CPUKiller/app-macos/build/DerivedData/Build/Products/Release/PackageFrameworks -F /Users/geraltgraham/Codes/CPUKiller/app-macos/build/DerivedData/Build/Products/Release/PackageFrameworks -F /Users/geraltgraham/Codes/CPUKiller/app-macos/build/DerivedData/Build/Products/Release/PackageFrameworks -F /Users/geraltgraham/Codes/CPUKiller/app-macos/build/DerivedData/Build/Products/Release/PackageFrameworks -F /Users/geraltgraham/Codes/CPUKiller/app-macos/build/DerivedData/Build/Products/Release -emit-localized-strings -emit-localized-strings-path /Users/geraltgraham/Codes/CPUKiller/app-macos/build/DerivedData/Build/Intermediates.noindex/MacResourceMonitor.build/Release/MacResourceMonitor.build/Objects-normal/arm64 -c -num-threads 8 -Xcc -ivfsstatcache -Xcc /Users/geraltgraham/Codes/CPUKiller/app-macos/build/DerivedData/SDKStatCaches.noindex/macosx26.2-25C58-e8867d0c40613ffc63e0238af232dc5000fa09913b459cbbc988d1f6730289ae.sdkstatcache -output-file-map /Users/geraltgraham/Codes/CPUKiller/app-macos/build/DerivedData/Build/Intermediates.noindex/MacResourceMonitor.build/Release/MacResourceMonitor.build/Objects-normal/arm64/MacResourceMonitor-OutputFileMap.json -use-frontend-parseable-output -save-temps -no-color-diagnostics -explicit-module-build -module-cache-path /Users/geraltgraham/Codes/CPUKiller/app-macos/build/DerivedData/Build/Intermediates.noindex/SwiftExplicitPrecompiledModules -clang-scanner-module-cache-path /Users/geraltgraham/Codes/CPUKiller/app-macos/build/DerivedData/ModuleCache.noindex -sdk-module-cache-path /Users/geraltgraham/Codes/CPUKiller/app-macos/build/DerivedData/ModuleCache.noindex -serialize-diagnostics -emit-dependencies -emit-module -emit-module-path /Users/geraltgraham/Codes/CPUKiller/app-macos/build/DerivedData/Build/Intermediates.noindex/MacResourceMonitor.build/Release/MacResourceMonitor.build/Objects-normal/arm64/MacResourceMonitor.swiftmodule -validate-clang-modules-once -clang-build-session-file /Users/geraltgraham/Codes/CPUKiller/app-macos/build/DerivedData/ModuleCache.noindex/Session.modulevalidation -Xcc -I/Users/geraltgraham/Codes/CPUKiller/app-macos/build/DerivedData/Build/Intermediates.noindex/MacResourceMonitor.build/Release/MacResourceMonitor.build/swift-overrides.hmap -emit-const-values -Xfrontend -const-gather-protocols-file -Xfrontend /Users/geraltgraham/Codes/CPUKiller/app-macos/build/DerivedData/Build/Intermediates.noindex/MacResourceMonitor.build/Release/MacResourceMonitor.build/Objects-normal/arm64/MacResourceMonitor_const_extract_protocols.json -Xcc -iquote -Xcc /Users/geraltgraham/Codes/CPUKiller/app-macos/build/DerivedData/Build/Intermediates.noindex/MacResourceMonitor.build/Release/MacResourceMonitor.build/Mac\ Resource\ Monitor-generated-files.hmap -Xcc -I/Users/geraltgraham/Codes/CPUKiller/app-macos/build/DerivedData/Build/Intermediates.noindex/MacResourceMonitor.build/Release/MacResourceMonitor.build/Mac\ Resource\ Monitor-own-target-headers.hmap -Xcc -I/Users/geraltgraham/Codes/CPUKiller/app-macos/build/DerivedData/Build/Intermediates.noindex/MacResourceMonitor.build/Release/MacResourceMonitor.build/Mac\ Resource\ Monitor-all-non-framework-target-headers.hmap -Xcc -ivfsoverlay -Xcc /Users/geraltgraham/Codes/CPUKiller/app-macos/build/DerivedData/Build/Intermediates.noindex/MacResourceMonitor.build/Release/MacResourceMonitor-a1684bb79aec471112787f9950c9c927-VFS/all-product-headers.yaml -Xcc -iquote -Xcc /Users/geraltgraham/Codes/CPUKiller/app-macos/build/DerivedData/Build/Intermediates.noindex/MacResourceMonitor.build/Release/MacResourceMonitor.build/Mac\ Resource\ Monitor-project-headers.hmap -Xcc -I/Users/geraltgraham/Codes/CPUKiller/app-macos/build/DerivedData/Build/Products/Release/include -Xcc -I/Users/geraltgraham/Codes/CPUKiller/app-macos/build/DerivedData/Build/Intermediates.noindex/MacResourceMonitor.build/Release/MacResourceMonitor.build/DerivedSources-normal/arm64 -Xcc -I/Users/geraltgraham/Codes/CPUKiller/app-macos/build/DerivedData/Build/Intermediates.noindex/MacResourceMonitor.build/Release/MacResourceMonitor.build/DerivedSources/arm64 -Xcc -I/Users/geraltgraham/Codes/CPUKiller/app-macos/build/DerivedData/Build/Intermediates.noindex/MacResourceMonitor.build/Release/MacResourceMonitor.build/DerivedSources -emit-objc-header -emit-objc-header-path /Users/geraltgraham/Codes/CPUKiller/app-macos/build/DerivedData/Build/Intermediates.noindex/MacResourceMonitor.build/Release/MacResourceMonitor.build/Objects-normal/arm64/MacResourceMonitor-Swift.h -working-directory /Users/geraltgraham/Codes/CPUKiller/app-macos -no-emit-module-separately-wmo

SwiftDriver MacResourceMonitor normal x86_64 com.apple.xcode.tools.swift.compiler (in target 'MacResourceMonitor' from project 'MacResourceMonitor')
    cd /Users/geraltgraham/Codes/CPUKiller/app-macos
    builtin-SwiftDriver -- /Applications/Xcode.app/Contents/Developer/Toolchains/XcodeDefault.xctoolchain/usr/bin/swiftc -module-name MacResourceMonitor -O -whole-module-optimization -enforce-exclusivity\=checked @/Users/geraltgraham/Codes/CPUKiller/app-macos/build/DerivedData/Build/Intermediates.noindex/MacResourceMonitor.build/Release/MacResourceMonitor.build/Objects-normal/x86_64/Mac\ Resource\ Monitor.SwiftFileList -default-isolation\=MainActor -enable-upcoming-feature InferIsolatedConformances -enable-upcoming-feature NonisolatedNonsendingByDefault -enable-experimental-feature DebugDescriptionMacro -sdk /Applications/Xcode.app/Contents/Developer/Platforms/MacOSX.platform/Developer/SDKs/MacOSX26.2.sdk -target x86_64-apple-macos26.0 -g -module-cache-path /Users/geraltgraham/Codes/CPUKiller/app-macos/build/DerivedData/ModuleCache.noindex -Xfrontend -serialize-debugging-options -swift-version 6 -I /Users/geraltgraham/Codes/CPUKiller/app-macos/build/DerivedData/Build/Products/Release -F /Users/geraltgraham/Codes/CPUKiller/app-macos/build/DerivedData/Build/Products/Release/PackageFrameworks -F /Users/geraltgraham/Codes/CPUKiller/app-macos/build/DerivedData/Build/Products/Release/PackageFrameworks -F /Users/geraltgraham/Codes/CPUKiller/app-macos/build/DerivedData/Build/Products/Release/PackageFrameworks -F /Users/geraltgraham/Codes/CPUKiller/app-macos/build/DerivedData/Build/Products/Release/PackageFrameworks -F /Users/geraltgraham/Codes/CPUKiller/app-macos/build/DerivedData/Build/Products/Release/PackageFrameworks -F /Users/geraltgraham/Codes/CPUKiller/app-macos/build/DerivedData/Build/Products/Release -emit-localized-strings -emit-localized-strings-path /Users/geraltgraham/Codes/CPUKiller/app-macos/build/DerivedData/Build/Intermediates.noindex/MacResourceMonitor.build/Release/MacResourceMonitor.build/Objects-normal/x86_64 -c -num-threads 8 -Xcc -ivfsstatcache -Xcc /Users/geraltgraham/Codes/CPUKiller/app-macos/build/DerivedData/SDKStatCaches.noindex/macosx26.2-25C58-e8867d0c40613ffc63e0238af232dc5000fa09913b459cbbc988d1f6730289ae.sdkstatcache -output-file-map /Users/geraltgraham/Codes/CPUKiller/app-macos/build/DerivedData/Build/Intermediates.noindex/MacResourceMonitor.build/Release/MacResourceMonitor.build/Objects-normal/x86_64/MacResourceMonitor-OutputFileMap.json -use-frontend-parseable-output -save-temps -no-color-diagnostics -explicit-module-build -module-cache-path /Users/geraltgraham/Codes/CPUKiller/app-macos/build/DerivedData/Build/Intermediates.noindex/SwiftExplicitPrecompiledModules -clang-scanner-module-cache-path /Users/geraltgraham/Codes/CPUKiller/app-macos/build/DerivedData/ModuleCache.noindex -sdk-module-cache-path /Users/geraltgraham/Codes/CPUKiller/app-macos/build/DerivedData/ModuleCache.noindex -serialize-diagnostics -emit-dependencies -emit-module -emit-module-path /Users/geraltgraham/Codes/CPUKiller/app-macos/build/DerivedData/Build/Intermediates.noindex/MacResourceMonitor.build/Release/MacResourceMonitor.build/Objects-normal/x86_64/MacResourceMonitor.swiftmodule -validate-clang-modules-once -clang-build-session-file /Users/geraltgraham/Codes/CPUKiller/app-macos/build/DerivedData/ModuleCache.noindex/Session.modulevalidation -Xcc -I/Users/geraltgraham/Codes/CPUKiller/app-macos/build/DerivedData/Build/Intermediates.noindex/MacResourceMonitor.build/Release/MacResourceMonitor.build/swift-overrides.hmap -emit-const-values -Xfrontend -const-gather-protocols-file -Xfrontend /Users/geraltgraham/Codes/CPUKiller/app-macos/build/DerivedData/Build/Intermediates.noindex/MacResourceMonitor.build/Release/MacResourceMonitor.build/Objects-normal/x86_64/MacResourceMonitor_const_extract_protocols.json -Xcc -iquote -Xcc /Users/geraltgraham/Codes/CPUKiller/app-macos/build/DerivedData/Build/Intermediates.noindex/MacResourceMonitor.build/Release/MacResourceMonitor.build/Mac\ Resource\ Monitor-generated-files.hmap -Xcc -I/Users/geraltgraham/Codes/CPUKiller/app-macos/build/DerivedData/Build/Intermediates.noindex/MacResourceMonitor.build/Release/MacResourceMonitor.build/Mac\ Resource\ Monitor-own-target-headers.hmap -Xcc -I/Users/geraltgraham/Codes/CPUKiller/app-macos/build/DerivedData/Build/Intermediates.noindex/MacResourceMonitor.build/Release/MacResourceMonitor.build/Mac\ Resource\ Monitor-all-non-framework-target-headers.hmap -Xcc -ivfsoverlay -Xcc /Users/geraltgraham/Codes/CPUKiller/app-macos/build/DerivedData/Build/Intermediates.noindex/MacResourceMonitor.build/Release/MacResourceMonitor-a1684bb79aec471112787f9950c9c927-VFS/all-product-headers.yaml -Xcc -iquote -Xcc /Users/geraltgraham/Codes/CPUKiller/app-macos/build/DerivedData/Build/Intermediates.noindex/MacResourceMonitor.build/Release/MacResourceMonitor.build/Mac\ Resource\ Monitor-project-headers.hmap -Xcc -I/Users/geraltgraham/Codes/CPUKiller/app-macos/build/DerivedData/Build/Products/Release/include -Xcc -I/Users/geraltgraham/Codes/CPUKiller/app-macos/build/DerivedData/Build/Intermediates.noindex/MacResourceMonitor.build/Release/MacResourceMonitor.build/DerivedSources-normal/x86_64 -Xcc -I/Users/geraltgraham/Codes/CPUKiller/app-macos/build/DerivedData/Build/Intermediates.noindex/MacResourceMonitor.build/Release/MacResourceMonitor.build/DerivedSources/x86_64 -Xcc -I/Users/geraltgraham/Codes/CPUKiller/app-macos/build/DerivedData/Build/Intermediates.noindex/MacResourceMonitor.build/Release/MacResourceMonitor.build/DerivedSources -emit-objc-header -emit-objc-header-path /Users/geraltgraham/Codes/CPUKiller/app-macos/build/DerivedData/Build/Intermediates.noindex/MacResourceMonitor.build/Release/MacResourceMonitor.build/Objects-normal/x86_64/MacResourceMonitor-Swift.h -working-directory /Users/geraltgraham/Codes/CPUKiller/app-macos -no-emit-module-separately-wmo

SwiftDriver\ Compilation MacResourceMonitor normal x86_64 com.apple.xcode.tools.swift.compiler (in target 'MacResourceMonitor' from project 'MacResourceMonitor')
    cd /Users/geraltgraham/Codes/CPUKiller/app-macos
    builtin-Swift-Compilation -- /Applications/Xcode.app/Contents/Developer/Toolchains/XcodeDefault.xctoolchain/usr/bin/swiftc -module-name MacResourceMonitor -O -whole-module-optimization -enforce-exclusivity\=checked @/Users/geraltgraham/Codes/CPUKiller/app-macos/build/DerivedData/Build/Intermediates.noindex/MacResourceMonitor.build/Release/MacResourceMonitor.build/Objects-normal/x86_64/Mac\ Resource\ Monitor.SwiftFileList -default-isolation\=MainActor -enable-upcoming-feature InferIsolatedConformances -enable-upcoming-feature NonisolatedNonsendingByDefault -enable-experimental-feature DebugDescriptionMacro -sdk /Applications/Xcode.app/Contents/Developer/Platforms/MacOSX.platform/Developer/SDKs/MacOSX26.2.sdk -target x86_64-apple-macos26.0 -g -module-cache-path /Users/geraltgraham/Codes/CPUKiller/app-macos/build/DerivedData/ModuleCache.noindex -Xfrontend -serialize-debugging-options -swift-version 6 -I /Users/geraltgraham/Codes/CPUKiller/app-macos/build/DerivedData/Build/Products/Release -F /Users/geraltgraham/Codes/CPUKiller/app-macos/build/DerivedData/Build/Products/Release/PackageFrameworks -F /Users/geraltgraham/Codes/CPUKiller/app-macos/build/DerivedData/Build/Products/Release/PackageFrameworks -F /Users/geraltgraham/Codes/CPUKiller/app-macos/build/DerivedData/Build/Products/Release/PackageFrameworks -F /Users/geraltgraham/Codes/CPUKiller/app-macos/build/DerivedData/Build/Products/Release/PackageFrameworks -F /Users/geraltgraham/Codes/CPUKiller/app-macos/build/DerivedData/Build/Products/Release/PackageFrameworks -F /Users/geraltgraham/Codes/CPUKiller/app-macos/build/DerivedData/Build/Products/Release -emit-localized-strings -emit-localized-strings-path /Users/geraltgraham/Codes/CPUKiller/app-macos/build/DerivedData/Build/Intermediates.noindex/MacResourceMonitor.build/Release/MacResourceMonitor.build/Objects-normal/x86_64 -c -num-threads 8 -Xcc -ivfsstatcache -Xcc /Users/geraltgraham/Codes/CPUKiller/app-macos/build/DerivedData/SDKStatCaches.noindex/macosx26.2-25C58-e8867d0c40613ffc63e0238af232dc5000fa09913b459cbbc988d1f6730289ae.sdkstatcache -output-file-map /Users/geraltgraham/Codes/CPUKiller/app-macos/build/DerivedData/Build/Intermediates.noindex/MacResourceMonitor.build/Release/MacResourceMonitor.build/Objects-normal/x86_64/MacResourceMonitor-OutputFileMap.json -use-frontend-parseable-output -save-temps -no-color-diagnostics -explicit-module-build -module-cache-path /Users/geraltgraham/Codes/CPUKiller/app-macos/build/DerivedData/Build/Intermediates.noindex/SwiftExplicitPrecompiledModules -clang-scanner-module-cache-path /Users/geraltgraham/Codes/CPUKiller/app-macos/build/DerivedData/ModuleCache.noindex -sdk-module-cache-path /Users/geraltgraham/Codes/CPUKiller/app-macos/build/DerivedData/ModuleCache.noindex -serialize-diagnostics -emit-dependencies -emit-module -emit-module-path /Users/geraltgraham/Codes/CPUKiller/app-macos/build/DerivedData/Build/Intermediates.noindex/MacResourceMonitor.build/Release/MacResourceMonitor.build/Objects-normal/x86_64/MacResourceMonitor.swiftmodule -validate-clang-modules-once -clang-build-session-file /Users/geraltgraham/Codes/CPUKiller/app-macos/build/DerivedData/ModuleCache.noindex/Session.modulevalidation -Xcc -I/Users/geraltgraham/Codes/CPUKiller/app-macos/build/DerivedData/Build/Intermediates.noindex/MacResourceMonitor.build/Release/MacResourceMonitor.build/swift-overrides.hmap -emit-const-values -Xfrontend -const-gather-protocols-file -Xfrontend /Users/geraltgraham/Codes/CPUKiller/app-macos/build/DerivedData/Build/Intermediates.noindex/MacResourceMonitor.build/Release/MacResourceMonitor.build/Objects-normal/x86_64/MacResourceMonitor_const_extract_protocols.json -Xcc -iquote -Xcc /Users/geraltgraham/Codes/CPUKiller/app-macos/build/DerivedData/Build/Intermediates.noindex/MacResourceMonitor.build/Release/MacResourceMonitor.build/Mac\ Resource\ Monitor-generated-files.hmap -Xcc -I/Users/geraltgraham/Codes/CPUKiller/app-macos/build/DerivedData/Build/Intermediates.noindex/MacResourceMonitor.build/Release/MacResourceMonitor.build/Mac\ Resource\ Monitor-own-target-headers.hmap -Xcc -I/Users/geraltgraham/Codes/CPUKiller/app-macos/build/DerivedData/Build/Intermediates.noindex/MacResourceMonitor.build/Release/MacResourceMonitor.build/Mac\ Resource\ Monitor-all-non-framework-target-headers.hmap -Xcc -ivfsoverlay -Xcc /Users/geraltgraham/Codes/CPUKiller/app-macos/build/DerivedData/Build/Intermediates.noindex/MacResourceMonitor.build/Release/MacResourceMonitor-a1684bb79aec471112787f9950c9c927-VFS/all-product-headers.yaml -Xcc -iquote -Xcc /Users/geraltgraham/Codes/CPUKiller/app-macos/build/DerivedData/Build/Intermediates.noindex/MacResourceMonitor.build/Release/MacResourceMonitor.build/Mac\ Resource\ Monitor-project-headers.hmap -Xcc -I/Users/geraltgraham/Codes/CPUKiller/app-macos/build/DerivedData/Build/Products/Release/include -Xcc -I/Users/geraltgraham/Codes/CPUKiller/app-macos/build/DerivedData/Build/Intermediates.noindex/MacResourceMonitor.build/Release/MacResourceMonitor.build/DerivedSources-normal/x86_64 -Xcc -I/Users/geraltgraham/Codes/CPUKiller/app-macos/build/DerivedData/Build/Intermediates.noindex/MacResourceMonitor.build/Release/MacResourceMonitor.build/DerivedSources/x86_64 -Xcc -I/Users/geraltgraham/Codes/CPUKiller/app-macos/build/DerivedData/Build/Intermediates.noindex/MacResourceMonitor.build/Release/MacResourceMonitor.build/DerivedSources -emit-objc-header -emit-objc-header-path /Users/geraltgraham/Codes/CPUKiller/app-macos/build/DerivedData/Build/Intermediates.noindex/MacResourceMonitor.build/Release/MacResourceMonitor.build/Objects-normal/x86_64/MacResourceMonitor-Swift.h -working-directory /Users/geraltgraham/Codes/CPUKiller/app-macos -no-emit-module-separately-wmo

SwiftExplicitDependencyGeneratePcm x86_64 /Users/geraltgraham/Codes/CPUKiller/app-macos/build/DerivedData/ModuleCache.noindex/_SwiftConcurrencyShims-7M1WPVPKFIZ2F2URPP39G1869.pcm

SwiftExplicitDependencyGeneratePcm x86_64 /Users/geraltgraham/Codes/CPUKiller/app-macos/build/DerivedData/ModuleCache.noindex/DeveloperToolsSupport-42M4YGZEO4FDQVCVDCKOWGULU.pcm

SwiftExplicitDependencyGeneratePcm x86_64 /Users/geraltgraham/Codes/CPUKiller/app-macos/build/DerivedData/ModuleCache.noindex/SwiftShims-1AOOQPCH7MJLQ0RYVQHBBRNY1.pcm

SwiftExplicitDependencyGeneratePcm x86_64 /Users/geraltgraham/Codes/CPUKiller/app-macos/build/DerivedData/ModuleCache.noindex/ptrauth-B7U5QUZM7INR7EW5GBYRGBEJ6.pcm

SwiftExplicitDependencyGeneratePcm x86_64 /Users/geraltgraham/Codes/CPUKiller/app-macos/build/DerivedData/ModuleCache.noindex/ptrcheck-AKW41FSB0UXBSP0X5TONHO31J.pcm

SwiftExplicitDependencyGeneratePcm x86_64 /Users/geraltgraham/Codes/CPUKiller/app-macos/build/DerivedData/ModuleCache.noindex/_Builtin_stdbool-DTL4A6E8XZAMZ3252LTYRTKDD.pcm

SwiftExplicitDependencyGeneratePcm x86_64 /Users/geraltgraham/Codes/CPUKiller/app-macos/build/DerivedData/ModuleCache.noindex/_Builtin_stddef-56E46YZ0RYHWMMHSH99NOJ15H.pcm

SwiftExplicitDependencyGeneratePcm x86_64 /Users/geraltgraham/Codes/CPUKiller/app-macos/build/DerivedData/ModuleCache.noindex/_Builtin_stdarg-2U1O8M47SRIBOYTM30776SPBQ.pcm

SwiftExplicitDependencyGeneratePcm arm64 /Users/geraltgraham/Codes/CPUKiller/app-macos/build/DerivedData/ModuleCache.noindex/ptrcheck-7GV9VFICRE4QWZ5441QZYG24B.pcm

SwiftExplicitDependencyGeneratePcm arm64 /Users/geraltgraham/Codes/CPUKiller/app-macos/build/DerivedData/ModuleCache.noindex/DeveloperToolsSupport-18WHY6QI75CBCT3FQ44BZEDUB.pcm

SwiftExplicitDependencyGeneratePcm arm64 /Users/geraltgraham/Codes/CPUKiller/app-macos/build/DerivedData/ModuleCache.noindex/ptrauth-64PJMF5WBBLI7YOWH62J9EGFK.pcm

SwiftExplicitDependencyGeneratePcm arm64 /Users/geraltgraham/Codes/CPUKiller/app-macos/build/DerivedData/ModuleCache.noindex/SwiftShims-62KVJ2QVOKMUPWBLZ7ZQQ6OJS.pcm

SwiftExplicitDependencyGeneratePcm x86_64 /Users/geraltgraham/Codes/CPUKiller/app-macos/build/DerivedData/ModuleCache.noindex/_AvailabilityInternal-C9ATZR4D4D3PZE5UYYE052JIT.pcm

SwiftExplicitDependencyGeneratePcm arm64 /Users/geraltgraham/Codes/CPUKiller/app-macos/build/DerivedData/ModuleCache.noindex/_Builtin_stdbool-1FYUCURERC807AXJJZ27MJU2R.pcm

SwiftExplicitDependencyGeneratePcm x86_64 /Users/geraltgraham/Codes/CPUKiller/app-macos/build/DerivedData/ModuleCache.noindex/_Builtin_float-2TO3036WRFHEDWKRGU944KKTA.pcm

SwiftExplicitDependencyGeneratePcm arm64 /Users/geraltgraham/Codes/CPUKiller/app-macos/build/DerivedData/ModuleCache.noindex/_Builtin_float-81O5I1916KQC53OW5AU23YX9G.pcm

SwiftExplicitDependencyGeneratePcm arm64 /Users/geraltgraham/Codes/CPUKiller/app-macos/build/DerivedData/ModuleCache.noindex/_AvailabilityInternal-E37K2Y4ULNTI4YGS3SACSTK8E.pcm

SwiftExplicitDependencyGeneratePcm arm64 /Users/geraltgraham/Codes/CPUKiller/app-macos/build/DerivedData/ModuleCache.noindex/_Builtin_stdarg-F3M096VUXT4V9QPO9ZTXBMWOP.pcm

SwiftExplicitDependencyGeneratePcm arm64 /Users/geraltgraham/Codes/CPUKiller/app-macos/build/DerivedData/ModuleCache.noindex/_SwiftConcurrencyShims-6DOC7B028RC5DQVKC8E63FVHA.pcm

SwiftExplicitDependencyGeneratePcm arm64 /Users/geraltgraham/Codes/CPUKiller/app-macos/build/DerivedData/ModuleCache.noindex/_Builtin_stddef-61JP780CLLO733ACLM4P08UPK.pcm

SwiftDriver\ Compilation MacResourceMonitor normal arm64 com.apple.xcode.tools.swift.compiler (in target 'MacResourceMonitor' from project 'MacResourceMonitor')
    cd /Users/geraltgraham/Codes/CPUKiller/app-macos
    builtin-Swift-Compilation -- /Applications/Xcode.app/Contents/Developer/Toolchains/XcodeDefault.xctoolchain/usr/bin/swiftc -module-name MacResourceMonitor -O -whole-module-optimization -enforce-exclusivity\=checked @/Users/geraltgraham/Codes/CPUKiller/app-macos/build/DerivedData/Build/Intermediates.noindex/MacResourceMonitor.build/Release/MacResourceMonitor.build/Objects-normal/arm64/Mac\ Resource\ Monitor.SwiftFileList -default-isolation\=MainActor -enable-upcoming-feature InferIsolatedConformances -enable-upcoming-feature NonisolatedNonsendingByDefault -enable-experimental-feature DebugDescriptionMacro -sdk /Applications/Xcode.app/Contents/Developer/Platforms/MacOSX.platform/Developer/SDKs/MacOSX26.2.sdk -target arm64-apple-macos26.0 -g -module-cache-path /Users/geraltgraham/Codes/CPUKiller/app-macos/build/DerivedData/ModuleCache.noindex -Xfrontend -serialize-debugging-options -swift-version 6 -I /Users/geraltgraham/Codes/CPUKiller/app-macos/build/DerivedData/Build/Products/Release -F /Users/geraltgraham/Codes/CPUKiller/app-macos/build/DerivedData/Build/Products/Release/PackageFrameworks -F /Users/geraltgraham/Codes/CPUKiller/app-macos/build/DerivedData/Build/Products/Release/PackageFrameworks -F /Users/geraltgraham/Codes/CPUKiller/app-macos/build/DerivedData/Build/Products/Release/PackageFrameworks -F /Users/geraltgraham/Codes/CPUKiller/app-macos/build/DerivedData/Build/Products/Release/PackageFrameworks -F /Users/geraltgraham/Codes/CPUKiller/app-macos/build/DerivedData/Build/Products/Release/PackageFrameworks -F /Users/geraltgraham/Codes/CPUKiller/app-macos/build/DerivedData/Build/Products/Release -emit-localized-strings -emit-localized-strings-path /Users/geraltgraham/Codes/CPUKiller/app-macos/build/DerivedData/Build/Intermediates.noindex/MacResourceMonitor.build/Release/MacResourceMonitor.build/Objects-normal/arm64 -c -num-threads 8 -Xcc -ivfsstatcache -Xcc /Users/geraltgraham/Codes/CPUKiller/app-macos/build/DerivedData/SDKStatCaches.noindex/macosx26.2-25C58-e8867d0c40613ffc63e0238af232dc5000fa09913b459cbbc988d1f6730289ae.sdkstatcache -output-file-map /Users/geraltgraham/Codes/CPUKiller/app-macos/build/DerivedData/Build/Intermediates.noindex/MacResourceMonitor.build/Release/MacResourceMonitor.build/Objects-normal/arm64/MacResourceMonitor-OutputFileMap.json -use-frontend-parseable-output -save-temps -no-color-diagnostics -explicit-module-build -module-cache-path /Users/geraltgraham/Codes/CPUKiller/app-macos/build/DerivedData/Build/Intermediates.noindex/SwiftExplicitPrecompiledModules -clang-scanner-module-cache-path /Users/geraltgraham/Codes/CPUKiller/app-macos/build/DerivedData/ModuleCache.noindex -sdk-module-cache-path /Users/geraltgraham/Codes/CPUKiller/app-macos/build/DerivedData/ModuleCache.noindex -serialize-diagnostics -emit-dependencies -emit-module -emit-module-path /Users/geraltgraham/Codes/CPUKiller/app-macos/build/DerivedData/Build/Intermediates.noindex/MacResourceMonitor.build/Release/MacResourceMonitor.build/Objects-normal/arm64/MacResourceMonitor.swiftmodule -validate-clang-modules-once -clang-build-session-file /Users/geraltgraham/Codes/CPUKiller/app-macos/build/DerivedData/ModuleCache.noindex/Session.modulevalidation -Xcc -I/Users/geraltgraham/Codes/CPUKiller/app-macos/build/DerivedData/Build/Intermediates.noindex/MacResourceMonitor.build/Release/MacResourceMonitor.build/swift-overrides.hmap -emit-const-values -Xfrontend -const-gather-protocols-file -Xfrontend /Users/geraltgraham/Codes/CPUKiller/app-macos/build/DerivedData/Build/Intermediates.noindex/MacResourceMonitor.build/Release/MacResourceMonitor.build/Objects-normal/arm64/MacResourceMonitor_const_extract_protocols.json -Xcc -iquote -Xcc /Users/geraltgraham/Codes/CPUKiller/app-macos/build/DerivedData/Build/Intermediates.noindex/MacResourceMonitor.build/Release/MacResourceMonitor.build/Mac\ Resource\ Monitor-generated-files.hmap -Xcc -I/Users/geraltgraham/Codes/CPUKiller/app-macos/build/DerivedData/Build/Intermediates.noindex/MacResourceMonitor.build/Release/MacResourceMonitor.build/Mac\ Resource\ Monitor-own-target-headers.hmap -Xcc -I/Users/geraltgraham/Codes/CPUKiller/app-macos/build/DerivedData/Build/Intermediates.noindex/MacResourceMonitor.build/Release/MacResourceMonitor.build/Mac\ Resource\ Monitor-all-non-framework-target-headers.hmap -Xcc -ivfsoverlay -Xcc /Users/geraltgraham/Codes/CPUKiller/app-macos/build/DerivedData/Build/Intermediates.noindex/MacResourceMonitor.build/Release/MacResourceMonitor-a1684bb79aec471112787f9950c9c927-VFS/all-product-headers.yaml -Xcc -iquote -Xcc /Users/geraltgraham/Codes/CPUKiller/app-macos/build/DerivedData/Build/Intermediates.noindex/MacResourceMonitor.build/Release/MacResourceMonitor.build/Mac\ Resource\ Monitor-project-headers.hmap -Xcc -I/Users/geraltgraham/Codes/CPUKiller/app-macos/build/DerivedData/Build/Products/Release/include -Xcc -I/Users/geraltgraham/Codes/CPUKiller/app-macos/build/DerivedData/Build/Intermediates.noindex/MacResourceMonitor.build/Release/MacResourceMonitor.build/DerivedSources-normal/arm64 -Xcc -I/Users/geraltgraham/Codes/CPUKiller/app-macos/build/DerivedData/Build/Intermediates.noindex/MacResourceMonitor.build/Release/MacResourceMonitor.build/DerivedSources/arm64 -Xcc -I/Users/geraltgraham/Codes/CPUKiller/app-macos/build/DerivedData/Build/Intermediates.noindex/MacResourceMonitor.build/Release/MacResourceMonitor.build/DerivedSources -emit-objc-header -emit-objc-header-path /Users/geraltgraham/Codes/CPUKiller/app-macos/build/DerivedData/Build/Intermediates.noindex/MacResourceMonitor.build/Release/MacResourceMonitor.build/Objects-normal/arm64/MacResourceMonitor-Swift.h -working-directory /Users/geraltgraham/Codes/CPUKiller/app-macos -no-emit-module-separately-wmo

SwiftExplicitDependencyGeneratePcm x86_64 /Users/geraltgraham/Codes/CPUKiller/app-macos/build/DerivedData/ModuleCache.noindex/_DarwinFoundation1-8IUZOLH0B30V8ZKPEYDBG3XVS.pcm

SwiftExplicitDependencyGeneratePcm arm64 /Users/geraltgraham/Codes/CPUKiller/app-macos/build/DerivedData/ModuleCache.noindex/_DarwinFoundation1-DXGQCXAQE0V98RJBSBZAIA1TG.pcm

SwiftExplicitDependencyGeneratePcm x86_64 /Users/geraltgraham/Codes/CPUKiller/app-macos/build/DerivedData/ModuleCache.noindex/_DarwinFoundation2-X5CA484PADAR0SE7I2G13OWN.pcm

SwiftExplicitDependencyGeneratePcm x86_64 /Users/geraltgraham/Codes/CPUKiller/app-macos/build/DerivedData/ModuleCache.noindex/_Builtin_limits-CLG7KNHOKMMNZSZVG3P0GAIPE.pcm

SwiftExplicitDependencyGeneratePcm arm64 /Users/geraltgraham/Codes/CPUKiller/app-macos/build/DerivedData/ModuleCache.noindex/_Builtin_limits-9SUYH5TD08RC0X0LAMXSV3C71.pcm

SwiftExplicitDependencyGeneratePcm arm64 /Users/geraltgraham/Codes/CPUKiller/app-macos/build/DerivedData/ModuleCache.noindex/_DarwinFoundation2-D2XNQJYK4K7IBL5IYKO3M2N3P.pcm

SwiftExplicitDependencyGeneratePcm x86_64 /Users/geraltgraham/Codes/CPUKiller/app-macos/build/DerivedData/ModuleCache.noindex/sys_types-DGEFQFDC2H5RB4SJ4M4QMOSG7.pcm

SwiftExplicitDependencyGeneratePcm x86_64 /Users/geraltgraham/Codes/CPUKiller/app-macos/build/DerivedData/ModuleCache.noindex/_Builtin_tgmath-3ZQ2KHB8OHWLTUTCZ76BI49Z4.pcm

SwiftExplicitDependencyGeneratePcm x86_64 /Users/geraltgraham/Codes/CPUKiller/app-macos/build/DerivedData/ModuleCache.noindex/_Builtin_stdint-4DPXLNN4J85ZSDZA2AKPWCNMW.pcm

SwiftExplicitDependencyGeneratePcm arm64 /Users/geraltgraham/Codes/CPUKiller/app-macos/build/DerivedData/ModuleCache.noindex/_Builtin_tgmath-89P84S0S2ZTJUU90NPO7UX276.pcm

SwiftExplicitDependencyGeneratePcm arm64 /Users/geraltgraham/Codes/CPUKiller/app-macos/build/DerivedData/ModuleCache.noindex/_Builtin_stdint-6ZEMVYD4LRDNP3P64JLLOPN12.pcm

SwiftExplicitDependencyGeneratePcm arm64 /Users/geraltgraham/Codes/CPUKiller/app-macos/build/DerivedData/ModuleCache.noindex/sys_types-6FPXRWOBW3ZYNQNB10841OZ5V.pcm

SwiftExplicitDependencyGeneratePcm x86_64 /Users/geraltgraham/Codes/CPUKiller/app-macos/build/DerivedData/ModuleCache.noindex/libDER-3LIBN3F02I74HAW68HS2A8NS5.pcm

SwiftExplicitDependencyGeneratePcm x86_64 /Users/geraltgraham/Codes/CPUKiller/app-macos/build/DerivedData/ModuleCache.noindex/_Builtin_stdatomic-1XJV35LTZM5HJ5KHNTP0N4286.pcm

SwiftExplicitDependencyGeneratePcm x86_64 /Users/geraltgraham/Codes/CPUKiller/app-macos/build/DerivedData/ModuleCache.noindex/_DarwinFoundation3-BULW75EFF2O9IMXFE812W5SGD.pcm

SwiftExplicitDependencyGeneratePcm x86_64 /Users/geraltgraham/Codes/CPUKiller/app-macos/build/DerivedData/ModuleCache.noindex/OpenGL-9N43K62WVH56VC0FREDDP9WVP.pcm

SwiftExplicitDependencyGeneratePcm arm64 /Users/geraltgraham/Codes/CPUKiller/app-macos/build/DerivedData/ModuleCache.noindex/_DarwinFoundation3-WWEEQSONHARB404QMQWF26TW.pcm

SwiftExplicitDependencyGeneratePcm arm64 /Users/geraltgraham/Codes/CPUKiller/app-macos/build/DerivedData/ModuleCache.noindex/_Builtin_stdatomic-CCKEDRYKRPXZ0QGPU3OK3MAS8.pcm

SwiftExplicitDependencyGeneratePcm arm64 /Users/geraltgraham/Codes/CPUKiller/app-macos/build/DerivedData/ModuleCache.noindex/libDER-A0K1N9ZLMDZQRO5JOSZ55Y3CO.pcm

SwiftExplicitDependencyGeneratePcm arm64 /Users/geraltgraham/Codes/CPUKiller/app-macos/build/DerivedData/ModuleCache.noindex/_Builtin_intrinsics-27DZJZ3FPDOF7S46Y77R98TZH.pcm

SwiftExplicitDependencyGeneratePcm arm64 /Users/geraltgraham/Codes/CPUKiller/app-macos/build/DerivedData/ModuleCache.noindex/OpenGL-EH2HE182C0J0E5PRAMEDB7C4R.pcm

SwiftExplicitDependencyGeneratePcm x86_64 /Users/geraltgraham/Codes/CPUKiller/app-macos/build/DerivedData/ModuleCache.noindex/_Builtin_intrinsics-7OD6I4UTA7WI2U45JLMMKQFGU.pcm

SwiftExplicitDependencyGeneratePcm x86_64 /Users/geraltgraham/Codes/CPUKiller/app-macos/build/DerivedData/ModuleCache.noindex/_Builtin_inttypes-7EWGG9U5LL6I68AJ10G0L8378.pcm

SwiftExplicitDependencyGeneratePcm x86_64 /Users/geraltgraham/Codes/CPUKiller/app-macos/build/DerivedData/ModuleCache.noindex/Darwin-CZ85Z6W6Z7QJPB4EZ2MKI0REQ.pcm

SwiftExplicitDependencyGeneratePcm arm64 /Users/geraltgraham/Codes/CPUKiller/app-macos/build/DerivedData/ModuleCache.noindex/_Builtin_inttypes-C4ZJR3TR3IEDHGXM97I62ZYPX.pcm

SwiftExplicitDependencyGeneratePcm arm64 /Users/geraltgraham/Codes/CPUKiller/app-macos/build/DerivedData/ModuleCache.noindex/Darwin-EY1L2ZME4KUB4U40WEMUYWXS1.pcm

SwiftExplicitDependencyGeneratePcm arm64 /Users/geraltgraham/Codes/CPUKiller/app-macos/build/DerivedData/ModuleCache.noindex/simd-12WEUNIR9NWCLM1E0WBDN3RFV.pcm

SwiftExplicitDependencyGeneratePcm x86_64 /Users/geraltgraham/Codes/CPUKiller/app-macos/build/DerivedData/ModuleCache.noindex/simd-2QP402KNK5AHH9AFRJ912CRDE.pcm

SwiftExplicitDependencyGeneratePcm x86_64 /Users/geraltgraham/Codes/CPUKiller/app-macos/build/DerivedData/ModuleCache.noindex/libkern-5C8ZCSRJSS4PZCASOXH2QHHK7.pcm

SwiftExplicitDependencyGeneratePcm x86_64 /Users/geraltgraham/Codes/CPUKiller/app-macos/build/DerivedData/ModuleCache.noindex/CUPS-3J7RN9A5BHSFP1UV7525ZNLAT.pcm

SwiftExplicitDependencyGeneratePcm x86_64 /Users/geraltgraham/Codes/CPUKiller/app-macos/build/DerivedData/ModuleCache.noindex/launch-6LCJZD6DKOJ3GKATUSUJZEQ2K.pcm

SwiftExplicitDependencyGeneratePcm x86_64 /Users/geraltgraham/Codes/CPUKiller/app-macos/build/DerivedData/ModuleCache.noindex/MachO-2URD40ZWRMXS5N615XK8KZVDP.pcm

SwiftExplicitDependencyGeneratePcm x86_64 /Users/geraltgraham/Codes/CPUKiller/app-macos/build/DerivedData/ModuleCache.noindex/ObjectiveC-EASPOJ0QF27HG4XLDJVTI37QU.pcm

SwiftExplicitDependencyGeneratePcm arm64 /Users/geraltgraham/Codes/CPUKiller/app-macos/build/DerivedData/ModuleCache.noindex/MachO-1PV0SH7VQFDZ52B056DPYRO1N.pcm

SwiftExplicitDependencyGeneratePcm arm64 /Users/geraltgraham/Codes/CPUKiller/app-macos/build/DerivedData/ModuleCache.noindex/launch-8VNRIZ92MKVY45B0TWTFCUFEM.pcm

SwiftExplicitDependencyGeneratePcm arm64 /Users/geraltgraham/Codes/CPUKiller/app-macos/build/DerivedData/ModuleCache.noindex/libkern-D3GGSC5BQ4LM27IRY0PSW65GX.pcm

SwiftExplicitDependencyGeneratePcm arm64 /Users/geraltgraham/Codes/CPUKiller/app-macos/build/DerivedData/ModuleCache.noindex/CUPS-AXF5XF5NFUTIP34EI2IVT08LJ.pcm

SwiftExplicitDependencyGeneratePcm x86_64 /Users/geraltgraham/Codes/CPUKiller/app-macos/build/DerivedData/ModuleCache.noindex/os_object-7A706QQY905SNBECX228UI03H.pcm

SwiftExplicitDependencyGeneratePcm arm64 /Users/geraltgraham/Codes/CPUKiller/app-macos/build/DerivedData/ModuleCache.noindex/ObjectiveC-D1EQBXRQC9O9XIT4T1ERYMQKD.pcm

SwiftExplicitDependencyGeneratePcm x86_64 /Users/geraltgraham/Codes/CPUKiller/app-macos/build/DerivedData/ModuleCache.noindex/os_workgroup-4GWO0986PM04TZC4UC9N5AL8F.pcm

SwiftExplicitDependencyGeneratePcm arm64 /Users/geraltgraham/Codes/CPUKiller/app-macos/build/DerivedData/ModuleCache.noindex/Spatial-9XH4AONN1V34NAOK9OCWJZFW5.pcm

SwiftExplicitDependencyGeneratePcm x86_64 /Users/geraltgraham/Codes/CPUKiller/app-macos/build/DerivedData/ModuleCache.noindex/Dispatch-D72UNUUGV8UE74OHH446J5U56.pcm

SwiftExplicitDependencyGeneratePcm arm64 /Users/geraltgraham/Codes/CPUKiller/app-macos/build/DerivedData/ModuleCache.noindex/os_object-9THK8LC8X14IOZK0XB3CKQQZS.pcm

SwiftExplicitDependencyGeneratePcm arm64 /Users/geraltgraham/Codes/CPUKiller/app-macos/build/DerivedData/ModuleCache.noindex/os_workgroup-DYEDOI1XO0BBVPCGOSYH5CGSA.pcm

SwiftExplicitDependencyGeneratePcm x86_64 /Users/geraltgraham/Codes/CPUKiller/app-macos/build/DerivedData/ModuleCache.noindex/CoreFoundation-6PPJ19XR5X05L5UUOWPVHX5EF.pcm

SwiftExplicitDependencyGeneratePcm x86_64 /Users/geraltgraham/Codes/CPUKiller/app-macos/build/DerivedData/ModuleCache.noindex/dnssd-4RJBKVCL35ZRBOS79CSMR6AMW.pcm

SwiftExplicitDependencyGeneratePcm x86_64 /Users/geraltgraham/Codes/CPUKiller/app-macos/build/DerivedData/ModuleCache.noindex/XPC-81XRK7YTHDAX5368ILWEID2.pcm

SwiftExplicitDependencyGeneratePcm x86_64 /Users/geraltgraham/Codes/CPUKiller/app-macos/build/DerivedData/ModuleCache.noindex/Spatial-CLUGYDAA5COP5RDRFYKG9H8BH.pcm

SwiftExplicitDependencyGeneratePcm arm64 /Users/geraltgraham/Codes/CPUKiller/app-macos/build/DerivedData/ModuleCache.noindex/Dispatch-6MVU6370QGZODF08OE79JBZ6U.pcm

SwiftExplicitDependencyGeneratePcm x86_64 /Users/geraltgraham/Codes/CPUKiller/app-macos/build/DerivedData/ModuleCache.noindex/os-23FORFPWB7QIJU3BXC26K1VQE.pcm

SwiftExplicitDependencyGeneratePcm arm64 /Users/geraltgraham/Codes/CPUKiller/app-macos/build/DerivedData/ModuleCache.noindex/XPC-8HDSVRYIVE3R5VRV7OCF0SAMD.pcm

SwiftExplicitDependencyGeneratePcm arm64 /Users/geraltgraham/Codes/CPUKiller/app-macos/build/DerivedData/ModuleCache.noindex/CoreFoundation-1TL63BLZPMWPW3TC5AYA83G6O.pcm

SwiftExplicitDependencyGeneratePcm arm64 /Users/geraltgraham/Codes/CPUKiller/app-macos/build/DerivedData/ModuleCache.noindex/dnssd-EWTMU6H6OQZ782TEOBZ8SA1DU.pcm

SwiftExplicitDependencyGeneratePcm x86_64 /Users/geraltgraham/Codes/CPUKiller/app-macos/build/DerivedData/ModuleCache.noindex/CFNetwork-CTDAQGTCYDNRZBVTE8CKLH1DO.pcm

SwiftExplicitDependencyGeneratePcm x86_64 /Users/geraltgraham/Codes/CPUKiller/app-macos/build/DerivedData/ModuleCache.noindex/IOKit-9VMSMB17ATNB0V8RJJTCOCZSV.pcm

SwiftExplicitDependencyGeneratePcm x86_64 /Users/geraltgraham/Codes/CPUKiller/app-macos/build/DerivedData/ModuleCache.noindex/Security-1JNW62IE72483S8759AIS7X6A.pcm

SwiftExplicitDependencyGeneratePcm x86_64 /Users/geraltgraham/Codes/CPUKiller/app-macos/build/DerivedData/ModuleCache.noindex/ColorSync-5BN7X3VQVYZKG8J30OEY913FH.pcm

SwiftExplicitDependencyGeneratePcm arm64 /Users/geraltgraham/Codes/CPUKiller/app-macos/build/DerivedData/ModuleCache.noindex/os-4O1G7K9CGTBRSGMRQ7ECZQ5BB.pcm

SwiftExplicitDependencyGeneratePcm arm64 /Users/geraltgraham/Codes/CPUKiller/app-macos/build/DerivedData/ModuleCache.noindex/CFNetwork-7Q7JUZTFH8DGBUIBA4RN03AFF.pcm

SwiftExplicitDependencyGeneratePcm arm64 /Users/geraltgraham/Codes/CPUKiller/app-macos/build/DerivedData/ModuleCache.noindex/Security-BZ7RWUKQOTWMV9KPHT1ILSDVC.pcm

SwiftExplicitDependencyGeneratePcm arm64 /Users/geraltgraham/Codes/CPUKiller/app-macos/build/DerivedData/ModuleCache.noindex/ColorSync-C9HDEF1X1T5GWBVKUUZPUUO1I.pcm

SwiftExplicitDependencyGeneratePcm arm64 /Users/geraltgraham/Codes/CPUKiller/app-macos/build/DerivedData/ModuleCache.noindex/IOKit-1ZAPJ3IA27D34NB79QL7EBVTV.pcm

SwiftExplicitDependencyGeneratePcm x86_64 /Users/geraltgraham/Codes/CPUKiller/app-macos/build/DerivedData/ModuleCache.noindex/DiskArbitration-5RH2ZS85RMHO6V8L7BJ22N7I1.pcm

SwiftExplicitDependencyGeneratePcm x86_64 /Users/geraltgraham/Codes/CPUKiller/app-macos/build/DerivedData/ModuleCache.noindex/CoreGraphics-4TQTKB6BSN8M1V439WQTG2ADP.pcm

SwiftExplicitDependencyGeneratePcm x86_64 /Users/geraltgraham/Codes/CPUKiller/app-macos/build/DerivedData/ModuleCache.noindex/CoreServices-COELYXMSP1LZ2SY9JUF6EQZD0.pcm

SwiftExplicitDependencyGeneratePcm x86_64 /Users/geraltgraham/Codes/CPUKiller/app-macos/build/DerivedData/ModuleCache.noindex/ImageIO-E57AKK59WYQ7VISTY0OCP2V1.pcm

SwiftExplicitDependencyGeneratePcm x86_64 /Users/geraltgraham/Codes/CPUKiller/app-macos/build/DerivedData/ModuleCache.noindex/CoreText-726SUIN963L0TR0DE66IRFICE.pcm

SwiftExplicitDependencyGeneratePcm arm64 /Users/geraltgraham/Codes/CPUKiller/app-macos/build/DerivedData/ModuleCache.noindex/DiskArbitration-405QLGLJVG5AT9JGY3I0N0FW0.pcm

SwiftExplicitDependencyGeneratePcm arm64 /Users/geraltgraham/Codes/CPUKiller/app-macos/build/DerivedData/ModuleCache.noindex/CoreGraphics-AQLPFG4PYNN9I1G2PA0H08QMJ.pcm

SwiftExplicitDependencyGeneratePcm arm64 /Users/geraltgraham/Codes/CPUKiller/app-macos/build/DerivedData/ModuleCache.noindex/CoreServices-AYCIKL91OAX3K53DBJ3WODTHF.pcm

SwiftExplicitDependencyGeneratePcm arm64 /Users/geraltgraham/Codes/CPUKiller/app-macos/build/DerivedData/ModuleCache.noindex/ImageIO-4ZW6MLDQRCD7QH68JUTL4UCXG.pcm

SwiftExplicitDependencyGeneratePcm arm64 /Users/geraltgraham/Codes/CPUKiller/app-macos/build/DerivedData/ModuleCache.noindex/CoreText-B1OFY26BA3HYJXTEC7I8K0BL4.pcm

SwiftExplicitDependencyGeneratePcm x86_64 /Users/geraltgraham/Codes/CPUKiller/app-macos/build/DerivedData/ModuleCache.noindex/Foundation-525ZUSVB63068DKG53BQEYAW3.pcm

SwiftExplicitDependencyGeneratePcm arm64 /Users/geraltgraham/Codes/CPUKiller/app-macos/build/DerivedData/ModuleCache.noindex/Foundation-5J2JWB82JS6Q6CHWYM3MXWWOY.pcm

SwiftExplicitDependencyGeneratePcm x86_64 /Users/geraltgraham/Codes/CPUKiller/app-macos/build/DerivedData/ModuleCache.noindex/ServiceManagement-7K11XCB6DVEVUIMQ88HQE6W.pcm

SwiftExplicitDependencyGeneratePcm x86_64 /Users/geraltgraham/Codes/CPUKiller/app-macos/build/DerivedData/ModuleCache.noindex/CoreData-AG2SNBTAD0025VBPNWKR19K60.pcm

SwiftExplicitDependencyGeneratePcm x86_64 /Users/geraltgraham/Codes/CPUKiller/app-macos/build/DerivedData/ModuleCache.noindex/UniformTypeIdentifiers-EQ74MC22YA8AG2ATPCZJZPW20.pcm

SwiftExplicitDependencyGeneratePcm x86_64 /Users/geraltgraham/Codes/CPUKiller/app-macos/build/DerivedData/ModuleCache.noindex/OSLog-ETH02YETCTPL5G5R3VZVNNL5F.pcm

SwiftExplicitDependencyGeneratePcm x86_64 /Users/geraltgraham/Codes/CPUKiller/app-macos/build/DerivedData/ModuleCache.noindex/DataDetection-32J8458P0F9Y9A107QXKZ8N82.pcm

SwiftExplicitDependencyGeneratePcm x86_64 /Users/geraltgraham/Codes/CPUKiller/app-macos/build/DerivedData/ModuleCache.noindex/Network-14RYU3C65BD8EGKADHDDQR7NJ.pcm

SwiftExplicitDependencyGeneratePcm x86_64 /Users/geraltgraham/Codes/CPUKiller/app-macos/build/DerivedData/ModuleCache.noindex/CoreTransferable-DC0KUNHFBC0J2W7ONQS81NA90.pcm

SwiftExplicitDependencyGeneratePcm x86_64 /Users/geraltgraham/Codes/CPUKiller/app-macos/build/DerivedData/ModuleCache.noindex/ApplicationServices-C0D7LWYQ4YJMYONDB6DMXMBHF.pcm

SwiftExplicitDependencyGeneratePcm x86_64 /Users/geraltgraham/Codes/CPUKiller/app-macos/build/DerivedData/Build/Intermediates.noindex/SwiftExplicitPrecompiledModules/Sparkle-3J9K1R9KFUHZ7EGR9IBPT6QFF.pcm

SwiftExplicitDependencyGeneratePcm x86_64 /Users/geraltgraham/Codes/CPUKiller/app-macos/build/DerivedData/ModuleCache.noindex/Accessibility-491IAYPC2KR4YZ5GT8VI3NYTC.pcm

SwiftExplicitDependencyGeneratePcm x86_64 /Users/geraltgraham/Codes/CPUKiller/app-macos/build/DerivedData/ModuleCache.noindex/IOSurface-5FX6STCO7ARAUN99E44RHK16P.pcm

SwiftExplicitDependencyGeneratePcm x86_64 /Users/geraltgraham/Codes/CPUKiller/app-macos/build/DerivedData/ModuleCache.noindex/Symbols-DUPSUNNILO6JV48XW0VWTLX1R.pcm

SwiftExplicitDependencyGeneratePcm x86_64 /Users/geraltgraham/Codes/CPUKiller/app-macos/build/DerivedData/ModuleCache.noindex/Metal-5NE5B0EW4B16D4TDDYU4T52A0.pcm

SwiftExplicitDependencyGeneratePcm arm64 /Users/geraltgraham/Codes/CPUKiller/app-macos/build/DerivedData/ModuleCache.noindex/ApplicationServices-5CXA0S9MD577T83PGVEY8INJJ.pcm

SwiftExplicitDependencyGeneratePcm arm64 /Users/geraltgraham/Codes/CPUKiller/app-macos/build/DerivedData/ModuleCache.noindex/Symbols-73G5VJS04IQIRP1L0UAKXMDXP.pcm

SwiftExplicitDependencyGeneratePcm arm64 /Users/geraltgraham/Codes/CPUKiller/app-macos/build/DerivedData/ModuleCache.noindex/IOSurface-8YOGPD9IJQAGNMACIV9K7IBZG.pcm

SwiftExplicitDependencyGeneratePcm arm64 /Users/geraltgraham/Codes/CPUKiller/app-macos/build/DerivedData/Build/Intermediates.noindex/SwiftExplicitPrecompiledModules/Sparkle-CK3YHZ6NRABYLHNELM5Q7PQMW.pcm

SwiftExplicitDependencyGeneratePcm arm64 /Users/geraltgraham/Codes/CPUKiller/app-macos/build/DerivedData/ModuleCache.noindex/Accessibility-33LP7WNNE62M2X6BVLO5H68WJ.pcm

SwiftExplicitDependencyGeneratePcm arm64 /Users/geraltgraham/Codes/CPUKiller/app-macos/build/DerivedData/ModuleCache.noindex/UniformTypeIdentifiers-3QHEJPO060WB3JNIPDMJNBUXP.pcm

SwiftExplicitDependencyGeneratePcm arm64 /Users/geraltgraham/Codes/CPUKiller/app-macos/build/DerivedData/ModuleCache.noindex/DataDetection-CLCBC9C4P4RTZFBHMHTLF2CPI.pcm

SwiftExplicitDependencyGeneratePcm arm64 /Users/geraltgraham/Codes/CPUKiller/app-macos/build/DerivedData/ModuleCache.noindex/OSLog-BZ1F42RVWLA59HYIVX5THMRZ2.pcm

SwiftExplicitDependencyGeneratePcm arm64 /Users/geraltgraham/Codes/CPUKiller/app-macos/build/DerivedData/ModuleCache.noindex/Network-DYU6TF6DRAHO3ILQGST5MR00L.pcm

SwiftExplicitDependencyGeneratePcm arm64 /Users/geraltgraham/Codes/CPUKiller/app-macos/build/DerivedData/ModuleCache.noindex/Metal-C79H95LP7X06SMCOMGVQZ7QNH.pcm

SwiftExplicitDependencyGeneratePcm arm64 /Users/geraltgraham/Codes/CPUKiller/app-macos/build/DerivedData/ModuleCache.noindex/CoreData-30BSCXWH4OYHKU7HC54W3RS08.pcm

SwiftExplicitDependencyGeneratePcm arm64 /Users/geraltgraham/Codes/CPUKiller/app-macos/build/DerivedData/ModuleCache.noindex/CoreTransferable-A7865NC3NT2034SVKWX0C3BG8.pcm

SwiftExplicitDependencyGeneratePcm arm64 /Users/geraltgraham/Codes/CPUKiller/app-macos/build/DerivedData/ModuleCache.noindex/ServiceManagement-1M7FABTUIMDL7Y7NSIPY4FDC0.pcm

SwiftExplicitDependencyGeneratePcm x86_64 /Users/geraltgraham/Codes/CPUKiller/app-macos/build/DerivedData/ModuleCache.noindex/CoreVideo-EP6AU44ZT6R0WI8HBHXOGPBSC.pcm

SwiftExplicitDependencyGeneratePcm x86_64 /Users/geraltgraham/Codes/CPUKiller/app-macos/build/DerivedData/ModuleCache.noindex/CoreImage-4NYYB1UGBH0L1UV08IIYSZA8B.pcm

SwiftExplicitDependencyGeneratePcm x86_64 /Users/geraltgraham/Codes/CPUKiller/app-macos/build/DerivedData/ModuleCache.noindex/QuartzCore-A5JK5IK3VKEYAIP1MQDIAFDC.pcm

SwiftExplicitDependencyGeneratePcm arm64 /Users/geraltgraham/Codes/CPUKiller/app-macos/build/DerivedData/ModuleCache.noindex/CoreVideo-3QD0TPKXK6MB3IRSWH7HZ8PZ7.pcm

SwiftExplicitDependencyGeneratePcm arm64 /Users/geraltgraham/Codes/CPUKiller/app-macos/build/DerivedData/ModuleCache.noindex/CoreImage-BFHF4UZDK9VFPFPH1SDR1UY03.pcm

SwiftExplicitDependencyGeneratePcm arm64 /Users/geraltgraham/Codes/CPUKiller/app-macos/build/DerivedData/ModuleCache.noindex/QuartzCore-9NTADP1193WECF0Q9EBM3CAUO.pcm

SwiftExplicitDependencyGeneratePcm x86_64 /Users/geraltgraham/Codes/CPUKiller/app-macos/build/DerivedData/ModuleCache.noindex/SwiftUICore-8TEV92FQGUC18ZA2V6T7Q4AOL.pcm

SwiftExplicitDependencyGeneratePcm x86_64 /Users/geraltgraham/Codes/CPUKiller/app-macos/build/DerivedData/ModuleCache.noindex/AppKit-3WNKMYO80D0FJGF30G1EO49F4.pcm

SwiftExplicitDependencyGeneratePcm arm64 /Users/geraltgraham/Codes/CPUKiller/app-macos/build/DerivedData/ModuleCache.noindex/SwiftUICore-F3OICLR66ZD9774E93FIFL2K4.pcm

SwiftExplicitDependencyGeneratePcm arm64 /Users/geraltgraham/Codes/CPUKiller/app-macos/build/DerivedData/ModuleCache.noindex/AppKit-1JQ0JA3EAU2DG6278V5DWQLBU.pcm

SwiftExplicitDependencyGeneratePcm x86_64 /Users/geraltgraham/Codes/CPUKiller/app-macos/build/DerivedData/ModuleCache.noindex/SwiftUI-JJX62VN379VJ97CTVWPOGXN.pcm

SwiftCompile normal x86_64 Compiling\ AppDelegate.swift,\ AppPreferences.swift,\ ArgumentCache.swift,\ CPUTime.swift,\ CompactPanel.swift,\ DisplayClassifier.swift,\ LaunchAtLoginManager.swift,\ MacResourceMonitorApp.swift,\ MenuBarIconRenderer.swift,\ MonitorTableRowChrome.swift,\ NetworkListModel.swift,\ NetworkProcessRow.swift,\ NetworkRowView.swift,\ NetworkSpeedMonitor.swift,\ NetworkTableView.swift,\ PanelPlacement.swift,\ ProcessListModel.swift,\ ProcessNetworkSampler.swift,\ ProcessRow.swift,\ ProcessRowView.swift,\ ProcessSampler.swift,\ ProcessTableView.swift,\ ProcessTerminator.swift,\ Responsibility.swift,\ SettingsView.swift,\ SettingsWindowController.swift,\ StatusItemController.swift,\ TableRowPinning.swift,\ GeneratedAssetSymbols.swift,\ GeneratedStringSymbols_Localizable.swift /Users/geraltgraham/Codes/CPUKiller/app-macos/MacResourceMonitor/AppDelegate.swift /Users/geraltgraham/Codes/CPUKiller/app-macos/MacResourceMonitor/App/AppPreferences.swift /Users/geraltgraham/Codes/CPUKiller/app-macos/MacResourceMonitor/Services/ArgumentCache.swift /Users/geraltgraham/Codes/CPUKiller/app-macos/MacResourceMonitor/Services/CPUTime.swift /Users/geraltgraham/Codes/CPUKiller/app-macos/MacResourceMonitor/StatusItem/CompactPanel.swift /Users/geraltgraham/Codes/CPUKiller/app-macos/MacResourceMonitor/Services/DisplayClassifier.swift /Users/geraltgraham/Codes/CPUKiller/app-macos/MacResourceMonitor/App/LaunchAtLoginManager.swift /Users/geraltgraham/Codes/CPUKiller/app-macos/MacResourceMonitor/MacResourceMonitorApp.swift /Users/geraltgraham/Codes/CPUKiller/app-macos/MacResourceMonitor/StatusItem/MenuBarIconRenderer.swift /Users/geraltgraham/Codes/CPUKiller/app-macos/MacResourceMonitor/Views/MonitorTableRowChrome.swift /Users/geraltgraham/Codes/CPUKiller/app-macos/MacResourceMonitor/Services/NetworkListModel.swift /Users/geraltgraham/Codes/CPUKiller/app-macos/MacResourceMonitor/Models/NetworkProcessRow.swift /Users/geraltgraham/Codes/CPUKiller/app-macos/MacResourceMonitor/Views/NetworkRowView.swift /Users/geraltgraham/Codes/CPUKiller/app-macos/MacResourceMonitor/Services/NetworkSpeedMonitor.swift /Users/geraltgraham/Codes/CPUKiller/app-macos/MacResourceMonitor/Views/NetworkTableView.swift /Users/geraltgraham/Codes/CPUKiller/app-macos/MacResourceMonitor/StatusItem/PanelPlacement.swift /Users/geraltgraham/Codes/CPUKiller/app-macos/MacResourceMonitor/Services/ProcessListModel.swift /Users/geraltgraham/Codes/CPUKiller/app-macos/MacResourceMonitor/Services/ProcessNetworkSampler.swift /Users/geraltgraham/Codes/CPUKiller/app-macos/MacResourceMonitor/Models/ProcessRow.swift /Users/geraltgraham/Codes/CPUKiller/app-macos/MacResourceMonitor/Views/ProcessRowView.swift /Users/geraltgraham/Codes/CPUKiller/app-macos/MacResourceMonitor/Services/ProcessSampler.swift /Users/geraltgraham/Codes/CPUKiller/app-macos/MacResourceMonitor/Views/ProcessTableView.swift /Users/geraltgraham/Codes/CPUKiller/app-macos/MacResourceMonitor/Services/ProcessTerminator.swift /Users/geraltgraham/Codes/CPUKiller/app-macos/MacResourceMonitor/Services/Responsibility.swift /Users/geraltgraham/Codes/CPUKiller/app-macos/MacResourceMonitor/Views/SettingsView.swift /Users/geraltgraham/Codes/CPUKiller/app-macos/MacResourceMonitor/App/SettingsWindowController.swift /Users/geraltgraham/Codes/CPUKiller/app-macos/MacResourceMonitor/StatusItem/StatusItemController.swift /Users/geraltgraham/Codes/CPUKiller/app-macos/MacResourceMonitor/Services/TableRowPinning.swift /Users/geraltgraham/Codes/CPUKiller/app-macos/build/DerivedData/Build/Intermediates.noindex/MacResourceMonitor.build/Release/MacResourceMonitor.build/DerivedSources/GeneratedAssetSymbols.swift /Users/geraltgraham/Codes/CPUKiller/app-macos/build/DerivedData/Build/Intermediates.noindex/MacResourceMonitor.build/Release/MacResourceMonitor.build/DerivedSources/GeneratedStringSymbols_Localizable.swift /Applications/Xcode.app/Contents/Developer/Toolchains/XcodeDefault.xctoolchain/usr/lib/swift/macosx/prebuilt-modules/26.2/System.swiftmodule/x86_64-apple-macos.swiftmodule /Applications/Xcode.app/Contents/Developer/Toolchains/XcodeDefault.xctoolchain/usr/lib/swift/macosx/prebuilt-modules/26.2/IOKit.swiftmodule/x86_64-apple-macos.swiftmodule /Applications/Xcode.app/Contents/Developer/Toolchains/XcodeDefault.xctoolchain/usr/lib/swift/macosx/prebuilt-modules/26.2/Swift.swiftmodule/x86_64-apple-macos.swiftmodule /Applications/Xcode.app/Contents/Developer/Toolchains/XcodeDefault.xctoolchain/usr/lib/swift/macosx/prebuilt-modules/26.2/CoreImage.swiftmodule/x86_64-apple-macos.swiftmodule /Applications/Xcode.app/Contents/Developer/Toolchains/XcodeDefault.xctoolchain/usr/lib/swift/macosx/prebuilt-modules/26.2/CoreVideo.swiftmodule/x86_64-apple-macos.swiftmodule /Applications/Xcode.app/Contents/Developer/Toolchains/XcodeDefault.xctoolchain/usr/lib/swift/macosx/prebuilt-modules/26.2/CoreTransferable.swiftmodule/x86_64-apple-macos.swiftmodule /Applications/Xcode.app/Contents/Developer/Toolchains/XcodeDefault.xctoolchain/usr/lib/swift/macosx/prebuilt-modules/26.2/simd.swiftmodule/x86_64-apple-macos.swiftmodule /Applications/Xcode.app/Contents/Developer/Toolchains/XcodeDefault.xctoolchain/usr/lib/swift/macosx/prebuilt-modules/26.2/ObjectiveC.swiftmodule/x86_64-apple-macos.swiftmodule /Applications/Xcode.app/Contents/Developer/Toolchains/XcodeDefault.xctoolchain/usr/lib/swift/macosx/prebuilt-modules/26.2/DeveloperToolsSupport.swiftmodule/x86_64-apple-macos.swiftmodule /Applications/Xcode.app/Contents/Developer/Toolchains/XcodeDefault.xctoolchain/usr/lib/swift/macosx/prebuilt-modules/26.2/AppKit.swiftmodule/x86_64-apple-macos.swiftmodule /Users/geraltgraham/Codes/CPUKiller/app-macos/build/DerivedData/Build/Products/Release/MacKitUpdater.swiftmodule/x86_64-apple-macos.swiftmodule /Applications/Xcode.app/Contents/Developer/Toolchains/XcodeDefault.xctoolchain/usr/lib/swift/macosx/prebuilt-modules/26.2/SwiftUICore.swiftmodule/x86_64-apple-macos.swiftmodule /Applications/Xcode.app/Contents/Developer/Toolchains/XcodeDefault.xctoolchain/usr/lib/swift/macosx/prebuilt-modules/26.2/Symbols.swiftmodule/x86_64-apple-macos.swiftmodule /Applications/Xcode.app/Contents/Developer/Toolchains/XcodeDefault.xctoolchain/usr/lib/swift/macosx/prebuilt-modules/26.2/Dispatch.swiftmodule/x86_64-apple-macos.swiftmodule /Applications/Xcode.app/Contents/Developer/Toolchains/XcodeDefault.xctoolchain/usr/lib/swift/macosx/prebuilt-modules/26.2/_StringProcessing.swiftmodule/x86_64-apple-macos.swiftmodule /Applications/Xcode.app/Contents/Developer/Toolchains/XcodeDefault.xctoolchain/usr/lib/swift/macosx/prebuilt-modules/26.2/_DarwinFoundation2.swiftmodule/x86_64-apple-macos.swiftmodule /Applications/Xcode.app/Contents/Developer/Toolchains/XcodeDefault.xctoolchain/usr/lib/swift/macosx/prebuilt-modules/26.2/_DarwinFoundation3.swiftmodule/x86_64-apple-macos.swiftmodule /Applications/Xcode.app/Contents/Developer/Toolchains/XcodeDefault.xctoolchain/usr/lib/swift/macosx/prebuilt-modules/26.2/CoreText.swiftmodule/x86_64-apple-macos.swiftmodule /Applications/Xcode.app/Contents/Developer/Toolchains/XcodeDefault.xctoolchain/usr/lib/swift/macosx/prebuilt-modules/26.2/XPC.swiftmodule/x86_64-apple-macos.swiftmodule /Applications/Xcode.app/Contents/Developer/Toolchains/XcodeDefault.xctoolchain/usr/lib/swift/macosx/prebuilt-modules/26.2/Metal.swiftmodule/x86_64-apple-macos.swiftmodule /Applications/Xcode.app/Contents/Developer/Toolchains/XcodeDefault.xctoolchain/usr/lib/swift/macosx/prebuilt-modules/26.2/Combine.swiftmodule/x86_64-apple-macos.swiftmodule /Applications/Xcode.app/Contents/Developer/Toolchains/XcodeDefault.xctoolchain/usr/lib/swift/macosx/prebuilt-modules/26.2/Spatial.swiftmodule/x86_64-apple-macos.swiftmodule /Applications/Xcode.app/Contents/Developer/Toolchains/XcodeDefault.xctoolchain/usr/lib/swift/macosx/prebuilt-modules/26.2/OSLog.swiftmodule/x86_64-apple-macos.swiftmodule /Applications/Xcode.app/Contents/Developer/Toolchains/XcodeDefault.xctoolchain/usr/lib/swift/macosx/prebuilt-modules/26.2/_DarwinFoundation1.swiftmodule/x86_64-apple-macos.swiftmodule /Applications/Xcode.app/Contents/Developer/Toolchains/XcodeDefault.xctoolchain/usr/lib/swift/macosx/prebuilt-modules/26.2/os.swiftmodule/x86_64-apple-macos.swiftmodule /Users/geraltgraham/Codes/CPUKiller/app-macos/build/DerivedData/Build/Products/Release/MacKitOverlay.swiftmodule/x86_64-apple-macos.swiftmodule /Users/geraltgraham/Codes/CPUKiller/app-macos/build/DerivedData/Build/Products/Release/MacKitCore.swiftmodule/x86_64-apple-macos.swiftmodule /Applications/Xcode.app/Contents/Developer/Toolchains/XcodeDefault.xctoolchain/usr/lib/swift/macosx/prebuilt-modules/26.2/_Concurrency.swiftmodule/x86_64-apple-macos.swiftmodule /Applications/Xcode.app/Contents/Developer/Toolchains/XcodeDefault.xctoolchain/usr/lib/swift/macosx/prebuilt-modules/26.2/_Builtin_float.swiftmodule/x86_64-apple-macos.swiftmodule /Applications/Xcode.app/Contents/Developer/Toolchains/XcodeDefault.xctoolchain/usr/lib/swift/macosx/prebuilt-modules/26.2/UniformTypeIdentifiers.swiftmodule/x86_64-apple-macos.swiftmodule /Applications/Xcode.app/Contents/Developer/Toolchains/XcodeDefault.xctoolchain/usr/lib/swift/macosx/prebuilt-modules/26.2/CoreData.swiftmodule/x86_64-apple-macos.swiftmodule /Applications/Xcode.app/Contents/Developer/Toolchains/XcodeDefault.xctoolchain/usr/lib/swift/macosx/prebuilt-modules/26.2/CoreGraphics.swiftmodule/x86_64-apple-macos.swiftmodule /Users/geraltgraham/Codes/CPUKiller/app-macos/build/DerivedData/Build/Products/Release/MacKitLaunchAtLogin.swiftmodule/x86_64-apple-macos.swiftmodule /Applications/Xcode.app/Contents/Developer/Toolchains/XcodeDefault.xctoolchain/usr/lib/swift/macosx/prebuilt-modules/26.2/Observation.swiftmodule/x86_64-apple-macos.swiftmodule /Applications/Xcode.app/Contents/Developer/Toolchains/XcodeDefault.xctoolchain/usr/lib/swift/macosx/prebuilt-modules/26.2/DataDetection.swiftmodule/x86_64-apple-macos.swiftmodule /Applications/Xcode.app/Contents/Developer/Toolchains/XcodeDefault.xctoolchain/usr/lib/swift/macosx/prebuilt-modules/26.2/QuartzCore.swiftmodule/x86_64-apple-macos.swiftmodule /Applications/Xcode.app/Contents/Developer/Toolchains/XcodeDefault.xctoolchain/usr/lib/swift/macosx/prebuilt-modules/26.2/CoreFoundation.swiftmodule/x86_64-apple-macos.swiftmodule /Applications/Xcode.app/Contents/Developer/Toolchains/XcodeDefault.xctoolchain/usr/lib/swift/macosx/prebuilt-modules/26.2/Distributed.swiftmodule/x86_64-apple-macos.swiftmodule /Applications/Xcode.app/Contents/Developer/Toolchains/XcodeDefault.xctoolchain/usr/lib/swift/macosx/prebuilt-modules/26.2/Foundation.swiftmodule/x86_64-apple-macos.swiftmodule /Applications/Xcode.app/Contents/Developer/Toolchains/XcodeDefault.xctoolchain/usr/lib/swift/macosx/prebuilt-modules/26.2/Network.swiftmodule/x86_64-apple-macos.swiftmodule /Applications/Xcode.app/Contents/Developer/Toolchains/XcodeDefault.xctoolchain/usr/lib/swift/macosx/prebuilt-modules/26.2/Accessibility.swiftmodule/x86_64-apple-macos.swiftmodule /Applications/Xcode.app/Contents/Developer/Toolchains/XcodeDefault.xctoolchain/usr/lib/swift/macosx/prebuilt-modules/26.2/SwiftUI.swiftmodule/x86_64-apple-macos.swiftmodule /Users/geraltgraham/Codes/CPUKiller/app-macos/build/DerivedData/Build/Products/Release/MacKitLifecycle.swiftmodule/x86_64-apple-macos.swiftmodule /Applications/Xcode.app/Contents/Developer/Toolchains/XcodeDefault.xctoolchain/usr/lib/swift/macosx/prebuilt-modules/26.2/Darwin.swiftmodule/x86_64-apple-macos.swiftmodule /Users/geraltgraham/Codes/CPUKiller/app-macos/build/DerivedData/ModuleCache.noindex/UniformTypeIdentifiers-EQ74MC22YA8AG2ATPCZJZPW20.pcm /Users/geraltgraham/Codes/CPUKiller/app-macos/build/DerivedData/ModuleCache.noindex/CoreData-AG2SNBTAD0025VBPNWKR19K60.pcm /Users/geraltgraham/Codes/CPUKiller/app-macos/build/DerivedData/ModuleCache.noindex/_Builtin_limits-CLG7KNHOKMMNZSZVG3P0GAIPE.pcm /Users/geraltgraham/Codes/CPUKiller/app-macos/build/DerivedData/ModuleCache.noindex/_Builtin_inttypes-7EWGG9U5LL6I68AJ10G0L8378.pcm /Users/geraltgraham/Codes/CPUKiller/app-macos/build/DerivedData/ModuleCache.noindex/XPC-81XRK7YTHDAX5368ILWEID2.pcm /Users/geraltgraham/Codes/CPUKiller/app-macos/build/DerivedData/ModuleCache.noindex/Metal-5NE5B0EW4B16D4TDDYU4T52A0.pcm /Users/geraltgraham/Codes/CPUKiller/app-macos/build/DerivedData/ModuleCache.noindex/Network-14RYU3C65BD8EGKADHDDQR7NJ.pcm /Users/geraltgraham/Codes/CPUKiller/app-macos/build/DerivedData/ModuleCache.noindex/SwiftUICore-8TEV92FQGUC18ZA2V6T7Q4AOL.pcm /Users/geraltgraham/Codes/CPUKiller/app-macos/build/DerivedData/ModuleCache.noindex/OSLog-ETH02YETCTPL5G5R3VZVNNL5F.pcm /Users/geraltgraham/Codes/CPUKiller/app-macos/build/DerivedData/ModuleCache.noindex/dnssd-4RJBKVCL35ZRBOS79CSMR6AMW.pcm /Users/geraltgraham/Codes/CPUKiller/app-macos/build/DerivedData/ModuleCache.noindex/os-23FORFPWB7QIJU3BXC26K1VQE.pcm /Users/geraltgraham/Codes/CPUKiller/app-macos/build/DerivedData/ModuleCache.noindex/CUPS-3J7RN9A5BHSFP1UV7525ZNLAT.pcm /Users/geraltgraham/Codes/CPUKiller/app-macos/build/DerivedData/ModuleCache.noindex/ServiceManagement-7K11XCB6DVEVUIMQ88HQE6W.pcm /Users/geraltgraham/Codes/CPUKiller/app-macos/build/DerivedData/ModuleCache.noindex/_DarwinFoundation3-BULW75EFF2O9IMXFE812W5SGD.pcm /Users/geraltgraham/Codes/CPUKiller/app-macos/build/DerivedData/ModuleCache.noindex/ImageIO-E57AKK59WYQ7VISTY0OCP2V1.pcm /Users/geraltgraham/Codes/CPUKiller/app-macos/build/DerivedData/ModuleCache.noindex/SwiftUI-JJX62VN379VJ97CTVWPOGXN.pcm /Users/geraltgraham/Codes/CPUKiller/app-macos/build/DerivedData/ModuleCache.noindex/ColorSync-5BN7X3VQVYZKG8J30OEY913FH.pcm /Users/geraltgraham/Codes/CPUKiller/app-macos/build/DerivedData/ModuleCache.noindex/_Builtin_intrinsics-7OD6I4UTA7WI2U45JLMMKQFGU.pcm /Users/geraltgraham/Codes/CPUKiller/app-macos/build/DerivedData/ModuleCache.noindex/_Builtin_stdatomic-1XJV35LTZM5HJ5KHNTP0N4286.pcm /Users/geraltgraham/Codes/CPUKiller/app-macos/build/DerivedData/ModuleCache.noindex/libDER-3LIBN3F02I74HAW68HS2A8NS5.pcm /Users/geraltgraham/Codes/CPUKiller/app-macos/build/DerivedData/ModuleCache.noindex/Spatial-CLUGYDAA5COP5RDRFYKG9H8BH.pcm /Users/geraltgraham/Codes/CPUKiller/app-macos/build/DerivedData/ModuleCache.noindex/os_object-7A706QQY905SNBECX228UI03H.pcm /Users/geraltgraham/Codes/CPUKiller/app-macos/build/DerivedData/ModuleCache.noindex/Accessibility-491IAYPC2KR4YZ5GT8VI3NYTC.pcm /Users/geraltgraham/Codes/CPUKiller/app-macos/build/DerivedData/ModuleCache.noindex/AppKit-3WNKMYO80D0FJGF30G1EO49F4.pcm /Users/geraltgraham/Codes/CPUKiller/app-macos/build/DerivedData/ModuleCache.noindex/MachO-2URD40ZWRMXS5N615XK8KZVDP.pcm /Users/geraltgraham/Codes/CPUKiller/app-macos/build/DerivedData/ModuleCache.noindex/ApplicationServices-C0D7LWYQ4YJMYONDB6DMXMBHF.pcm /Users/geraltgraham/Codes/CPUKiller/app-macos/build/DerivedData/ModuleCache.noindex/CoreFoundation-6PPJ19XR5X05L5UUOWPVHX5EF.pcm /Users/geraltgraham/Codes/CPUKiller/app-macos/build/DerivedData/ModuleCache.noindex/_Builtin_stdarg-2U1O8M47SRIBOYTM30776SPBQ.pcm /Users/geraltgraham/Codes/CPUKiller/app-macos/build/DerivedData/ModuleCache.noindex/os_workgroup-4GWO0986PM04TZC4UC9N5AL8F.pcm /Users/geraltgraham/Codes/CPUKiller/app-macos/build/DerivedData/ModuleCache.noindex/CoreServices-COELYXMSP1LZ2SY9JUF6EQZD0.pcm /Users/geraltgraham/Codes/CPUKiller/app-macos/build/DerivedData/ModuleCache.noindex/_Builtin_tgmath-3ZQ2KHB8OHWLTUTCZ76BI49Z4.pcm /Users/geraltgraham/Codes/CPUKiller/app-macos/build/DerivedData/ModuleCache.noindex/ptrcheck-AKW41FSB0UXBSP0X5TONHO31J.pcm /Users/geraltgraham/Codes/CPUKiller/app-macos/build/DerivedData/ModuleCache.noindex/DeveloperToolsSupport-42M4YGZEO4FDQVCVDCKOWGULU.pcm /Users/geraltgraham/Codes/CPUKiller/app-macos/build/DerivedData/ModuleCache.noindex/SwiftShims-1AOOQPCH7MJLQ0RYVQHBBRNY1.pcm /Users/geraltgraham/Codes/CPUKiller/app-macos/build/DerivedData/ModuleCache.noindex/simd-2QP402KNK5AHH9AFRJ912CRDE.pcm /Users/geraltgraham/Codes/CPUKiller/app-macos/build/DerivedData/ModuleCache.noindex/_Builtin_stddef-56E46YZ0RYHWMMHSH99NOJ15H.pcm /Users/geraltgraham/Codes/CPUKiller/app-macos/build/DerivedData/ModuleCache.noindex/OpenGL-9N43K62WVH56VC0FREDDP9WVP.pcm /Users/geraltgraham/Codes/CPUKiller/app-macos/build/DerivedData/ModuleCache.noindex/CoreTransferable-DC0KUNHFBC0J2W7ONQS81NA90.pcm /Users/geraltgraham/Codes/CPUKiller/app-macos/build/DerivedData/ModuleCache.noindex/IOSurface-5FX6STCO7ARAUN99E44RHK16P.pcm /Users/geraltgraham/Codes/CPUKiller/app-macos/build/DerivedData/ModuleCache.noindex/Darwin-CZ85Z6W6Z7QJPB4EZ2MKI0REQ.pcm /Users/geraltgraham/Codes/CPUKiller/app-macos/build/DerivedData/ModuleCache.noindex/DiskArbitration-5RH2ZS85RMHO6V8L7BJ22N7I1.pcm /Users/geraltgraham/Codes/CPUKiller/app-macos/build/DerivedData/ModuleCache.noindex/ptrauth-B7U5QUZM7INR7EW5GBYRGBEJ6.pcm /Users/geraltgraham/Codes/CPUKiller/app-macos/build/DerivedData/ModuleCache.noindex/_Builtin_stdbool-DTL4A6E8XZAMZ3252LTYRTKDD.pcm /Users/geraltgraham/Codes/CPUKiller/app-macos/build/DerivedData/ModuleCache.noindex/CoreVideo-EP6AU44ZT6R0WI8HBHXOGPBSC.pcm /Users/geraltgraham/Codes/CPUKiller/app-macos/build/DerivedData/ModuleCache.noindex/Dispatch-D72UNUUGV8UE74OHH446J5U56.pcm /Users/geraltgraham/Codes/CPUKiller/app-macos/build/DerivedData/ModuleCache.noindex/ObjectiveC-EASPOJ0QF27HG4XLDJVTI37QU.pcm /Users/geraltgraham/Codes/CPUKiller/app-macos/build/DerivedData/ModuleCache.noindex/Security-1JNW62IE72483S8759AIS7X6A.pcm /Users/geraltgraham/Codes/CPUKiller/app-macos/build/DerivedData/ModuleCache.noindex/CFNetwork-CTDAQGTCYDNRZBVTE8CKLH1DO.pcm /Users/geraltgraham/Codes/CPUKiller/app-macos/build/DerivedData/ModuleCache.noindex/CoreImage-4NYYB1UGBH0L1UV08IIYSZA8B.pcm /Users/geraltgraham/Codes/CPUKiller/app-macos/build/DerivedData/ModuleCache.noindex/DataDetection-32J8458P0F9Y9A107QXKZ8N82.pcm /Users/geraltgraham/Codes/CPUKiller/app-macos/build/DerivedData/ModuleCache.noindex/_SwiftConcurrencyShims-7M1WPVPKFIZ2F2URPP39G1869.pcm /Users/geraltgraham/Codes/CPUKiller/app-macos/build/DerivedData/ModuleCache.noindex/_DarwinFoundation1-8IUZOLH0B30V8ZKPEYDBG3XVS.pcm /Users/geraltgraham/Codes/CPUKiller/app-macos/build/DerivedData/ModuleCache.noindex/Symbols-DUPSUNNILO6JV48XW0VWTLX1R.pcm /Users/geraltgraham/Codes/CPUKiller/app-macos/build/DerivedData/ModuleCache.noindex/_Builtin_stdint-4DPXLNN4J85ZSDZA2AKPWCNMW.pcm /Users/geraltgraham/Codes/CPUKiller/app-macos/build/DerivedData/ModuleCache.noindex/_Builtin_float-2TO3036WRFHEDWKRGU944KKTA.pcm /Users/geraltgraham/Codes/CPUKiller/app-macos/build/DerivedData/ModuleCache.noindex/libkern-5C8ZCSRJSS4PZCASOXH2QHHK7.pcm /Users/geraltgraham/Codes/CPUKiller/app-macos/build/DerivedData/ModuleCache.noindex/launch-6LCJZD6DKOJ3GKATUSUJZEQ2K.pcm /Users/geraltgraham/Codes/CPUKiller/app-macos/build/DerivedData/ModuleCache.noindex/CoreGraphics-4TQTKB6BSN8M1V439WQTG2ADP.pcm /Users/geraltgraham/Codes/CPUKiller/app-macos/build/DerivedData/ModuleCache.noindex/IOKit-9VMSMB17ATNB0V8RJJTCOCZSV.pcm /Users/geraltgraham/Codes/CPUKiller/app-macos/build/DerivedData/ModuleCache.noindex/_DarwinFoundation2-X5CA484PADAR0SE7I2G13OWN.pcm /Users/geraltgraham/Codes/CPUKiller/app-macos/build/DerivedData/ModuleCache.noindex/CoreText-726SUIN963L0TR0DE66IRFICE.pcm /Users/geraltgraham/Codes/CPUKiller/app-macos/build/DerivedData/ModuleCache.noindex/_AvailabilityInternal-C9ATZR4D4D3PZE5UYYE052JIT.pcm /Users/geraltgraham/Codes/CPUKiller/app-macos/build/DerivedData/ModuleCache.noindex/sys_types-DGEFQFDC2H5RB4SJ4M4QMOSG7.pcm /Users/geraltgraham/Codes/CPUKiller/app-macos/build/DerivedData/ModuleCache.noindex/QuartzCore-A5JK5IK3VKEYAIP1MQDIAFDC.pcm /Users/geraltgraham/Codes/CPUKiller/app-macos/build/DerivedData/Build/Intermediates.noindex/SwiftExplicitPrecompiledModules/Sparkle-3J9K1R9KFUHZ7EGR9IBPT6QFF.pcm /Users/geraltgraham/Codes/CPUKiller/app-macos/build/DerivedData/ModuleCache.noindex/Foundation-525ZUSVB63068DKG53BQEYAW3.pcm /Users/geraltgraham/Codes/CPUKiller/app-macos/build/DerivedData/Build/Intermediates.noindex/MacResourceMonitor.build/Release/MacResourceMonitor.build/Objects-normal/x86_64/MacResourceMonitor-dependencies-1.json (in target 'MacResourceMonitor' from project 'MacResourceMonitor')

CompileSwift normal x86_64 (in target 'MacResourceMonitor' from project 'MacResourceMonitor')
    cd /Users/geraltgraham/Codes/CPUKiller/app-macos
    

SwiftExplicitDependencyGeneratePcm arm64 /Users/geraltgraham/Codes/CPUKiller/app-macos/build/DerivedData/ModuleCache.noindex/SwiftUI-DROD2PYMQKYSLK9A2RWGAE77N.pcm

SwiftCompile normal arm64 Compiling\ AppDelegate.swift,\ AppPreferences.swift,\ ArgumentCache.swift,\ CPUTime.swift,\ CompactPanel.swift,\ DisplayClassifier.swift,\ LaunchAtLoginManager.swift,\ MacResourceMonitorApp.swift,\ MenuBarIconRenderer.swift,\ MonitorTableRowChrome.swift,\ NetworkListModel.swift,\ NetworkProcessRow.swift,\ NetworkRowView.swift,\ NetworkSpeedMonitor.swift,\ NetworkTableView.swift,\ PanelPlacement.swift,\ ProcessListModel.swift,\ ProcessNetworkSampler.swift,\ ProcessRow.swift,\ ProcessRowView.swift,\ ProcessSampler.swift,\ ProcessTableView.swift,\ ProcessTerminator.swift,\ Responsibility.swift,\ SettingsView.swift,\ SettingsWindowController.swift,\ StatusItemController.swift,\ TableRowPinning.swift,\ GeneratedAssetSymbols.swift,\ GeneratedStringSymbols_Localizable.swift /Users/geraltgraham/Codes/CPUKiller/app-macos/MacResourceMonitor/AppDelegate.swift /Users/geraltgraham/Codes/CPUKiller/app-macos/MacResourceMonitor/App/AppPreferences.swift /Users/geraltgraham/Codes/CPUKiller/app-macos/MacResourceMonitor/Services/ArgumentCache.swift /Users/geraltgraham/Codes/CPUKiller/app-macos/MacResourceMonitor/Services/CPUTime.swift /Users/geraltgraham/Codes/CPUKiller/app-macos/MacResourceMonitor/StatusItem/CompactPanel.swift /Users/geraltgraham/Codes/CPUKiller/app-macos/MacResourceMonitor/Services/DisplayClassifier.swift /Users/geraltgraham/Codes/CPUKiller/app-macos/MacResourceMonitor/App/LaunchAtLoginManager.swift /Users/geraltgraham/Codes/CPUKiller/app-macos/MacResourceMonitor/MacResourceMonitorApp.swift /Users/geraltgraham/Codes/CPUKiller/app-macos/MacResourceMonitor/StatusItem/MenuBarIconRenderer.swift /Users/geraltgraham/Codes/CPUKiller/app-macos/MacResourceMonitor/Views/MonitorTableRowChrome.swift /Users/geraltgraham/Codes/CPUKiller/app-macos/MacResourceMonitor/Services/NetworkListModel.swift /Users/geraltgraham/Codes/CPUKiller/app-macos/MacResourceMonitor/Models/NetworkProcessRow.swift /Users/geraltgraham/Codes/CPUKiller/app-macos/MacResourceMonitor/Views/NetworkRowView.swift /Users/geraltgraham/Codes/CPUKiller/app-macos/MacResourceMonitor/Services/NetworkSpeedMonitor.swift /Users/geraltgraham/Codes/CPUKiller/app-macos/MacResourceMonitor/Views/NetworkTableView.swift /Users/geraltgraham/Codes/CPUKiller/app-macos/MacResourceMonitor/StatusItem/PanelPlacement.swift /Users/geraltgraham/Codes/CPUKiller/app-macos/MacResourceMonitor/Services/ProcessListModel.swift /Users/geraltgraham/Codes/CPUKiller/app-macos/MacResourceMonitor/Services/ProcessNetworkSampler.swift /Users/geraltgraham/Codes/CPUKiller/app-macos/MacResourceMonitor/Models/ProcessRow.swift /Users/geraltgraham/Codes/CPUKiller/app-macos/MacResourceMonitor/Views/ProcessRowView.swift /Users/geraltgraham/Codes/CPUKiller/app-macos/MacResourceMonitor/Services/ProcessSampler.swift /Users/geraltgraham/Codes/CPUKiller/app-macos/MacResourceMonitor/Views/ProcessTableView.swift /Users/geraltgraham/Codes/CPUKiller/app-macos/MacResourceMonitor/Services/ProcessTerminator.swift /Users/geraltgraham/Codes/CPUKiller/app-macos/MacResourceMonitor/Services/Responsibility.swift /Users/geraltgraham/Codes/CPUKiller/app-macos/MacResourceMonitor/Views/SettingsView.swift /Users/geraltgraham/Codes/CPUKiller/app-macos/MacResourceMonitor/App/SettingsWindowController.swift /Users/geraltgraham/Codes/CPUKiller/app-macos/MacResourceMonitor/StatusItem/StatusItemController.swift /Users/geraltgraham/Codes/CPUKiller/app-macos/MacResourceMonitor/Services/TableRowPinning.swift /Users/geraltgraham/Codes/CPUKiller/app-macos/build/DerivedData/Build/Intermediates.noindex/MacResourceMonitor.build/Release/MacResourceMonitor.build/DerivedSources/GeneratedAssetSymbols.swift /Users/geraltgraham/Codes/CPUKiller/app-macos/build/DerivedData/Build/Intermediates.noindex/MacResourceMonitor.build/Release/MacResourceMonitor.build/DerivedSources/GeneratedStringSymbols_Localizable.swift /Applications/Xcode.app/Contents/Developer/Toolchains/XcodeDefault.xctoolchain/usr/lib/swift/macosx/prebuilt-modules/26.2/IOKit.swiftmodule/arm64e-apple-macos.swiftmodule /Applications/Xcode.app/Contents/Developer/Toolchains/XcodeDefault.xctoolchain/usr/lib/swift/macosx/prebuilt-modules/26.2/Metal.swiftmodule/arm64e-apple-macos.swiftmodule /Applications/Xcode.app/Contents/Developer/Toolchains/XcodeDefault.xctoolchain/usr/lib/swift/macosx/prebuilt-modules/26.2/Combine.swiftmodule/arm64e-apple-macos.swiftmodule /Applications/Xcode.app/Contents/Developer/Toolchains/XcodeDefault.xctoolchain/usr/lib/swift/macosx/prebuilt-modules/26.2/_Builtin_float.swiftmodule/arm64e-apple-macos.swiftmodule /Applications/Xcode.app/Contents/Developer/Toolchains/XcodeDefault.xctoolchain/usr/lib/swift/macosx/prebuilt-modules/26.2/ObjectiveC.swiftmodule/arm64e-apple-macos.swiftmodule /Users/geraltgraham/Codes/CPUKiller/app-macos/build/DerivedData/Build/Products/Release/MacKitUpdater.swiftmodule/arm64-apple-macos.swiftmodule /Applications/Xcode.app/Contents/Developer/Toolchains/XcodeDefault.xctoolchain/usr/lib/swift/macosx/prebuilt-modules/26.2/Dispatch.swiftmodule/arm64e-apple-macos.swiftmodule /Applications/Xcode.app/Contents/Developer/Toolchains/XcodeDefault.xctoolchain/usr/lib/swift/macosx/prebuilt-modules/26.2/CoreData.swiftmodule/arm64e-apple-macos.swiftmodule /Applications/Xcode.app/Contents/Developer/Toolchains/XcodeDefault.xctoolchain/usr/lib/swift/macosx/prebuilt-modules/26.2/UniformTypeIdentifiers.swiftmodule/arm64e-apple-macos.swiftmodule /Applications/Xcode.app/Contents/Developer/Toolchains/XcodeDefault.xctoolchain/usr/lib/swift/macosx/prebuilt-modules/26.2/AppKit.swiftmodule/arm64e-apple-macos.swiftmodule /Applications/Xcode.app/Contents/Developer/Toolchains/XcodeDefault.xctoolchain/usr/lib/swift/macosx/prebuilt-modules/26.2/_DarwinFoundation3.swiftmodule/arm64e-apple-macos.swiftmodule /Applications/Xcode.app/Contents/Developer/Toolchains/XcodeDefault.xctoolchain/usr/lib/swift/macosx/prebuilt-modules/26.2/CoreTransferable.swiftmodule/arm64e-apple-macos.swiftmodule /Applications/Xcode.app/Contents/Developer/Toolchains/XcodeDefault.xctoolchain/usr/lib/swift/macosx/prebuilt-modules/26.2/_DarwinFoundation2.swiftmodule/arm64e-apple-macos.swiftmodule /Applications/Xcode.app/Contents/Developer/Toolchains/XcodeDefault.xctoolchain/usr/lib/swift/macosx/prebuilt-modules/26.2/SwiftUI.swiftmodule/arm64e-apple-macos.swiftmodule /Applications/Xcode.app/Contents/Developer/Toolchains/XcodeDefault.xctoolchain/usr/lib/swift/macosx/prebuilt-modules/26.2/os.swiftmodule/arm64e-apple-macos.swiftmodule /Users/geraltgraham/Codes/CPUKiller/app-macos/build/DerivedData/Build/Products/Release/MacKitLifecycle.swiftmodule/arm64-apple-macos.swiftmodule /Applications/Xcode.app/Contents/Developer/Toolchains/XcodeDefault.xctoolchain/usr/lib/swift/macosx/prebuilt-modules/26.2/Foundation.swiftmodule/arm64e-apple-macos.swiftmodule /Applications/Xcode.app/Contents/Developer/Toolchains/XcodeDefault.xctoolchain/usr/lib/swift/macosx/prebuilt-modules/26.2/_DarwinFoundation1.swiftmodule/arm64e-apple-macos.swiftmodule /Applications/Xcode.app/Contents/Developer/Toolchains/XcodeDefault.xctoolchain/usr/lib/swift/macosx/prebuilt-modules/26.2/XPC.swiftmodule/arm64e-apple-macos.swiftmodule /Applications/Xcode.app/Contents/Developer/Toolchains/XcodeDefault.xctoolchain/usr/lib/swift/macosx/prebuilt-modules/26.2/Distributed.swiftmodule/arm64e-apple-macos.swiftmodule /Applications/Xcode.app/Contents/Developer/Toolchains/XcodeDefault.xctoolchain/usr/lib/swift/macosx/prebuilt-modules/26.2/DataDetection.swiftmodule/arm64e-apple-macos.swiftmodule /Applications/Xcode.app/Contents/Developer/Toolchains/XcodeDefault.xctoolchain/usr/lib/swift/macosx/prebuilt-modules/26.2/Symbols.swiftmodule/arm64e-apple-macos.swiftmodule /Applications/Xcode.app/Contents/Developer/Toolchains/XcodeDefault.xctoolchain/usr/lib/swift/macosx/prebuilt-modules/26.2/System.swiftmodule/arm64e-apple-macos.swiftmodule /Applications/Xcode.app/Contents/Developer/Toolchains/XcodeDefault.xctoolchain/usr/lib/swift/macosx/prebuilt-modules/26.2/Accessibility.swiftmodule/arm64e-apple-macos.swiftmodule /Applications/Xcode.app/Contents/Developer/Toolchains/XcodeDefault.xctoolchain/usr/lib/swift/macosx/prebuilt-modules/26.2/Swift.swiftmodule/arm64e-apple-macos.swiftmodule /Applications/Xcode.app/Contents/Developer/Toolchains/XcodeDefault.xctoolchain/usr/lib/swift/macosx/prebuilt-modules/26.2/CoreGraphics.swiftmodule/arm64e-apple-macos.swiftmodule /Applications/Xcode.app/Contents/Developer/Toolchains/XcodeDefault.xctoolchain/usr/lib/swift/macosx/prebuilt-modules/26.2/QuartzCore.swiftmodule/arm64e-apple-macos.swiftmodule /Applications/Xcode.app/Contents/Developer/Toolchains/XcodeDefault.xctoolchain/usr/lib/swift/macosx/prebuilt-modules/26.2/Darwin.swiftmodule/arm64e-apple-macos.swiftmodule /Applications/Xcode.app/Contents/Developer/Toolchains/XcodeDefault.xctoolchain/usr/lib/swift/macosx/prebuilt-modules/26.2/_StringProcessing.swiftmodule/arm64e-apple-macos.swiftmodule /Users/geraltgraham/Codes/CPUKiller/app-macos/build/DerivedData/Build/Products/Release/MacKitOverlay.swiftmodule/arm64-apple-macos.swiftmodule /Applications/Xcode.app/Contents/Developer/Toolchains/XcodeDefault.xctoolchain/usr/lib/swift/macosx/prebuilt-modules/26.2/OSLog.swiftmodule/arm64e-apple-macos.swiftmodule /Applications/Xcode.app/Contents/Developer/Toolchains/XcodeDefault.xctoolchain/usr/lib/swift/macosx/prebuilt-modules/26.2/CoreText.swiftmodule/arm64e-apple-macos.swiftmodule /Applications/Xcode.app/Contents/Developer/Toolchains/XcodeDefault.xctoolchain/usr/lib/swift/macosx/prebuilt-modules/26.2/Network.swiftmodule/arm64e-apple-macos.swiftmodule /Applications/Xcode.app/Contents/Developer/Toolchains/XcodeDefault.xctoolchain/usr/lib/swift/macosx/prebuilt-modules/26.2/Spatial.swiftmodule/arm64e-apple-macos.swiftmodule /Applications/Xcode.app/Contents/Developer/Toolchains/XcodeDefault.xctoolchain/usr/lib/swift/macosx/prebuilt-modules/26.2/CoreVideo.swiftmodule/arm64e-apple-macos.swiftmodule /Applications/Xcode.app/Contents/Developer/Toolchains/XcodeDefault.xctoolchain/usr/lib/swift/macosx/prebuilt-modules/26.2/_Concurrency.swiftmodule/arm64e-apple-macos.swiftmodule /Applications/Xcode.app/Contents/Developer/Toolchains/XcodeDefault.xctoolchain/usr/lib/swift/macosx/prebuilt-modules/26.2/DeveloperToolsSupport.swiftmodule/arm64e-apple-macos.swiftmodule /Applications/Xcode.app/Contents/Developer/Toolchains/XcodeDefault.xctoolchain/usr/lib/swift/macosx/prebuilt-modules/26.2/CoreImage.swiftmodule/arm64e-apple-macos.swiftmodule /Applications/Xcode.app/Contents/Developer/Toolchains/XcodeDefault.xctoolchain/usr/lib/swift/macosx/prebuilt-modules/26.2/CoreFoundation.swiftmodule/arm64e-apple-macos.swiftmodule /Applications/Xcode.app/Contents/Developer/Toolchains/XcodeDefault.xctoolchain/usr/lib/swift/macosx/prebuilt-modules/26.2/Observation.swiftmodule/arm64e-apple-macos.swiftmodule /Applications/Xcode.app/Contents/Developer/Toolchains/XcodeDefault.xctoolchain/usr/lib/swift/macosx/prebuilt-modules/26.2/simd.swiftmodule/arm64e-apple-macos.swiftmodule /Users/geraltgraham/Codes/CPUKiller/app-macos/build/DerivedData/Build/Products/Release/MacKitCore.swiftmodule/arm64-apple-macos.swiftmodule /Users/geraltgraham/Codes/CPUKiller/app-macos/build/DerivedData/Build/Products/Release/MacKitLaunchAtLogin.swiftmodule/arm64-apple-macos.swiftmodule /Applications/Xcode.app/Contents/Developer/Toolchains/XcodeDefault.xctoolchain/usr/lib/swift/macosx/prebuilt-modules/26.2/SwiftUICore.swiftmodule/arm64e-apple-macos.swiftmodule /Users/geraltgraham/Codes/CPUKiller/app-macos/build/DerivedData/ModuleCache.noindex/CoreData-30BSCXWH4OYHKU7HC54W3RS08.pcm /Users/geraltgraham/Codes/CPUKiller/app-macos/build/DerivedData/ModuleCache.noindex/_Builtin_limits-9SUYH5TD08RC0X0LAMXSV3C71.pcm /Users/geraltgraham/Codes/CPUKiller/app-macos/build/DerivedData/ModuleCache.noindex/CoreFoundation-1TL63BLZPMWPW3TC5AYA83G6O.pcm /Users/geraltgraham/Codes/CPUKiller/app-macos/build/DerivedData/ModuleCache.noindex/_Builtin_stdbool-1FYUCURERC807AXJJZ27MJU2R.pcm /Users/geraltgraham/Codes/CPUKiller/app-macos/build/DerivedData/ModuleCache.noindex/os-4O1G7K9CGTBRSGMRQ7ECZQ5BB.pcm /Users/geraltgraham/Codes/CPUKiller/app-macos/build/DerivedData/ModuleCache.noindex/simd-12WEUNIR9NWCLM1E0WBDN3RFV.pcm /Users/geraltgraham/Codes/CPUKiller/app-macos/build/DerivedData/ModuleCache.noindex/DiskArbitration-405QLGLJVG5AT9JGY3I0N0FW0.pcm /Users/geraltgraham/Codes/CPUKiller/app-macos/build/DerivedData/ModuleCache.noindex/_Builtin_stdatomic-CCKEDRYKRPXZ0QGPU3OK3MAS8.pcm /Users/geraltgraham/Codes/CPUKiller/app-macos/build/DerivedData/ModuleCache.noindex/Symbols-73G5VJS04IQIRP1L0UAKXMDXP.pcm /Users/geraltgraham/Codes/CPUKiller/app-macos/build/DerivedData/ModuleCache.noindex/sys_types-6FPXRWOBW3ZYNQNB10841OZ5V.pcm /Users/geraltgraham/Codes/CPUKiller/app-macos/build/DerivedData/ModuleCache.noindex/DeveloperToolsSupport-18WHY6QI75CBCT3FQ44BZEDUB.pcm /Users/geraltgraham/Codes/CPUKiller/app-macos/build/DerivedData/ModuleCache.noindex/Accessibility-33LP7WNNE62M2X6BVLO5H68WJ.pcm /Users/geraltgraham/Codes/CPUKiller/app-macos/build/DerivedData/ModuleCache.noindex/ImageIO-4ZW6MLDQRCD7QH68JUTL4UCXG.pcm /Users/geraltgraham/Codes/CPUKiller/app-macos/build/DerivedData/ModuleCache.noindex/OpenGL-EH2HE182C0J0E5PRAMEDB7C4R.pcm /Users/geraltgraham/Codes/CPUKiller/app-macos/build/DerivedData/ModuleCache.noindex/ColorSync-C9HDEF1X1T5GWBVKUUZPUUO1I.pcm /Users/geraltgraham/Codes/CPUKiller/app-macos/build/DerivedData/ModuleCache.noindex/_DarwinFoundation1-DXGQCXAQE0V98RJBSBZAIA1TG.pcm /Users/geraltgraham/Codes/CPUKiller/app-macos/build/DerivedData/ModuleCache.noindex/Darwin-EY1L2ZME4KUB4U40WEMUYWXS1.pcm /Users/geraltgraham/Codes/CPUKiller/app-macos/build/DerivedData/ModuleCache.noindex/QuartzCore-9NTADP1193WECF0Q9EBM3CAUO.pcm /Users/geraltgraham/Codes/CPUKiller/app-macos/build/DerivedData/ModuleCache.noindex/CoreServices-AYCIKL91OAX3K53DBJ3WODTHF.pcm /Users/geraltgraham/Codes/CPUKiller/app-macos/build/DerivedData/ModuleCache.noindex/ObjectiveC-D1EQBXRQC9O9XIT4T1ERYMQKD.pcm /Users/geraltgraham/Codes/CPUKiller/app-macos/build/DerivedData/ModuleCache.noindex/Dispatch-6MVU6370QGZODF08OE79JBZ6U.pcm /Users/geraltgraham/Codes/CPUKiller/app-macos/build/DerivedData/ModuleCache.noindex/ptrauth-64PJMF5WBBLI7YOWH62J9EGFK.pcm /Users/geraltgraham/Codes/CPUKiller/app-macos/build/DerivedData/ModuleCache.noindex/launch-8VNRIZ92MKVY45B0TWTFCUFEM.pcm /Users/geraltgraham/Codes/CPUKiller/app-macos/build/DerivedData/ModuleCache.noindex/DataDetection-CLCBC9C4P4RTZFBHMHTLF2CPI.pcm /Users/geraltgraham/Codes/CPUKiller/app-macos/build/DerivedData/ModuleCache.noindex/CoreTransferable-A7865NC3NT2034SVKWX0C3BG8.pcm /Users/geraltgraham/Codes/CPUKiller/app-macos/build/DerivedData/ModuleCache.noindex/XPC-8HDSVRYIVE3R5VRV7OCF0SAMD.pcm /Users/geraltgraham/Codes/CPUKiller/app-macos/build/DerivedData/ModuleCache.noindex/_DarwinFoundation3-WWEEQSONHARB404QMQWF26TW.pcm /Users/geraltgraham/Codes/CPUKiller/app-macos/build/DerivedData/ModuleCache.noindex/os_object-9THK8LC8X14IOZK0XB3CKQQZS.pcm /Users/geraltgraham/Codes/CPUKiller/app-macos/build/DerivedData/ModuleCache.noindex/Network-DYU6TF6DRAHO3ILQGST5MR00L.pcm /Users/geraltgraham/Codes/CPUKiller/app-macos/build/DerivedData/ModuleCache.noindex/CoreImage-BFHF4UZDK9VFPFPH1SDR1UY03.pcm /Users/geraltgraham/Codes/CPUKiller/app-macos/build/DerivedData/ModuleCache.noindex/_Builtin_float-81O5I1916KQC53OW5AU23YX9G.pcm /Users/geraltgraham/Codes/CPUKiller/app-macos/build/DerivedData/ModuleCache.noindex/ApplicationServices-5CXA0S9MD577T83PGVEY8INJJ.pcm /Users/geraltgraham/Codes/CPUKiller/app-macos/build/DerivedData/ModuleCache.noindex/SwiftUICore-F3OICLR66ZD9774E93FIFL2K4.pcm /Users/geraltgraham/Codes/CPUKiller/app-macos/build/DerivedData/ModuleCache.noindex/_AvailabilityInternal-E37K2Y4ULNTI4YGS3SACSTK8E.pcm /Users/geraltgraham/Codes/CPUKiller/app-macos/build/DerivedData/ModuleCache.noindex/libDER-A0K1N9ZLMDZQRO5JOSZ55Y3CO.pcm /Users/geraltgraham/Codes/CPUKiller/app-macos/build/DerivedData/ModuleCache.noindex/SwiftUI-DROD2PYMQKYSLK9A2RWGAE77N.pcm /Users/geraltgraham/Codes/CPUKiller/app-macos/build/DerivedData/ModuleCache.noindex/_Builtin_tgmath-89P84S0S2ZTJUU90NPO7UX276.pcm /Users/geraltgraham/Codes/CPUKiller/app-macos/build/DerivedData/ModuleCache.noindex/_Builtin_stdint-6ZEMVYD4LRDNP3P64JLLOPN12.pcm /Users/geraltgraham/Codes/CPUKiller/app-macos/build/DerivedData/ModuleCache.noindex/Security-BZ7RWUKQOTWMV9KPHT1ILSDVC.pcm /Users/geraltgraham/Codes/CPUKiller/app-macos/build/DerivedData/ModuleCache.noindex/SwiftShims-62KVJ2QVOKMUPWBLZ7ZQQ6OJS.pcm /Users/geraltgraham/Codes/CPUKiller/app-macos/build/DerivedData/ModuleCache.noindex/AppKit-1JQ0JA3EAU2DG6278V5DWQLBU.pcm /Users/geraltgraham/Codes/CPUKiller/app-macos/build/DerivedData/ModuleCache.noindex/Foundation-5J2JWB82JS6Q6CHWYM3MXWWOY.pcm /Users/geraltgraham/Codes/CPUKiller/app-macos/build/DerivedData/ModuleCache.noindex/_Builtin_intrinsics-27DZJZ3FPDOF7S46Y77R98TZH.pcm /Users/geraltgraham/Codes/CPUKiller/app-macos/build/DerivedData/ModuleCache.noindex/libkern-D3GGSC5BQ4LM27IRY0PSW65GX.pcm /Users/geraltgraham/Codes/CPUKiller/app-macos/build/DerivedData/ModuleCache.noindex/_Builtin_inttypes-C4ZJR3TR3IEDHGXM97I62ZYPX.pcm /Users/geraltgraham/Codes/CPUKiller/app-macos/build/DerivedData/ModuleCache.noindex/CoreText-B1OFY26BA3HYJXTEC7I8K0BL4.pcm /Users/geraltgraham/Codes/CPUKiller/app-macos/build/DerivedData/ModuleCache.noindex/Metal-C79H95LP7X06SMCOMGVQZ7QNH.pcm /Users/geraltgraham/Codes/CPUKiller/app-macos/build/DerivedData/ModuleCache.noindex/_Builtin_stdarg-F3M096VUXT4V9QPO9ZTXBMWOP.pcm /Users/geraltgraham/Codes/CPUKiller/app-macos/build/DerivedData/ModuleCache.noindex/ptrcheck-7GV9VFICRE4QWZ5441QZYG24B.pcm /Users/geraltgraham/Codes/CPUKiller/app-macos/build/DerivedData/ModuleCache.noindex/OSLog-BZ1F42RVWLA59HYIVX5THMRZ2.pcm /Users/geraltgraham/Codes/CPUKiller/app-macos/build/DerivedData/ModuleCache.noindex/IOSurface-8YOGPD9IJQAGNMACIV9K7IBZG.pcm /Users/geraltgraham/Codes/CPUKiller/app-macos/build/DerivedData/ModuleCache.noindex/_Builtin_stddef-61JP780CLLO733ACLM4P08UPK.pcm /Users/geraltgraham/Codes/CPUKiller/app-macos/build/DerivedData/ModuleCache.noindex/_DarwinFoundation2-D2XNQJYK4K7IBL5IYKO3M2N3P.pcm /Users/geraltgraham/Codes/CPUKiller/app-macos/build/DerivedData/Build/Intermediates.noindex/SwiftExplicitPrecompiledModules/Sparkle-CK3YHZ6NRABYLHNELM5Q7PQMW.pcm /Users/geraltgraham/Codes/CPUKiller/app-macos/build/DerivedData/ModuleCache.noindex/UniformTypeIdentifiers-3QHEJPO060WB3JNIPDMJNBUXP.pcm /Users/geraltgraham/Codes/CPUKiller/app-macos/build/DerivedData/ModuleCache.noindex/CFNetwork-7Q7JUZTFH8DGBUIBA4RN03AFF.pcm /Users/geraltgraham/Codes/CPUKiller/app-macos/build/DerivedData/ModuleCache.noindex/ServiceManagement-1M7FABTUIMDL7Y7NSIPY4FDC0.pcm /Users/geraltgraham/Codes/CPUKiller/app-macos/build/DerivedData/ModuleCache.noindex/IOKit-1ZAPJ3IA27D34NB79QL7EBVTV.pcm /Users/geraltgraham/Codes/CPUKiller/app-macos/build/DerivedData/ModuleCache.noindex/CUPS-AXF5XF5NFUTIP34EI2IVT08LJ.pcm /Users/geraltgraham/Codes/CPUKiller/app-macos/build/DerivedData/ModuleCache.noindex/CoreGraphics-AQLPFG4PYNN9I1G2PA0H08QMJ.pcm /Users/geraltgraham/Codes/CPUKiller/app-macos/build/DerivedData/ModuleCache.noindex/CoreVideo-3QD0TPKXK6MB3IRSWH7HZ8PZ7.pcm /Users/geraltgraham/Codes/CPUKiller/app-macos/build/DerivedData/ModuleCache.noindex/_SwiftConcurrencyShims-6DOC7B028RC5DQVKC8E63FVHA.pcm /Users/geraltgraham/Codes/CPUKiller/app-macos/build/DerivedData/ModuleCache.noindex/Spatial-9XH4AONN1V34NAOK9OCWJZFW5.pcm /Users/geraltgraham/Codes/CPUKiller/app-macos/build/DerivedData/ModuleCache.noindex/MachO-1PV0SH7VQFDZ52B056DPYRO1N.pcm /Users/geraltgraham/Codes/CPUKiller/app-macos/build/DerivedData/ModuleCache.noindex/dnssd-EWTMU6H6OQZ782TEOBZ8SA1DU.pcm /Users/geraltgraham/Codes/CPUKiller/app-macos/build/DerivedData/ModuleCache.noindex/os_workgroup-DYEDOI1XO0BBVPCGOSYH5CGSA.pcm /Users/geraltgraham/Codes/CPUKiller/app-macos/build/DerivedData/Build/Intermediates.noindex/MacResourceMonitor.build/Release/MacResourceMonitor.build/Objects-normal/arm64/MacResourceMonitor-dependencies-2.json (in target 'MacResourceMonitor' from project 'MacResourceMonitor')

CompileSwift normal arm64 (in target 'MacResourceMonitor' from project 'MacResourceMonitor')
    cd /Users/geraltgraham/Codes/CPUKiller/app-macos
    

SwiftDriverJobDiscovery normal arm64 Compiling AppDelegate.swift, AppPreferences.swift, ArgumentCache.swift, CPUTime.swift, CompactPanel.swift, DisplayClassifier.swift, LaunchAtLoginManager.swift, MacResourceMonitorApp.swift, MenuBarIconRenderer.swift, MonitorTableRowChrome.swift, NetworkListModel.swift, NetworkProcessRow.swift, NetworkRowView.swift, NetworkSpeedMonitor.swift, NetworkTableView.swift, PanelPlacement.swift, ProcessListModel.swift, ProcessNetworkSampler.swift, ProcessRow.swift, ProcessRowView.swift, ProcessSampler.swift, ProcessTableView.swift, ProcessTerminator.swift, Responsibility.swift, SettingsView.swift, SettingsWindowController.swift, StatusItemController.swift, TableRowPinning.swift, GeneratedAssetSymbols.swift, GeneratedStringSymbols_Localizable.swift (in target 'MacResourceMonitor' from project 'MacResourceMonitor')

SwiftDriver\ Compilation\ Requirements MacResourceMonitor normal arm64 com.apple.xcode.tools.swift.compiler (in target 'MacResourceMonitor' from project 'MacResourceMonitor')
    cd /Users/geraltgraham/Codes/CPUKiller/app-macos
    builtin-Swift-Compilation-Requirements -- /Applications/Xcode.app/Contents/Developer/Toolchains/XcodeDefault.xctoolchain/usr/bin/swiftc -module-name MacResourceMonitor -O -whole-module-optimization -enforce-exclusivity\=checked @/Users/geraltgraham/Codes/CPUKiller/app-macos/build/DerivedData/Build/Intermediates.noindex/MacResourceMonitor.build/Release/MacResourceMonitor.build/Objects-normal/arm64/Mac\ Resource\ Monitor.SwiftFileList -default-isolation\=MainActor -enable-upcoming-feature InferIsolatedConformances -enable-upcoming-feature NonisolatedNonsendingByDefault -enable-experimental-feature DebugDescriptionMacro -sdk /Applications/Xcode.app/Contents/Developer/Platforms/MacOSX.platform/Developer/SDKs/MacOSX26.2.sdk -target arm64-apple-macos26.0 -g -module-cache-path /Users/geraltgraham/Codes/CPUKiller/app-macos/build/DerivedData/ModuleCache.noindex -Xfrontend -serialize-debugging-options -swift-version 6 -I /Users/geraltgraham/Codes/CPUKiller/app-macos/build/DerivedData/Build/Products/Release -F /Users/geraltgraham/Codes/CPUKiller/app-macos/build/DerivedData/Build/Products/Release/PackageFrameworks -F /Users/geraltgraham/Codes/CPUKiller/app-macos/build/DerivedData/Build/Products/Release/PackageFrameworks -F /Users/geraltgraham/Codes/CPUKiller/app-macos/build/DerivedData/Build/Products/Release/PackageFrameworks -F /Users/geraltgraham/Codes/CPUKiller/app-macos/build/DerivedData/Build/Products/Release/PackageFrameworks -F /Users/geraltgraham/Codes/CPUKiller/app-macos/build/DerivedData/Build/Products/Release/PackageFrameworks -F /Users/geraltgraham/Codes/CPUKiller/app-macos/build/DerivedData/Build/Products/Release -emit-localized-strings -emit-localized-strings-path /Users/geraltgraham/Codes/CPUKiller/app-macos/build/DerivedData/Build/Intermediates.noindex/MacResourceMonitor.build/Release/MacResourceMonitor.build/Objects-normal/arm64 -c -num-threads 8 -Xcc -ivfsstatcache -Xcc /Users/geraltgraham/Codes/CPUKiller/app-macos/build/DerivedData/SDKStatCaches.noindex/macosx26.2-25C58-e8867d0c40613ffc63e0238af232dc5000fa09913b459cbbc988d1f6730289ae.sdkstatcache -output-file-map /Users/geraltgraham/Codes/CPUKiller/app-macos/build/DerivedData/Build/Intermediates.noindex/MacResourceMonitor.build/Release/MacResourceMonitor.build/Objects-normal/arm64/MacResourceMonitor-OutputFileMap.json -use-frontend-parseable-output -save-temps -no-color-diagnostics -explicit-module-build -module-cache-path /Users/geraltgraham/Codes/CPUKiller/app-macos/build/DerivedData/Build/Intermediates.noindex/SwiftExplicitPrecompiledModules -clang-scanner-module-cache-path /Users/geraltgraham/Codes/CPUKiller/app-macos/build/DerivedData/ModuleCache.noindex -sdk-module-cache-path /Users/geraltgraham/Codes/CPUKiller/app-macos/build/DerivedData/ModuleCache.noindex -serialize-diagnostics -emit-dependencies -emit-module -emit-module-path /Users/geraltgraham/Codes/CPUKiller/app-macos/build/DerivedData/Build/Intermediates.noindex/MacResourceMonitor.build/Release/MacResourceMonitor.build/Objects-normal/arm64/MacResourceMonitor.swiftmodule -validate-clang-modules-once -clang-build-session-file /Users/geraltgraham/Codes/CPUKiller/app-macos/build/DerivedData/ModuleCache.noindex/Session.modulevalidation -Xcc -I/Users/geraltgraham/Codes/CPUKiller/app-macos/build/DerivedData/Build/Intermediates.noindex/MacResourceMonitor.build/Release/MacResourceMonitor.build/swift-overrides.hmap -emit-const-values -Xfrontend -const-gather-protocols-file -Xfrontend /Users/geraltgraham/Codes/CPUKiller/app-macos/build/DerivedData/Build/Intermediates.noindex/MacResourceMonitor.build/Release/MacResourceMonitor.build/Objects-normal/arm64/MacResourceMonitor_const_extract_protocols.json -Xcc -iquote -Xcc /Users/geraltgraham/Codes/CPUKiller/app-macos/build/DerivedData/Build/Intermediates.noindex/MacResourceMonitor.build/Release/MacResourceMonitor.build/Mac\ Resource\ Monitor-generated-files.hmap -Xcc -I/Users/geraltgraham/Codes/CPUKiller/app-macos/build/DerivedData/Build/Intermediates.noindex/MacResourceMonitor.build/Release/MacResourceMonitor.build/Mac\ Resource\ Monitor-own-target-headers.hmap -Xcc -I/Users/geraltgraham/Codes/CPUKiller/app-macos/build/DerivedData/Build/Intermediates.noindex/MacResourceMonitor.build/Release/MacResourceMonitor.build/Mac\ Resource\ Monitor-all-non-framework-target-headers.hmap -Xcc -ivfsoverlay -Xcc /Users/geraltgraham/Codes/CPUKiller/app-macos/build/DerivedData/Build/Intermediates.noindex/MacResourceMonitor.build/Release/MacResourceMonitor-a1684bb79aec471112787f9950c9c927-VFS/all-product-headers.yaml -Xcc -iquote -Xcc /Users/geraltgraham/Codes/CPUKiller/app-macos/build/DerivedData/Build/Intermediates.noindex/MacResourceMonitor.build/Release/MacResourceMonitor.build/Mac\ Resource\ Monitor-project-headers.hmap -Xcc -I/Users/geraltgraham/Codes/CPUKiller/app-macos/build/DerivedData/Build/Products/Release/include -Xcc -I/Users/geraltgraham/Codes/CPUKiller/app-macos/build/DerivedData/Build/Intermediates.noindex/MacResourceMonitor.build/Release/MacResourceMonitor.build/DerivedSources-normal/arm64 -Xcc -I/Users/geraltgraham/Codes/CPUKiller/app-macos/build/DerivedData/Build/Intermediates.noindex/MacResourceMonitor.build/Release/MacResourceMonitor.build/DerivedSources/arm64 -Xcc -I/Users/geraltgraham/Codes/CPUKiller/app-macos/build/DerivedData/Build/Intermediates.noindex/MacResourceMonitor.build/Release/MacResourceMonitor.build/DerivedSources -emit-objc-header -emit-objc-header-path /Users/geraltgraham/Codes/CPUKiller/app-macos/build/DerivedData/Build/Intermediates.noindex/MacResourceMonitor.build/Release/MacResourceMonitor.build/Objects-normal/arm64/MacResourceMonitor-Swift.h -working-directory /Users/geraltgraham/Codes/CPUKiller/app-macos -no-emit-module-separately-wmo

Copy /Users/geraltgraham/Codes/CPUKiller/app-macos/build/DerivedData/Build/Products/Release/MacResourceMonitor.swiftmodule/arm64-apple-macos.swiftdoc /Users/geraltgraham/Codes/CPUKiller/app-macos/build/DerivedData/Build/Intermediates.noindex/MacResourceMonitor.build/Release/MacResourceMonitor.build/Objects-normal/arm64/MacResourceMonitor.swiftdoc (in target 'MacResourceMonitor' from project 'MacResourceMonitor')
    cd /Users/geraltgraham/Codes/CPUKiller/app-macos
    builtin-copy -exclude .DS_Store -exclude CVS -exclude .svn -exclude .git -exclude .hg -resolve-src-symlinks -rename /Users/geraltgraham/Codes/CPUKiller/app-macos/build/DerivedData/Build/Intermediates.noindex/MacResourceMonitor.build/Release/MacResourceMonitor.build/Objects-normal/arm64/MacResourceMonitor.swiftdoc /Users/geraltgraham/Codes/CPUKiller/app-macos/build/DerivedData/Build/Products/Release/MacResourceMonitor.swiftmodule/arm64-apple-macos.swiftdoc

Copy /Users/geraltgraham/Codes/CPUKiller/app-macos/build/DerivedData/Build/Products/Release/MacResourceMonitor.swiftmodule/arm64-apple-macos.abi.json /Users/geraltgraham/Codes/CPUKiller/app-macos/build/DerivedData/Build/Intermediates.noindex/MacResourceMonitor.build/Release/MacResourceMonitor.build/Objects-normal/arm64/MacResourceMonitor.abi.json (in target 'MacResourceMonitor' from project 'MacResourceMonitor')
    cd /Users/geraltgraham/Codes/CPUKiller/app-macos
    builtin-copy -exclude .DS_Store -exclude CVS -exclude .svn -exclude .git -exclude .hg -resolve-src-symlinks -rename /Users/geraltgraham/Codes/CPUKiller/app-macos/build/DerivedData/Build/Intermediates.noindex/MacResourceMonitor.build/Release/MacResourceMonitor.build/Objects-normal/arm64/MacResourceMonitor.abi.json /Users/geraltgraham/Codes/CPUKiller/app-macos/build/DerivedData/Build/Products/Release/MacResourceMonitor.swiftmodule/arm64-apple-macos.abi.json

Copy /Users/geraltgraham/Codes/CPUKiller/app-macos/build/DerivedData/Build/Products/Release/MacResourceMonitor.swiftmodule/Project/arm64-apple-macos.swiftsourceinfo /Users/geraltgraham/Codes/CPUKiller/app-macos/build/DerivedData/Build/Intermediates.noindex/MacResourceMonitor.build/Release/MacResourceMonitor.build/Objects-normal/arm64/MacResourceMonitor.swiftsourceinfo (in target 'MacResourceMonitor' from project 'MacResourceMonitor')
    cd /Users/geraltgraham/Codes/CPUKiller/app-macos
    builtin-copy -exclude .DS_Store -exclude CVS -exclude .svn -exclude .git -exclude .hg -resolve-src-symlinks -rename /Users/geraltgraham/Codes/CPUKiller/app-macos/build/DerivedData/Build/Intermediates.noindex/MacResourceMonitor.build/Release/MacResourceMonitor.build/Objects-normal/arm64/MacResourceMonitor.swiftsourceinfo /Users/geraltgraham/Codes/CPUKiller/app-macos/build/DerivedData/Build/Products/Release/MacResourceMonitor.swiftmodule/Project/arm64-apple-macos.swiftsourceinfo

Copy /Users/geraltgraham/Codes/CPUKiller/app-macos/build/DerivedData/Build/Products/Release/MacResourceMonitor.swiftmodule/arm64-apple-macos.swiftmodule /Users/geraltgraham/Codes/CPUKiller/app-macos/build/DerivedData/Build/Intermediates.noindex/MacResourceMonitor.build/Release/MacResourceMonitor.build/Objects-normal/arm64/MacResourceMonitor.swiftmodule (in target 'MacResourceMonitor' from project 'MacResourceMonitor')
    cd /Users/geraltgraham/Codes/CPUKiller/app-macos
    builtin-copy -exclude .DS_Store -exclude CVS -exclude .svn -exclude .git -exclude .hg -resolve-src-symlinks -rename /Users/geraltgraham/Codes/CPUKiller/app-macos/build/DerivedData/Build/Intermediates.noindex/MacResourceMonitor.build/Release/MacResourceMonitor.build/Objects-normal/arm64/MacResourceMonitor.swiftmodule /Users/geraltgraham/Codes/CPUKiller/app-macos/build/DerivedData/Build/Products/Release/MacResourceMonitor.swiftmodule/arm64-apple-macos.swiftmodule

SwiftDriverJobDiscovery normal x86_64 Compiling AppDelegate.swift, AppPreferences.swift, ArgumentCache.swift, CPUTime.swift, CompactPanel.swift, DisplayClassifier.swift, LaunchAtLoginManager.swift, MacResourceMonitorApp.swift, MenuBarIconRenderer.swift, MonitorTableRowChrome.swift, NetworkListModel.swift, NetworkProcessRow.swift, NetworkRowView.swift, NetworkSpeedMonitor.swift, NetworkTableView.swift, PanelPlacement.swift, ProcessListModel.swift, ProcessNetworkSampler.swift, ProcessRow.swift, ProcessRowView.swift, ProcessSampler.swift, ProcessTableView.swift, ProcessTerminator.swift, Responsibility.swift, SettingsView.swift, SettingsWindowController.swift, StatusItemController.swift, TableRowPinning.swift, GeneratedAssetSymbols.swift, GeneratedStringSymbols_Localizable.swift (in target 'MacResourceMonitor' from project 'MacResourceMonitor')

SwiftDriver\ Compilation\ Requirements MacResourceMonitor normal x86_64 com.apple.xcode.tools.swift.compiler (in target 'MacResourceMonitor' from project 'MacResourceMonitor')
    cd /Users/geraltgraham/Codes/CPUKiller/app-macos
    builtin-Swift-Compilation-Requirements -- /Applications/Xcode.app/Contents/Developer/Toolchains/XcodeDefault.xctoolchain/usr/bin/swiftc -module-name MacResourceMonitor -O -whole-module-optimization -enforce-exclusivity\=checked @/Users/geraltgraham/Codes/CPUKiller/app-macos/build/DerivedData/Build/Intermediates.noindex/MacResourceMonitor.build/Release/MacResourceMonitor.build/Objects-normal/x86_64/Mac\ Resource\ Monitor.SwiftFileList -default-isolation\=MainActor -enable-upcoming-feature InferIsolatedConformances -enable-upcoming-feature NonisolatedNonsendingByDefault -enable-experimental-feature DebugDescriptionMacro -sdk /Applications/Xcode.app/Contents/Developer/Platforms/MacOSX.platform/Developer/SDKs/MacOSX26.2.sdk -target x86_64-apple-macos26.0 -g -module-cache-path /Users/geraltgraham/Codes/CPUKiller/app-macos/build/DerivedData/ModuleCache.noindex -Xfrontend -serialize-debugging-options -swift-version 6 -I /Users/geraltgraham/Codes/CPUKiller/app-macos/build/DerivedData/Build/Products/Release -F /Users/geraltgraham/Codes/CPUKiller/app-macos/build/DerivedData/Build/Products/Release/PackageFrameworks -F /Users/geraltgraham/Codes/CPUKiller/app-macos/build/DerivedData/Build/Products/Release/PackageFrameworks -F /Users/geraltgraham/Codes/CPUKiller/app-macos/build/DerivedData/Build/Products/Release/PackageFrameworks -F /Users/geraltgraham/Codes/CPUKiller/app-macos/build/DerivedData/Build/Products/Release/PackageFrameworks -F /Users/geraltgraham/Codes/CPUKiller/app-macos/build/DerivedData/Build/Products/Release/PackageFrameworks -F /Users/geraltgraham/Codes/CPUKiller/app-macos/build/DerivedData/Build/Products/Release -emit-localized-strings -emit-localized-strings-path /Users/geraltgraham/Codes/CPUKiller/app-macos/build/DerivedData/Build/Intermediates.noindex/MacResourceMonitor.build/Release/MacResourceMonitor.build/Objects-normal/x86_64 -c -num-threads 8 -Xcc -ivfsstatcache -Xcc /Users/geraltgraham/Codes/CPUKiller/app-macos/build/DerivedData/SDKStatCaches.noindex/macosx26.2-25C58-e8867d0c40613ffc63e0238af232dc5000fa09913b459cbbc988d1f6730289ae.sdkstatcache -output-file-map /Users/geraltgraham/Codes/CPUKiller/app-macos/build/DerivedData/Build/Intermediates.noindex/MacResourceMonitor.build/Release/MacResourceMonitor.build/Objects-normal/x86_64/MacResourceMonitor-OutputFileMap.json -use-frontend-parseable-output -save-temps -no-color-diagnostics -explicit-module-build -module-cache-path /Users/geraltgraham/Codes/CPUKiller/app-macos/build/DerivedData/Build/Intermediates.noindex/SwiftExplicitPrecompiledModules -clang-scanner-module-cache-path /Users/geraltgraham/Codes/CPUKiller/app-macos/build/DerivedData/ModuleCache.noindex -sdk-module-cache-path /Users/geraltgraham/Codes/CPUKiller/app-macos/build/DerivedData/ModuleCache.noindex -serialize-diagnostics -emit-dependencies -emit-module -emit-module-path /Users/geraltgraham/Codes/CPUKiller/app-macos/build/DerivedData/Build/Intermediates.noindex/MacResourceMonitor.build/Release/MacResourceMonitor.build/Objects-normal/x86_64/MacResourceMonitor.swiftmodule -validate-clang-modules-once -clang-build-session-file /Users/geraltgraham/Codes/CPUKiller/app-macos/build/DerivedData/ModuleCache.noindex/Session.modulevalidation -Xcc -I/Users/geraltgraham/Codes/CPUKiller/app-macos/build/DerivedData/Build/Intermediates.noindex/MacResourceMonitor.build/Release/MacResourceMonitor.build/swift-overrides.hmap -emit-const-values -Xfrontend -const-gather-protocols-file -Xfrontend /Users/geraltgraham/Codes/CPUKiller/app-macos/build/DerivedData/Build/Intermediates.noindex/MacResourceMonitor.build/Release/MacResourceMonitor.build/Objects-normal/x86_64/MacResourceMonitor_const_extract_protocols.json -Xcc -iquote -Xcc /Users/geraltgraham/Codes/CPUKiller/app-macos/build/DerivedData/Build/Intermediates.noindex/MacResourceMonitor.build/Release/MacResourceMonitor.build/Mac\ Resource\ Monitor-generated-files.hmap -Xcc -I/Users/geraltgraham/Codes/CPUKiller/app-macos/build/DerivedData/Build/Intermediates.noindex/MacResourceMonitor.build/Release/MacResourceMonitor.build/Mac\ Resource\ Monitor-own-target-headers.hmap -Xcc -I/Users/geraltgraham/Codes/CPUKiller/app-macos/build/DerivedData/Build/Intermediates.noindex/MacResourceMonitor.build/Release/MacResourceMonitor.build/Mac\ Resource\ Monitor-all-non-framework-target-headers.hmap -Xcc -ivfsoverlay -Xcc /Users/geraltgraham/Codes/CPUKiller/app-macos/build/DerivedData/Build/Intermediates.noindex/MacResourceMonitor.build/Release/MacResourceMonitor-a1684bb79aec471112787f9950c9c927-VFS/all-product-headers.yaml -Xcc -iquote -Xcc /Users/geraltgraham/Codes/CPUKiller/app-macos/build/DerivedData/Build/Intermediates.noindex/MacResourceMonitor.build/Release/MacResourceMonitor.build/Mac\ Resource\ Monitor-project-headers.hmap -Xcc -I/Users/geraltgraham/Codes/CPUKiller/app-macos/build/DerivedData/Build/Products/Release/include -Xcc -I/Users/geraltgraham/Codes/CPUKiller/app-macos/build/DerivedData/Build/Intermediates.noindex/MacResourceMonitor.build/Release/MacResourceMonitor.build/DerivedSources-normal/x86_64 -Xcc -I/Users/geraltgraham/Codes/CPUKiller/app-macos/build/DerivedData/Build/Intermediates.noindex/MacResourceMonitor.build/Release/MacResourceMonitor.build/DerivedSources/x86_64 -Xcc -I/Users/geraltgraham/Codes/CPUKiller/app-macos/build/DerivedData/Build/Intermediates.noindex/MacResourceMonitor.build/Release/MacResourceMonitor.build/DerivedSources -emit-objc-header -emit-objc-header-path /Users/geraltgraham/Codes/CPUKiller/app-macos/build/DerivedData/Build/Intermediates.noindex/MacResourceMonitor.build/Release/MacResourceMonitor.build/Objects-normal/x86_64/MacResourceMonitor-Swift.h -working-directory /Users/geraltgraham/Codes/CPUKiller/app-macos -no-emit-module-separately-wmo

SwiftMergeGeneratedHeaders /Users/geraltgraham/Codes/CPUKiller/app-macos/build/DerivedData/Build/Intermediates.noindex/MacResourceMonitor.build/Release/MacResourceMonitor.build/DerivedSources/MacResourceMonitor-Swift.h /Users/geraltgraham/Codes/CPUKiller/app-macos/build/DerivedData/Build/Intermediates.noindex/MacResourceMonitor.build/Release/MacResourceMonitor.build/Objects-normal/arm64/MacResourceMonitor-Swift.h /Users/geraltgraham/Codes/CPUKiller/app-macos/build/DerivedData/Build/Intermediates.noindex/MacResourceMonitor.build/Release/MacResourceMonitor.build/Objects-normal/x86_64/MacResourceMonitor-Swift.h (in target 'MacResourceMonitor' from project 'MacResourceMonitor')
    cd /Users/geraltgraham/Codes/CPUKiller/app-macos
    builtin-swiftHeaderTool -arch arm64 /Users/geraltgraham/Codes/CPUKiller/app-macos/build/DerivedData/Build/Intermediates.noindex/MacResourceMonitor.build/Release/MacResourceMonitor.build/Objects-normal/arm64/MacResourceMonitor-Swift.h -arch x86_64 /Users/geraltgraham/Codes/CPUKiller/app-macos/build/DerivedData/Build/Intermediates.noindex/MacResourceMonitor.build/Release/MacResourceMonitor.build/Objects-normal/x86_64/MacResourceMonitor-Swift.h -o /Users/geraltgraham/Codes/CPUKiller/app-macos/build/DerivedData/Build/Intermediates.noindex/MacResourceMonitor.build/Release/MacResourceMonitor.build/DerivedSources/MacResourceMonitor-Swift.h

Copy /Users/geraltgraham/Codes/CPUKiller/app-macos/build/DerivedData/Build/Products/Release/MacResourceMonitor.swiftmodule/x86_64-apple-macos.swiftdoc /Users/geraltgraham/Codes/CPUKiller/app-macos/build/DerivedData/Build/Intermediates.noindex/MacResourceMonitor.build/Release/MacResourceMonitor.build/Objects-normal/x86_64/MacResourceMonitor.swiftdoc (in target 'MacResourceMonitor' from project 'MacResourceMonitor')
    cd /Users/geraltgraham/Codes/CPUKiller/app-macos
    builtin-copy -exclude .DS_Store -exclude CVS -exclude .svn -exclude .git -exclude .hg -resolve-src-symlinks -rename /Users/geraltgraham/Codes/CPUKiller/app-macos/build/DerivedData/Build/Intermediates.noindex/MacResourceMonitor.build/Release/MacResourceMonitor.build/Objects-normal/x86_64/MacResourceMonitor.swiftdoc /Users/geraltgraham/Codes/CPUKiller/app-macos/build/DerivedData/Build/Products/Release/MacResourceMonitor.swiftmodule/x86_64-apple-macos.swiftdoc

Copy /Users/geraltgraham/Codes/CPUKiller/app-macos/build/DerivedData/Build/Products/Release/MacResourceMonitor.swiftmodule/x86_64-apple-macos.swiftmodule /Users/geraltgraham/Codes/CPUKiller/app-macos/build/DerivedData/Build/Intermediates.noindex/MacResourceMonitor.build/Release/MacResourceMonitor.build/Objects-normal/x86_64/MacResourceMonitor.swiftmodule (in target 'MacResourceMonitor' from project 'MacResourceMonitor')
    cd /Users/geraltgraham/Codes/CPUKiller/app-macos
    builtin-copy -exclude .DS_Store -exclude CVS -exclude .svn -exclude .git -exclude .hg -resolve-src-symlinks -rename /Users/geraltgraham/Codes/CPUKiller/app-macos/build/DerivedData/Build/Intermediates.noindex/MacResourceMonitor.build/Release/MacResourceMonitor.build/Objects-normal/x86_64/MacResourceMonitor.swiftmodule /Users/geraltgraham/Codes/CPUKiller/app-macos/build/DerivedData/Build/Products/Release/MacResourceMonitor.swiftmodule/x86_64-apple-macos.swiftmodule

Copy /Users/geraltgraham/Codes/CPUKiller/app-macos/build/DerivedData/Build/Products/Release/MacResourceMonitor.swiftmodule/x86_64-apple-macos.abi.json /Users/geraltgraham/Codes/CPUKiller/app-macos/build/DerivedData/Build/Intermediates.noindex/MacResourceMonitor.build/Release/MacResourceMonitor.build/Objects-normal/x86_64/MacResourceMonitor.abi.json (in target 'MacResourceMonitor' from project 'MacResourceMonitor')
    cd /Users/geraltgraham/Codes/CPUKiller/app-macos
    builtin-copy -exclude .DS_Store -exclude CVS -exclude .svn -exclude .git -exclude .hg -resolve-src-symlinks -rename /Users/geraltgraham/Codes/CPUKiller/app-macos/build/DerivedData/Build/Intermediates.noindex/MacResourceMonitor.build/Release/MacResourceMonitor.build/Objects-normal/x86_64/MacResourceMonitor.abi.json /Users/geraltgraham/Codes/CPUKiller/app-macos/build/DerivedData/Build/Products/Release/MacResourceMonitor.swiftmodule/x86_64-apple-macos.abi.json

Copy /Users/geraltgraham/Codes/CPUKiller/app-macos/build/DerivedData/Build/Products/Release/MacResourceMonitor.swiftmodule/Project/x86_64-apple-macos.swiftsourceinfo /Users/geraltgraham/Codes/CPUKiller/app-macos/build/DerivedData/Build/Intermediates.noindex/MacResourceMonitor.build/Release/MacResourceMonitor.build/Objects-normal/x86_64/MacResourceMonitor.swiftsourceinfo (in target 'MacResourceMonitor' from project 'MacResourceMonitor')
    cd /Users/geraltgraham/Codes/CPUKiller/app-macos
    builtin-copy -exclude .DS_Store -exclude CVS -exclude .svn -exclude .git -exclude .hg -resolve-src-symlinks -rename /Users/geraltgraham/Codes/CPUKiller/app-macos/build/DerivedData/Build/Intermediates.noindex/MacResourceMonitor.build/Release/MacResourceMonitor.build/Objects-normal/x86_64/MacResourceMonitor.swiftsourceinfo /Users/geraltgraham/Codes/CPUKiller/app-macos/build/DerivedData/Build/Products/Release/MacResourceMonitor.swiftmodule/Project/x86_64-apple-macos.swiftsourceinfo

Ld /Users/geraltgraham/Codes/CPUKiller/app-macos/build/DerivedData/Build/Intermediates.noindex/MacResourceMonitor.build/Release/MacResourceMonitor.build/Objects-normal/arm64/Binary/Mac\ Resource\ Monitor normal arm64 (in target 'MacResourceMonitor' from project 'MacResourceMonitor')
    cd /Users/geraltgraham/Codes/CPUKiller/app-macos
    /Applications/Xcode.app/Contents/Developer/Toolchains/XcodeDefault.xctoolchain/usr/bin/clang -Xlinker -reproducible -target arm64-apple-macos26.0 -isysroot /Applications/Xcode.app/Contents/Developer/Platforms/MacOSX.platform/Developer/SDKs/MacOSX26.2.sdk -Os -L/Users/geraltgraham/Codes/CPUKiller/app-macos/build/DerivedData/Build/Intermediates.noindex/EagerLinkingTBDs/Release -L/Users/geraltgraham/Codes/CPUKiller/app-macos/build/DerivedData/Build/Products/Release -F/Users/geraltgraham/Codes/CPUKiller/app-macos/build/DerivedData/Build/Intermediates.noindex/EagerLinkingTBDs/Release -F/Users/geraltgraham/Codes/CPUKiller/app-macos/build/DerivedData/Build/Products/Release/PackageFrameworks -F/Users/geraltgraham/Codes/CPUKiller/app-macos/build/DerivedData/Build/Products/Release/PackageFrameworks -F/Users/geraltgraham/Codes/CPUKiller/app-macos/build/DerivedData/Build/Products/Release/PackageFrameworks -F/Users/geraltgraham/Codes/CPUKiller/app-macos/build/DerivedData/Build/Products/Release/PackageFrameworks -F/Users/geraltgraham/Codes/CPUKiller/app-macos/build/DerivedData/Build/Products/Release/PackageFrameworks -F/Users/geraltgraham/Codes/CPUKiller/app-macos/build/DerivedData/Build/Products/Release -filelist /Users/geraltgraham/Codes/CPUKiller/app-macos/build/DerivedData/Build/Intermediates.noindex/MacResourceMonitor.build/Release/MacResourceMonitor.build/Objects-normal/arm64/Mac\ Resource\ Monitor.LinkFileList -Xlinker -rpath -Xlinker @executable_path/../Frameworks -Xlinker -object_path_lto -Xlinker /Users/geraltgraham/Codes/CPUKiller/app-macos/build/DerivedData/Build/Intermediates.noindex/MacResourceMonitor.build/Release/MacResourceMonitor.build/Objects-normal/arm64/Mac\ Resource\ Monitor_lto.o -Xlinker -dependency_info -Xlinker /Users/geraltgraham/Codes/CPUKiller/app-macos/build/DerivedData/Build/Intermediates.noindex/MacResourceMonitor.build/Release/MacResourceMonitor.build/Objects-normal/arm64/Mac\ Resource\ Monitor_dependency_info.dat -fobjc-link-runtime -L/Applications/Xcode.app/Contents/Developer/Toolchains/XcodeDefault.xctoolchain/usr/lib/swift/macosx -L/usr/lib/swift -Xlinker -add_ast_path -Xlinker /Users/geraltgraham/Codes/CPUKiller/app-macos/build/DerivedData/Build/Intermediates.noindex/MacResourceMonitor.build/Release/MacResourceMonitor.build/Objects-normal/arm64/MacResourceMonitor.swiftmodule @/Users/geraltgraham/Codes/CPUKiller/app-macos/build/DerivedData/Build/Intermediates.noindex/MacResourceMonitor.build/Release/MacResourceMonitor.build/Objects-normal/arm64/MacResourceMonitor-linker-args.resp -Wl,-no_warn_duplicate_libraries -Wl,-no_warn_duplicate_libraries -Wl,-no_warn_duplicate_libraries -Wl,-no_warn_duplicate_libraries -Wl,-no_warn_duplicate_libraries -framework Sparkle -framework Sparkle -Xlinker -no_adhoc_codesign -o /Users/geraltgraham/Codes/CPUKiller/app-macos/build/DerivedData/Build/Intermediates.noindex/MacResourceMonitor.build/Release/MacResourceMonitor.build/Objects-normal/arm64/Binary/Mac\ Resource\ Monitor -Xlinker -add_ast_path -Xlinker /Users/geraltgraham/Codes/CPUKiller/app-macos/build/DerivedData/Build/Intermediates.noindex/MacKit.build/Release/MacKitCore.build/Objects-normal/arm64/MacKitCore.swiftmodule @/Users/geraltgraham/Codes/CPUKiller/app-macos/build/DerivedData/Build/Intermediates.noindex/MacKit.build/Release/MacKitCore.build/Objects-normal/arm64/MacKitCore-linker-args.resp -Xlinker -add_ast_path -Xlinker /Users/geraltgraham/Codes/CPUKiller/app-macos/build/DerivedData/Build/Intermediates.noindex/MacKit.build/Release/MacKitLaunchAtLogin.build/Objects-normal/arm64/MacKitLaunchAtLogin.swiftmodule @/Users/geraltgraham/Codes/CPUKiller/app-macos/build/DerivedData/Build/Intermediates.noindex/MacKit.build/Release/MacKitLaunchAtLogin.build/Objects-normal/arm64/MacKitLaunchAtLogin-linker-args.resp -Xlinker -add_ast_path -Xlinker /Users/geraltgraham/Codes/CPUKiller/app-macos/build/DerivedData/Build/Intermediates.noindex/MacKit.build/Release/MacKitLifecycle.build/Objects-normal/arm64/MacKitLifecycle.swiftmodule @/Users/geraltgraham/Codes/CPUKiller/app-macos/build/DerivedData/Build/Intermediates.noindex/MacKit.build/Release/MacKitLifecycle.build/Objects-normal/arm64/MacKitLifecycle-linker-args.resp -Xlinker -add_ast_path -Xlinker /Users/geraltgraham/Codes/CPUKiller/app-macos/build/DerivedData/Build/Intermediates.noindex/MacKit.build/Release/MacKitOverlay.build/Objects-normal/arm64/MacKitOverlay.swiftmodule @/Users/geraltgraham/Codes/CPUKiller/app-macos/build/DerivedData/Build/Intermediates.noindex/MacKit.build/Release/MacKitOverlay.build/Objects-normal/arm64/MacKitOverlay-linker-args.resp -Xlinker -add_ast_path -Xlinker /Users/geraltgraham/Codes/CPUKiller/app-macos/build/DerivedData/Build/Intermediates.noindex/MacKit.build/Release/MacKitUpdater.build/Objects-normal/arm64/MacKitUpdater.swiftmodule @/Users/geraltgraham/Codes/CPUKiller/app-macos/build/DerivedData/Build/Intermediates.noindex/MacKit.build/Release/MacKitUpdater.build/Objects-normal/arm64/MacKitUpdater-linker-args.resp

Ld /Users/geraltgraham/Codes/CPUKiller/app-macos/build/DerivedData/Build/Intermediates.noindex/MacResourceMonitor.build/Release/MacResourceMonitor.build/Objects-normal/x86_64/Binary/Mac\ Resource\ Monitor normal x86_64 (in target 'MacResourceMonitor' from project 'MacResourceMonitor')
    cd /Users/geraltgraham/Codes/CPUKiller/app-macos
    /Applications/Xcode.app/Contents/Developer/Toolchains/XcodeDefault.xctoolchain/usr/bin/clang -Xlinker -reproducible -target x86_64-apple-macos26.0 -isysroot /Applications/Xcode.app/Contents/Developer/Platforms/MacOSX.platform/Developer/SDKs/MacOSX26.2.sdk -Os -L/Users/geraltgraham/Codes/CPUKiller/app-macos/build/DerivedData/Build/Intermediates.noindex/EagerLinkingTBDs/Release -L/Users/geraltgraham/Codes/CPUKiller/app-macos/build/DerivedData/Build/Products/Release -F/Users/geraltgraham/Codes/CPUKiller/app-macos/build/DerivedData/Build/Intermediates.noindex/EagerLinkingTBDs/Release -F/Users/geraltgraham/Codes/CPUKiller/app-macos/build/DerivedData/Build/Products/Release/PackageFrameworks -F/Users/geraltgraham/Codes/CPUKiller/app-macos/build/DerivedData/Build/Products/Release/PackageFrameworks -F/Users/geraltgraham/Codes/CPUKiller/app-macos/build/DerivedData/Build/Products/Release/PackageFrameworks -F/Users/geraltgraham/Codes/CPUKiller/app-macos/build/DerivedData/Build/Products/Release/PackageFrameworks -F/Users/geraltgraham/Codes/CPUKiller/app-macos/build/DerivedData/Build/Products/Release/PackageFrameworks -F/Users/geraltgraham/Codes/CPUKiller/app-macos/build/DerivedData/Build/Products/Release -filelist /Users/geraltgraham/Codes/CPUKiller/app-macos/build/DerivedData/Build/Intermediates.noindex/MacResourceMonitor.build/Release/MacResourceMonitor.build/Objects-normal/x86_64/Mac\ Resource\ Monitor.LinkFileList -Xlinker -rpath -Xlinker @executable_path/../Frameworks -Xlinker -object_path_lto -Xlinker /Users/geraltgraham/Codes/CPUKiller/app-macos/build/DerivedData/Build/Intermediates.noindex/MacResourceMonitor.build/Release/MacResourceMonitor.build/Objects-normal/x86_64/Mac\ Resource\ Monitor_lto.o -Xlinker -dependency_info -Xlinker /Users/geraltgraham/Codes/CPUKiller/app-macos/build/DerivedData/Build/Intermediates.noindex/MacResourceMonitor.build/Release/MacResourceMonitor.build/Objects-normal/x86_64/Mac\ Resource\ Monitor_dependency_info.dat -fobjc-link-runtime -L/Applications/Xcode.app/Contents/Developer/Toolchains/XcodeDefault.xctoolchain/usr/lib/swift/macosx -L/usr/lib/swift -Xlinker -add_ast_path -Xlinker /Users/geraltgraham/Codes/CPUKiller/app-macos/build/DerivedData/Build/Intermediates.noindex/MacResourceMonitor.build/Release/MacResourceMonitor.build/Objects-normal/x86_64/MacResourceMonitor.swiftmodule @/Users/geraltgraham/Codes/CPUKiller/app-macos/build/DerivedData/Build/Intermediates.noindex/MacResourceMonitor.build/Release/MacResourceMonitor.build/Objects-normal/x86_64/MacResourceMonitor-linker-args.resp -Wl,-no_warn_duplicate_libraries -Wl,-no_warn_duplicate_libraries -Wl,-no_warn_duplicate_libraries -Wl,-no_warn_duplicate_libraries -Wl,-no_warn_duplicate_libraries -framework Sparkle -framework Sparkle -Xlinker -no_adhoc_codesign -o /Users/geraltgraham/Codes/CPUKiller/app-macos/build/DerivedData/Build/Intermediates.noindex/MacResourceMonitor.build/Release/MacResourceMonitor.build/Objects-normal/x86_64/Binary/Mac\ Resource\ Monitor -Xlinker -add_ast_path -Xlinker /Users/geraltgraham/Codes/CPUKiller/app-macos/build/DerivedData/Build/Intermediates.noindex/MacKit.build/Release/MacKitCore.build/Objects-normal/x86_64/MacKitCore.swiftmodule @/Users/geraltgraham/Codes/CPUKiller/app-macos/build/DerivedData/Build/Intermediates.noindex/MacKit.build/Release/MacKitCore.build/Objects-normal/x86_64/MacKitCore-linker-args.resp -Xlinker -add_ast_path -Xlinker /Users/geraltgraham/Codes/CPUKiller/app-macos/build/DerivedData/Build/Intermediates.noindex/MacKit.build/Release/MacKitLaunchAtLogin.build/Objects-normal/x86_64/MacKitLaunchAtLogin.swiftmodule @/Users/geraltgraham/Codes/CPUKiller/app-macos/build/DerivedData/Build/Intermediates.noindex/MacKit.build/Release/MacKitLaunchAtLogin.build/Objects-normal/x86_64/MacKitLaunchAtLogin-linker-args.resp -Xlinker -add_ast_path -Xlinker /Users/geraltgraham/Codes/CPUKiller/app-macos/build/DerivedData/Build/Intermediates.noindex/MacKit.build/Release/MacKitLifecycle.build/Objects-normal/x86_64/MacKitLifecycle.swiftmodule @/Users/geraltgraham/Codes/CPUKiller/app-macos/build/DerivedData/Build/Intermediates.noindex/MacKit.build/Release/MacKitLifecycle.build/Objects-normal/x86_64/MacKitLifecycle-linker-args.resp -Xlinker -add_ast_path -Xlinker /Users/geraltgraham/Codes/CPUKiller/app-macos/build/DerivedData/Build/Intermediates.noindex/MacKit.build/Release/MacKitOverlay.build/Objects-normal/x86_64/MacKitOverlay.swiftmodule @/Users/geraltgraham/Codes/CPUKiller/app-macos/build/DerivedData/Build/Intermediates.noindex/MacKit.build/Release/MacKitOverlay.build/Objects-normal/x86_64/MacKitOverlay-linker-args.resp -Xlinker -add_ast_path -Xlinker /Users/geraltgraham/Codes/CPUKiller/app-macos/build/DerivedData/Build/Intermediates.noindex/MacKit.build/Release/MacKitUpdater.build/Objects-normal/x86_64/MacKitUpdater.swiftmodule @/Users/geraltgraham/Codes/CPUKiller/app-macos/build/DerivedData/Build/Intermediates.noindex/MacKit.build/Release/MacKitUpdater.build/Objects-normal/x86_64/MacKitUpdater-linker-args.resp

CreateUniversalBinary /Users/geraltgraham/Codes/CPUKiller/app-macos/build/DerivedData/Build/Products/Release/Mac\ Resource\ Monitor.app/Contents/MacOS/Mac\ Resource\ Monitor normal arm64\ x86_64 (in target 'MacResourceMonitor' from project 'MacResourceMonitor')
    cd /Users/geraltgraham/Codes/CPUKiller/app-macos
    /Applications/Xcode.app/Contents/Developer/Toolchains/XcodeDefault.xctoolchain/usr/bin/lipo -create /Users/geraltgraham/Codes/CPUKiller/app-macos/build/DerivedData/Build/Intermediates.noindex/MacResourceMonitor.build/Release/MacResourceMonitor.build/Objects-normal/arm64/Binary/Mac\ Resource\ Monitor /Users/geraltgraham/Codes/CPUKiller/app-macos/build/DerivedData/Build/Intermediates.noindex/MacResourceMonitor.build/Release/MacResourceMonitor.build/Objects-normal/x86_64/Binary/Mac\ Resource\ Monitor -output /Users/geraltgraham/Codes/CPUKiller/app-macos/build/DerivedData/Build/Products/Release/Mac\ Resource\ Monitor.app/Contents/MacOS/Mac\ Resource\ Monitor

GenerateDSYMFile /Users/geraltgraham/Codes/CPUKiller/app-macos/build/DerivedData/Build/Products/Release/Mac\ Resource\ Monitor.app.dSYM /Users/geraltgraham/Codes/CPUKiller/app-macos/build/DerivedData/Build/Products/Release/Mac\ Resource\ Monitor.app/Contents/MacOS/Mac\ Resource\ Monitor (in target 'MacResourceMonitor' from project 'MacResourceMonitor')
    cd /Users/geraltgraham/Codes/CPUKiller/app-macos
    /Applications/Xcode.app/Contents/Developer/Toolchains/XcodeDefault.xctoolchain/usr/bin/dsymutil /Users/geraltgraham/Codes/CPUKiller/app-macos/build/DerivedData/Build/Products/Release/Mac\ Resource\ Monitor.app/Contents/MacOS/Mac\ Resource\ Monitor -o /Users/geraltgraham/Codes/CPUKiller/app-macos/build/DerivedData/Build/Products/Release/Mac\ Resource\ Monitor.app.dSYM

ExtractAppIntentsMetadata (in target 'MacResourceMonitor' from project 'MacResourceMonitor')
    cd /Users/geraltgraham/Codes/CPUKiller/app-macos
    /Applications/Xcode.app/Contents/Developer/Toolchains/XcodeDefault.xctoolchain/usr/bin/appintentsmetadataprocessor --toolchain-dir /var/run/com.apple.security.cryptexd/mnt/com.apple.MobileAsset.MetalToolchain-v17.3.519.0.Mve7GT/Metal.xctoolchain --module-name MacResourceMonitor --sdk-root /Applications/Xcode.app/Contents/Developer/Platforms/MacOSX.platform/Developer/SDKs/MacOSX26.2.sdk --xcode-version 17C519 --platform-family macOS --deployment-target 26.0 --bundle-identifier top.caozc.MacResourceMonitor --output /Users/geraltgraham/Codes/CPUKiller/app-macos/build/DerivedData/Build/Products/Release/Mac\ Resource\ Monitor.app/Contents/Resources --target-triple arm64-apple-macos26.0 --target-triple x86_64-apple-macos26.0 --binary-file /Users/geraltgraham/Codes/CPUKiller/app-macos/build/DerivedData/Build/Products/Release/Mac\ Resource\ Monitor.app/Contents/MacOS/Mac\ Resource\ Monitor --dependency-file /Users/geraltgraham/Codes/CPUKiller/app-macos/build/DerivedData/Build/Intermediates.noindex/MacResourceMonitor.build/Release/MacResourceMonitor.build/Objects-normal/arm64/Mac\ Resource\ Monitor_dependency_info.dat --dependency-file /Users/geraltgraham/Codes/CPUKiller/app-macos/build/DerivedData/Build/Intermediates.noindex/MacResourceMonitor.build/Release/MacResourceMonitor.build/Objects-normal/x86_64/Mac\ Resource\ Monitor_dependency_info.dat --stringsdata-file /Users/geraltgraham/Codes/CPUKiller/app-macos/build/DerivedData/Build/Intermediates.noindex/MacResourceMonitor.build/Release/MacResourceMonitor.build/Objects-normal/arm64/ExtractedAppShortcutsMetadata.stringsdata --stringsdata-file /Users/geraltgraham/Codes/CPUKiller/app-macos/build/DerivedData/Build/Intermediates.noindex/MacResourceMonitor.build/Release/MacResourceMonitor.build/Objects-normal/x86_64/ExtractedAppShortcutsMetadata.stringsdata --source-file-list /Users/geraltgraham/Codes/CPUKiller/app-macos/build/DerivedData/Build/Intermediates.noindex/MacResourceMonitor.build/Release/MacResourceMonitor.build/Objects-normal/arm64/Mac\ Resource\ Monitor.SwiftFileList --source-file-list /Users/geraltgraham/Codes/CPUKiller/app-macos/build/DerivedData/Build/Intermediates.noindex/MacResourceMonitor.build/Release/MacResourceMonitor.build/Objects-normal/x86_64/Mac\ Resource\ Monitor.SwiftFileList --metadata-file-list /Users/geraltgraham/Codes/CPUKiller/app-macos/build/DerivedData/Build/Intermediates.noindex/MacResourceMonitor.build/Release/MacResourceMonitor.build/Mac\ Resource\ Monitor.DependencyMetadataFileList --static-metadata-file-list /Users/geraltgraham/Codes/CPUKiller/app-macos/build/DerivedData/Build/Intermediates.noindex/MacResourceMonitor.build/Release/MacResourceMonitor.build/Mac\ Resource\ Monitor.DependencyStaticMetadataFileList --swift-const-vals-list /Users/geraltgraham/Codes/CPUKiller/app-macos/build/DerivedData/Build/Intermediates.noindex/MacResourceMonitor.build/Release/MacResourceMonitor.build/Objects-normal/arm64/Mac\ Resource\ Monitor.SwiftConstValuesFileList --swift-const-vals-list /Users/geraltgraham/Codes/CPUKiller/app-macos/build/DerivedData/Build/Intermediates.noindex/MacResourceMonitor.build/Release/MacResourceMonitor.build/Objects-normal/x86_64/Mac\ Resource\ Monitor.SwiftConstValuesFileList --compile-time-extraction --deployment-aware-processing --validate-assistant-intents --no-app-shortcuts-localization
2026-09-08 14:16:14.744 appintentsmetadataprocessor[98875:20958782] Starting appintentsmetadataprocessor export
2026-09-08 14:16:14.748 appintentsmetadataprocessor[98875:20958782] warning: Metadata extraction skipped. No AppIntents.framework dependency found.

CopySwiftLibs /Users/geraltgraham/Codes/CPUKiller/app-macos/build/DerivedData/Build/Products/Release/Mac\ Resource\ Monitor.app (in target 'MacResourceMonitor' from project 'MacResourceMonitor')
    cd /Users/geraltgraham/Codes/CPUKiller/app-macos
    builtin-swiftStdLibTool --copy --verbose --sign EF6CEF412676C14640AACB1ADDABE839D52AF6EE --Xcodesign --timestamp --scan-executable /Users/geraltgraham/Codes/CPUKiller/app-macos/build/DerivedData/Build/Products/Release/Mac\ Resource\ Monitor.app/Contents/MacOS/Mac\ Resource\ Monitor --scan-folder /Users/geraltgraham/Codes/CPUKiller/app-macos/build/DerivedData/Build/Products/Release/Mac\ Resource\ Monitor.app/Contents/Frameworks --scan-folder /Users/geraltgraham/Codes/CPUKiller/app-macos/build/DerivedData/Build/Products/Release/Mac\ Resource\ Monitor.app/Contents/PlugIns --scan-folder /Users/geraltgraham/Codes/CPUKiller/app-macos/build/DerivedData/Build/Products/Release/Mac\ Resource\ Monitor.app/Contents/Library/SystemExtensions --scan-folder /Users/geraltgraham/Codes/CPUKiller/app-macos/build/DerivedData/Build/Products/Release/Mac\ Resource\ Monitor.app/Contents/Extensions --platform macosx --toolchain /var/run/com.apple.security.cryptexd/mnt/com.apple.MobileAsset.MetalToolchain-v17.3.519.0.Mve7GT/Metal.xctoolchain --toolchain /Applications/Xcode.app/Contents/Developer/Toolchains/XcodeDefault.xctoolchain --destination /Users/geraltgraham/Codes/CPUKiller/app-macos/build/DerivedData/Build/Products/Release/Mac\ Resource\ Monitor.app/Contents/Frameworks --strip-bitcode --strip-bitcode-tool /Applications/Xcode.app/Contents/Developer/Toolchains/XcodeDefault.xctoolchain/usr/bin/bitcode_strip --emit-dependency-info /Users/geraltgraham/Codes/CPUKiller/app-macos/build/DerivedData/Build/Intermediates.noindex/MacResourceMonitor.build/Release/MacResourceMonitor.build/SwiftStdLibToolInputDependencies.dep --filter-for-swift-os

CodeSign /Users/geraltgraham/Codes/CPUKiller/app-macos/build/DerivedData/Build/Products/Release/Mac\ Resource\ Monitor.app (in target 'MacResourceMonitor' from project 'MacResourceMonitor')
    cd /Users/geraltgraham/Codes/CPUKiller/app-macos
    
    Signing Identity:     "Developer ID Application: Zhichao Cao (SHZQ3MWP3B)"
    
    /usr/bin/codesign --force --sign EF6CEF412676C14640AACB1ADDABE839D52AF6EE --timestamp -o runtime --entitlements /Users/geraltgraham/Codes/CPUKiller/app-macos/build/DerivedData/Build/Intermediates.noindex/MacResourceMonitor.build/Release/MacResourceMonitor.build/Mac\ Resource\ Monitor.app.xcent --requirements \=designated\ \=\>\ anchor\ apple\ generic\ \ and\ identifier\ \"\$self.identifier\"\ and\ \(\(cert\ leaf\[field.1.2.840.113635.100.6.1.9\]\ exists\)\ or\ \(\ certificate\ 1\[field.1.2.840.113635.100.6.2.6\]\ exists\ and\ certificate\ leaf\[field.1.2.840.113635.100.6.1.13\]\ exists\ \ and\ certificate\ leaf\[subject.OU\]\ \=\ \"SHZQ3MWP3B\"\ \)\) --generate-entitlement-der /Users/geraltgraham/Codes/CPUKiller/app-macos/build/DerivedData/Build/Products/Release/Mac\ Resource\ Monitor.app

RegisterExecutionPolicyException /Users/geraltgraham/Codes/CPUKiller/app-macos/build/DerivedData/Build/Products/Release/Mac\ Resource\ Monitor.app (in target 'MacResourceMonitor' from project 'MacResourceMonitor')
    cd /Users/geraltgraham/Codes/CPUKiller/app-macos
    builtin-RegisterExecutionPolicyException /Users/geraltgraham/Codes/CPUKiller/app-macos/build/DerivedData/Build/Products/Release/Mac\ Resource\ Monitor.app

Validate /Users/geraltgraham/Codes/CPUKiller/app-macos/build/DerivedData/Build/Products/Release/Mac\ Resource\ Monitor.app (in target 'MacResourceMonitor' from project 'MacResourceMonitor')
    cd /Users/geraltgraham/Codes/CPUKiller/app-macos
    builtin-validationUtility /Users/geraltgraham/Codes/CPUKiller/app-macos/build/DerivedData/Build/Products/Release/Mac\ Resource\ Monitor.app -no-validate-extension -infoplist-subpath Contents/Info.plist

Touch /Users/geraltgraham/Codes/CPUKiller/app-macos/build/DerivedData/Build/Products/Release/Mac\ Resource\ Monitor.app (in target 'MacResourceMonitor' from project 'MacResourceMonitor')
    cd /Users/geraltgraham/Codes/CPUKiller/app-macos
    /usr/bin/touch -c /Users/geraltgraham/Codes/CPUKiller/app-macos/build/DerivedData/Build/Products/Release/Mac\ Resource\ Monitor.app

RegisterWithLaunchServices /Users/geraltgraham/Codes/CPUKiller/app-macos/build/DerivedData/Build/Products/Release/Mac\ Resource\ Monitor.app (in target 'MacResourceMonitor' from project 'MacResourceMonitor')
    cd /Users/geraltgraham/Codes/CPUKiller/app-macos
    /System/Library/Frameworks/CoreServices.framework/Versions/Current/Frameworks/LaunchServices.framework/Versions/Current/Support/lsregister -f -R -trusted /Users/geraltgraham/Codes/CPUKiller/app-macos/build/DerivedData/Build/Products/Release/Mac\ Resource\ Monitor.app

** BUILD SUCCEEDED **


[1;34m▶ 重签 Sparkle 内嵌可执行文件（Updater / Autoupdate / XPC 服务）[0m
/Users/geraltgraham/Codes/CPUKiller/app-macos/build/DerivedData/Build/Products/Release/Mac Resource Monitor.app/Contents/Frameworks/Sparkle.framework/Versions/B/XPCServices/Downloader.xpc: replacing existing signature
/Users/geraltgraham/Codes/CPUKiller/app-macos/build/DerivedData/Build/Products/Release/Mac Resource Monitor.app/Contents/Frameworks/Sparkle.framework/Versions/B/XPCServices/Installer.xpc: replacing existing signature
/Users/geraltgraham/Codes/CPUKiller/app-macos/build/DerivedData/Build/Products/Release/Mac Resource Monitor.app/Contents/Frameworks/Sparkle.framework/Versions/B/Updater.app: replacing existing signature
/Users/geraltgraham/Codes/CPUKiller/app-macos/build/DerivedData/Build/Products/Release/Mac Resource Monitor.app/Contents/Frameworks/Sparkle.framework/Versions/B/Autoupdate: replacing existing signature
/Users/geraltgraham/Codes/CPUKiller/app-macos/build/DerivedData/Build/Products/Release/Mac Resource Monitor.app/Contents/Frameworks/Sparkle.framework: replacing existing signature
/Users/geraltgraham/Codes/CPUKiller/app-macos/build/DerivedData/Build/Products/Release/Mac Resource Monitor.app: replacing existing signature

[1;34m▶ 校验签名、加固运行时与权限清单[0m

[1;34m▶ 提交苹果公证（应用本体），通常 1-5 分钟[0m
提交编号：bb7c9961-7d32-47e7-b980-a1ad5f4e2f7f（苹果排队中，慢的时候可能要几十分钟）

公证通过（已等待约 0 分钟）

[1;34m▶ 把公证票据装订进应用[0m
Processing: /Users/geraltgraham/Codes/CPUKiller/app-macos/build/DerivedData/Build/Products/Release/Mac Resource Monitor.app
Processing: /Users/geraltgraham/Codes/CPUKiller/app-macos/build/DerivedData/Build/Products/Release/Mac Resource Monitor.app
The staple and validate action worked!

[1;34m▶ 生成 Sparkle 签名更新包与 appcast[0m

[1;34m▶ 打包 dmg[0m

[1;34m▶ 公证 dmg 并装订票据[0m
提交编号：153a771b-8357-4a53-8c72-dee7c60dac4b（苹果排队中，慢的时候可能要几十分钟）

公证通过（已等待约 0 分钟）
Processing: /Users/geraltgraham/Codes/CPUKiller/app-macos/build/Mac-Resource-Monitor-1.1.0.dmg
Processing: /Users/geraltgraham/Codes/CPUKiller/app-macos/build/Mac-Resource-Monitor-1.1.0.dmg
The staple and validate action worked!

[1;34m▶ 模拟首次打开做最终校验[0m
✓ 已产出可双击直接打开的 dmg：/Users/geraltgraham/Codes/CPUKiller/app-macos/build/Mac-Resource-Monitor-1.1.0.dmg

[1;34m▶ 提交改动并打 tag[0m
[main daca65c] chore: 发布 v1.1.0
 8 files changed, 1890 insertions(+), 4 deletions(-)
 create mode 100644 logs/publish-release-1.1.0-20260908-140858.log
 create mode 100644 logs/publish-release-1.1.0-20260908-141046.log
 create mode 100644 logs/publish-release-1.1.0-20260908-141126.log
 create mode 100644 logs/publish-release-1.1.0-20260908-141140.log
 create mode 100644 logs/publish-release-1.1.0-20260908-141513.log
 create mode 100644 logs/publish-release.logfile
leakgate: 发现 316 条非阻断提示（档位 private，未拦截本次 push）。完整报告可跑: python3 /Users/geraltgraham/.config/agentsync/scripts/leakgate/leakgate.py scan
To ssh://forgejo.caozc.top:2222/Max/MacResourceMonitor.git
   79bcea4..daca65c  main -> main
leakgate: 发现 400 条非阻断提示（档位 private，未拦截本次 push）。完整报告可跑: python3 /Users/geraltgraham/.config/agentsync/scripts/leakgate/leakgate.py scan
To ssh://forgejo.caozc.top:2222/Max/MacResourceMonitor.git
 * [new tag]         v1.1.0 -> v1.1.0

[1;34m▶ 把当前树快照推到 GitHub（不含私有开发史）[0m
